2026-07-28 00:12:12.218 [http-nio-8081-exec-30] INFO  com.knockfish.security.JwtAuthenticationFilter - === 请求路径: /api/article, 方法: POST
2026-07-28 00:12:12.357 [http-nio-8081-exec-30] DEBUG com.knockfish.security.JwtAuthenticationFilter - 用户 [knockfish] (ID:1) JWT 认证通过
2026-07-28 00:12:12.641 [http-nio-8081-exec-30] INFO  com.knockfish.aspect.LogAspect - [新增文章] 请求开始 - POST /api/article - ArticleController.createArticle - 参数: {"title":"Vue 项目性能优化手段","cover":"","description":"","content":"# 构建层面优化\n## Gzip / Brotli 压缩\n\n通过 `vite-plugin-compression` 插件对构建产物进行双重压缩，大幅减小文件体积\n```typescript\n// vite.config.ts\nimport viteCompression from 'vite-plugin-compression'\n\nplugins: [\n  // Gzip 压缩配置\n  viteCompression({\n    verbose: true,\n    disable: false,\n    algorithm: 'gzip',\n    ext: '.gz',\n    threshold: 1024,      // 大于 1KB 的文件才压缩\n    deleteOriginFile: false\n  }),\n\n  // Brotli 压缩配置（比 gzip 压缩率更高）\n  viteCompression({\n    verbose: true,\n    disable: false,\n    algorithm: 'brotliCompress',\n    ext: '.br',\n    threshold: 1024,\n    deleteOriginFile: false\n  })\n]\n```\n**优化效果**：静态资源体积减少 60%-80%，显著降低网络传输时间","status":"DRAFT","publishTime":null,"updateTime":null,"tags":[7,30],"fileIds":null,"userId":null}
2026-07-28 00:12:12.767 [http-nio-8081-exec-30] INFO  com.knockfish.service.impl.ArticleServiceImpl - 文章创建成功: articleId=54, title=Vue 项目性能优化手段
2026-07-28 00:12:12.779 [http-nio-8081-exec-30] INFO  com.knockfish.aspect.LogAspect - [新增文章] 请求成功 - 执行时间: 137ms - 返回结果: {"code":200,"msg":"请求成功","data":54}
2026-07-28 00:12:12.803 [http-nio-8081-exec-33] INFO  com.knockfish.security.JwtAuthenticationFilter - === 请求路径: /api/article/draft-count, 方法: GET
2026-07-28 00:12:12.835 [http-nio-8081-exec-33] DEBUG com.knockfish.security.JwtAuthenticationFilter - 用户 [knockfish] (ID:1) JWT 认证通过
2026-07-28 00:12:12.835 [http-nio-8081-exec-33] INFO  com.knockfish.aspect.LogAspect - [获取草稿数量] 请求开始 - GET /api/article/draft-count - ArticleController.getDraftCount - 参数: 无
2026-07-28 00:12:12.849 [http-nio-8081-exec-33] INFO  com.knockfish.aspect.LogAspect - [获取草稿数量] 请求成功 - 执行时间: 14ms
2026-07-28 00:12:18.221 [http-nio-8081-exec-14] INFO  com.knockfish.security.JwtAuthenticationFilter - === 请求路径: /api/article/draft-count, 方法: GET
2026-07-28 00:12:18.232 [http-nio-8081-exec-14] DEBUG com.knockfish.security.JwtAuthenticationFilter - 用户 [knockfish] (ID:1) JWT 认证通过
2026-07-28 00:12:18.232 [http-nio-8081-exec-14] INFO  com.knockfish.aspect.LogAspect - [获取草稿数量] 请求开始 - GET /api/article/draft-count - ArticleController.getDraftCount - 参数: 无
2026-07-28 00:12:18.234 [http-nio-8081-exec-14] INFO  com.knockfish.aspect.LogAspect - [获取草稿数量] 请求成功 - 执行时间: 2ms
2026-07-28 00:12:29.490 [http-nio-8081-exec-36] INFO  com.knockfish.security.JwtAuthenticationFilter - === 请求路径: /api/article/draft-count, 方法: GET
2026-07-28 00:12:29.510 [http-nio-8081-exec-36] DEBUG com.knockfish.security.JwtAuthenticationFilter - 用户 [knockfish] (ID:1) JWT 认证通过
2026-07-28 00:12:29.510 [http-nio-8081-exec-36] INFO  com.knockfish.aspect.LogAspect - [获取草稿数量] 请求开始 - GET /api/article/draft-count - ArticleController.getDraftCount - 参数: 无
2026-07-28 00:12:29.510 [http-nio-8081-exec-36] INFO  com.knockfish.aspect.LogAspect - [获取草稿数量] 请求成功 - 执行时间: 0ms
2026-07-28 00:19:44.239 [http-nio-8081-exec-37] INFO  com.knockfish.security.JwtAuthenticationFilter - === 请求路径: /api/article/draft-count, 方法: GET
2026-07-28 00:19:44.255 [http-nio-8081-exec-37] DEBUG com.knockfish.security.JwtAuthenticationFilter - 用户 [knockfish] (ID:1) JWT 认证通过
2026-07-28 00:19:44.255 [http-nio-8081-exec-37] INFO  com.knockfish.aspect.LogAspect - [获取草稿数量] 请求开始 - GET /api/article/draft-count - ArticleController.getDraftCount - 参数: 无
2026-07-28 00:19:44.255 [http-nio-8081-exec-37] INFO  com.knockfish.aspect.LogAspect - [获取草稿数量] 请求成功 - 执行时间: 0ms
2026-07-28 01:01:01.033 [http-nio-8081-exec-41] INFO  com.knockfish.security.JwtAuthenticationFilter - === 请求路径: /api/article/draft, 方法: GET
2026-07-28 01:01:01.095 [http-nio-8081-exec-41] DEBUG com.knockfish.security.JwtAuthenticationFilter - 用户 [knockfish] (ID:1) JWT 认证通过
2026-07-28 01:01:01.097 [http-nio-8081-exec-41] INFO  com.knockfish.aspect.LogAspect - [获取10条草稿] 请求开始 - GET /api/article/draft - ArticleController.getDraftByUserId - 参数: 无
2026-07-28 01:01:01.129 [http-nio-8081-exec-41] INFO  com.knockfish.aspect.LogAspect - [获取10条草稿] 请求成功 - 执行时间: 32ms
2026-07-28 01:01:02.267 [http-nio-8081-exec-40] INFO  com.knockfish.security.JwtAuthenticationFilter - === 请求路径: /api/article/with-tag/54, 方法: GET
2026-07-28 01:01:02.279 [http-nio-8081-exec-40] DEBUG com.knockfish.security.JwtAuthenticationFilter - 用户 [knockfish] (ID:1) JWT 认证通过
2026-07-28 01:01:02.296 [http-nio-8081-exec-40] INFO  com.knockfish.aspect.LogAspect - [获取文章详情(含标签)] 请求开始 - GET /api/article/with-tag/54 - ArticleController.getArticleWithTagsById - 参数: 54
2026-07-28 01:01:02.296 [http-nio-8081-exec-40] INFO  com.knockfish.aspect.LogAspect - [获取文章详情(含标签)] 请求成功 - 执行时间: 0ms
2026-07-28 01:02:07.026 [http-nio-8081-exec-44] INFO  com.knockfish.security.JwtAuthenticationFilter - === 请求路径: /api/article, 方法: PUT
2026-07-28 01:02:07.040 [http-nio-8081-exec-44] DEBUG com.knockfish.security.JwtAuthenticationFilter - 用户 [knockfish] (ID:1) JWT 认证通过
2026-07-28 01:02:07.056 [http-nio-8081-exec-44] INFO  com.knockfish.aspect.LogAspect - [更新文章] 请求开始 - PUT /api/article - ArticleController.updateArticle - 参数: {"articleId":54,"title":"Vue 项目性能优化手段","cover":"","description":"","content":"# 构建层面优化\n## Gzip / Brotli 压缩\n\n通过 `vite-plugin-compression` 插件对构建产物进行双重压缩，大幅减小文件体积\n```typescript\n// vite.config.ts\nimport viteCompression from 'vite-plugin-compression'\n\nplugins: [\n  // Gzip 压缩配置\n  viteCompression({\n    verbose: true,                  // 是否在控制台输出压缩结果\n    disable: false,                 // 是否禁用\n    algorithm: 'gzip',              // 压缩算法,可选 [ 'gzip' , 'brotliCompress' ,'deflate' , 'deflateRaw']\n    ext: '.gz',                     // 压缩后的文件名后缀\n    threshold: 10240,               // 只有大小大于该值的资源会被处理 10240B = 10KB\n    deleteOriginFile: false        // 压缩后是否删除原文件\n  }),\n\n  // Brotli 压缩配置\n  viteCompression({\n    verbose: true,\n    disable: false,\n    algorithm: 'brotliCompress',    // 使用 brotli 算法\n    ext: '.br',\n    threshold: 10240,\n    deleteOriginFile: false,\n  })\n]\n```\n**优化效果**：静态资源体积减少 60%-80%，显著降低网络传输时间","status":"DRAFT","publishTime":null,"updatedTime":"2026-07-28 00:12:13","fileIds":null,"tags":[7,30]}
2026-07-28 01:02:07.084 [http-nio-8081-exec-44] INFO  com.knockfish.service.impl.ArticleServiceImpl - 文章更新成功: articleId=54
2026-07-28 01:02:07.088 [http-nio-8081-exec-44] INFO  com.knockfish.aspect.LogAspect - [更新文章] 请求成功 - 执行时间: 32ms
2026-07-28 01:02:07.094 [http-nio-8081-exec-45] INFO  com.knockfish.security.JwtAuthenticationFilter - === 请求路径: /api/article/draft-count, 方法: GET
2026-07-28 01:02:07.104 [http-nio-8081-exec-45] DEBUG com.knockfish.security.JwtAuthenticationFilter - 用户 [knockfish] (ID:1) JWT 认证通过
2026-07-28 01:02:07.105 [http-nio-8081-exec-45] INFO  com.knockfish.aspect.LogAspect - [获取草稿数量] 请求开始 - GET /api/article/draft-count - ArticleController.getDraftCount - 参数: 无
2026-07-28 01:02:07.107 [http-nio-8081-exec-45] INFO  com.knockfish.aspect.LogAspect - [获取草稿数量] 请求成功 - 执行时间: 2ms
2026-07-28 01:15:38.834 [http-nio-8081-exec-19] INFO  com.knockfish.security.JwtAuthenticationFilter - === 请求路径: /api/article, 方法: PUT
2026-07-28 01:15:38.848 [http-nio-8081-exec-19] DEBUG com.knockfish.security.JwtAuthenticationFilter - 用户 [knockfish] (ID:1) JWT 认证通过
2026-07-28 01:15:38.848 [http-nio-8081-exec-19] INFO  com.knockfish.aspect.LogAspect - [更新文章] 请求开始 - PUT /api/article - ArticleController.updateArticle - 参数: {"articleId":54,"title":"Vue 项目性能优化手段","cover":"","description":"","content":"# 构建层面优化\n## Gzip / Brotli 压缩\n\n通过 `vite-plugin-compression` 插件对构建产物进行双重压缩，大幅减小文件体积\n```typescript\n// vite.config.ts\nimport viteCompression from 'vite-plugin-compression'\n\nplugins: [\n  // Gzip 压缩配置\n  viteCompression({\n    verbose: true,                  // 是否在控制台输出压缩结果\n    disable: false,                 // 是否禁用\n    algorithm: 'gzip',              // 压缩算法,可选 [ 'gzip' , 'brotliCompress' ,'deflate' , 'deflateRaw']\n    ext: '.gz',                     // 压缩后的文件名后缀\n    threshold: 10240,               // 只有大小大于该值的资源会被处理 10240B = 10KB\n    deleteOriginFile: false        // 压缩后是否删除原文件\n  }),\n\n  // Brotli 压缩配置\n  viteCompression({\n    verbose: true,\n    disable: false,\n    algorithm: 'brotliCompress',    // 使用 brotli 算法\n    ext: '.br',\n    threshold: 10240,\n    deleteOriginFile: false,\n  })\n]\n```\n**优化效果**：静态资源体积减少 60%-80%，显著降低网络传输时间\n## 代码分割（Code Splitting）\n代码分割是一种前端性能优化技术，它将一个庞大的应用代码包拆分成多个更小的、可以独立加载的代码块（Chunks）\n\n其核心思想是 “按需加载” ，即用户首次访问页面时，只加载当前功能所需的代码，其余代码在用户需要时，如切换路由、点击按钮才动态加载。能有效减少初始加载时间，提升应用的响应速度\n\n通过 `manualChunks` 将大型依赖库拆分为独立的 chunk，实现按需加载\n```typescript\n// vite.config.ts\nbuild: {\n  rollupOptions: {\n    output: {\n      manualChunks(id) {\n        // 将 Vue 核心生态打包到一起\n        if (id.includes('node_modules/vue') ||\n          id.includes('node_modules/vue-router') ||\n          id.includes('node_modules/pinia') ||\n          id.includes('node_modules/@vueuse')) {\n          return 'vue'\n        }\n        // Element Plus 单独打包\n        if (id.includes('node_modules/element-plus')) {\n          return 'elementPlus'\n        }\n        // ECharts 单独打包\n        if (id.includes('node_modules/echarts') ||\n          id.includes('node_modules/vue-echarts')) {\n          return 'echarts'\n        }\n        // xlsx 单独打包\n        if (id.includes('node_modules/xlsx')) {\n          return 'xlsx'\n        }\n        // lodash 单独打包\n        if (id.includes('node_modules/lodash')) {\n          return 'lodash'\n        }\n      }\n    }\n  }\n}\n```\n**优化效果**：首屏加载只需要加载核心 chunk，大型依赖库在需要时才加载\n##  Terser 压缩优化\n\n\n\n\n\n\n\n\n\n\n","status":"DRAFT","publishTime":null,"updatedTime":"2026-07-28 00:12:13","fileIds":null,"tags":[7,30]}
2026-07-28 01:15:38.865 [http-nio-8081-exec-19] INFO  com.knockfish.service.impl.ArticleServiceImpl - 文章更新成功: articleId=54
2026-07-28 01:15:38.865 [http-nio-8081-exec-19] INFO  com.knockfish.aspect.LogAspect - [更新文章] 请求成功 - 执行时间: 17ms
2026-07-28 01:15:38.882 [http-nio-8081-exec-50] INFO  com.knockfish.security.JwtAuthenticationFilter - === 请求路径: /api/article/draft-count, 方法: GET
2026-07-28 01:15:38.900 [http-nio-8081-exec-50] DEBUG com.knockfish.security.JwtAuthenticationFilter - 用户 [knockfish] (ID:1) JWT 认证通过
2026-07-28 01:15:38.913 [http-nio-8081-exec-50] INFO  com.knockfish.aspect.LogAspect - [获取草稿数量] 请求开始 - GET /api/article/draft-count - ArticleController.getDraftCount - 参数: 无
2026-07-28 01:15:38.916 [http-nio-8081-exec-50] INFO  com.knockfish.aspect.LogAspect - [获取草稿数量] 请求成功 - 执行时间: 2ms
2026-07-28 02:00:00.135 [scheduling-1] INFO  com.knockfish.scheduler.FileCleanupScheduler - ========== 文件资源定时清理任务开始 ==========
2026-07-28 02:00:00.140 [scheduling-1] INFO  c.knockfish.service.impl.FileReferenceServiceImpl - ========== 文件资源清理任务开始 ==========
2026-07-28 02:00:00.160 [scheduling-1] INFO  c.knockfish.service.impl.FileReferenceServiceImpl - 未发现需要清理的孤立文件，任务结束
2026-07-28 02:00:00.161 [scheduling-1] INFO  c.knockfish.service.impl.FileReferenceServiceImpl - ========== 文件资源清理任务结束 ==========
2026-07-28 02:04:55.603 [http-nio-8081-exec-3] INFO  com.knockfish.security.JwtAuthenticationFilter - === 请求路径: /api/article, 方法: PUT
2026-07-28 02:04:55.621 [http-nio-8081-exec-3] DEBUG com.knockfish.security.JwtAuthenticationFilter - 用户 [knockfish] (ID:1) JWT 认证通过
2026-07-28 02:04:55.626 [http-nio-8081-exec-3] INFO  com.knockfish.aspect.LogAspect - [更新文章] 请求开始 - PUT /api/article - ArticleController.updateArticle - 参数: {"articleId":54,"title":"Vue 项目性能优化手段","cover":"","description":"","content":"# 构建层面优化\n## Gzip / Brotli 压缩\n\n通过 `vite-plugin-compression` 插件对构建产物进行双重压缩，大幅减小文件体积\n```typescript\n// vite.config.ts\nimport viteCompression from 'vite-plugin-compression'\n\nplugins: [\n  // Gzip 压缩配置\n  viteCompression({\n    verbose: true,                  // 是否在控制台输出压缩结果\n    disable: false,                 // 是否禁用\n    algorithm: 'gzip',              // 压缩算法,可选 [ 'gzip' , 'brotliCompress' ,'deflate' , 'deflateRaw']\n    ext: '.gz',                     // 压缩后的文件名后缀\n    threshold: 10240,               // 只有大小大于该值的资源会被处理 10240B = 10KB\n    deleteOriginFile: false        // 压缩后是否删除原文件\n  }),\n\n  // Brotli 压缩配置\n  viteCompression({\n    verbose: true,\n    disable: false,\n    algorithm: 'brotliCompress',    // 使用 brotli 算法\n    ext: '.br',\n    threshold: 10240,\n    deleteOriginFile: false,\n  })\n]\n```\n**优化效果**：静态资源体积减少 60%-80%，显著降低网络传输时间\n## 代码分割（Code Splitting）\n代码分割是一种前端性能优化技术，它将一个庞大的应用代码包拆分成多个更小的、可以独立加载的代码块（Chunks）\n\n其核心思想是 “按需加载” ，即用户首次访问页面时，只加载当前功能所需的代码，其余代码在用户需要时，如切换路由、点击按钮才动态加载。能有效减少初始加载时间，提升应用的响应速度\n\n通过 `manualChunks` 将大型依赖库拆分为独立的 chunk，实现按需加载\n```typescript\n// vite.config.ts\nbuild: {\n  rollupOptions: {\n    output: {\n      manualChunks(id) {\n        // 将 Vue 核心生态打包到一起\n        if (id.includes('node_modules/vue') ||\n          id.includes('node_modules/vue-router') ||\n          id.includes('node_modules/pinia') ||\n          id.includes('node_modules/@vueuse')) {\n          return 'vue'\n        }\n        // Element Plus 单独打包\n        if (id.includes('node_modules/element-plus')) {\n          return 'elementPlus'\n        }\n        // ECharts 单独打包\n        if (id.includes('node_modules/echarts') ||\n          id.includes('node_modules/vue-echarts')) {\n          return 'echarts'\n        }\n        // xlsx 单独打包\n        if (id.includes('node_modules/xlsx')) {\n          return 'xlsx'\n        }\n        // lodash 单独打包\n        if (id.includes('node_modules/lodash')) {\n          return 'lodash'\n        }\n      }\n    }\n  }\n}\n```\n**优化效果**：首屏加载只需要加载核心 chunk，大型依赖库在需要时才加载\n## 压缩优化\nTerser 和 ESBuild 是前端工程中两个主流的 JavaScript 代码压缩工具，它们最核心的区别在于设计哲学的根本不同：Terser 追求极致的压缩率，而 ESBuild 追求极致的压缩速度\n\n**选择Terser的场景**\n1. 生产环境构建：当文件体积对用户体验至关重要时，Terser的压缩效果优势能够带来实际的性能提升\n2. 需要深度定制压缩规则：如果项目有特殊的压缩需求，Terser丰富的配置选项能更好地满足定制化需求\n3. 处理复杂代码库：对于使用了大量高级JavaScript特性的复杂项目，Terser的语法支持和代码分析能力更可靠\n\n**选择ESBuild的场景**\n1. 开发环境构建：在开发过程中，ESBuild的快速构建能力可以显著提升开发效率，缩短热更新等待时间\n2. CI/CD流水线：对于需要频繁构建的CI/CD流程，ESBuild可以大幅减少构建时间，提高迭代速度\n3. 对构建速度要求高的场景：如大型开源项目、频繁发布的产品等，ESBuild能有效降低构建成本\n\n```typescript\n// vite.config.ts\nbuild: {\n  target: 'es2020',\n  minify: isProduction ? 'terser' : 'esbuild',\n  terserOptions: {\n    compress: {\n      drop_console: isProduction,   // 生产环境移除 console\n      drop_debugger: isProduction,  // 生产环境移除 debugger\n      join_vars: true, // 合并连续的变量声明，减少代码行数\n      reduce_vars: true,  // 削减多余变量\n      dead_code: true // 移除无法访问的代码（如 if(false)）\n    }\n  }\n}\n```\n\n\n\n\n\n","status":"DRAFT","publishTime":null,"updatedTime":"2026-07-28 00:12:13","fileIds":null,"tags":[7,30]}
2026-07-28 02:04:55.639 [http-nio-8081-exec-3] INFO  com.knockfish.service.impl.ArticleServiceImpl - 文章更新成功: articleId=54
2026-07-28 02:04:55.646 [http-nio-8081-exec-3] INFO  com.knockfish.aspect.LogAspect - [更新文章] 请求成功 - 执行时间: 18ms
2026-07-28 02:04:55.655 [http-nio-8081-exec-4] INFO  com.knockfish.security.JwtAuthenticationFilter - === 请求路径: /api/article/draft-count, 方法: GET
2026-07-28 02:04:55.673 [http-nio-8081-exec-4] DEBUG com.knockfish.security.JwtAuthenticationFilter - 用户 [knockfish] (ID:1) JWT 认证通过
2026-07-28 02:04:55.676 [http-nio-8081-exec-4] INFO  com.knockfish.aspect.LogAspect - [获取草稿数量] 请求开始 - GET /api/article/draft-count - ArticleController.getDraftCount - 参数: 无
2026-07-28 02:04:55.681 [http-nio-8081-exec-4] INFO  com.knockfish.aspect.LogAspect - [获取草稿数量] 请求成功 - 执行时间: 5ms
2026-07-28 02:05:00.221 [http-nio-8081-exec-6] INFO  com.knockfish.security.JwtAuthenticationFilter - === 请求路径: /api/article/with-tag/54, 方法: GET
2026-07-28 02:05:00.234 [http-nio-8081-exec-6] DEBUG com.knockfish.security.JwtAuthenticationFilter - 用户 [knockfish] (ID:1) JWT 认证通过
2026-07-28 02:05:00.235 [http-nio-8081-exec-6] INFO  com.knockfish.aspect.LogAspect - [获取文章详情(含标签)] 请求开始 - GET /api/article/with-tag/54 - ArticleController.getArticleWithTagsById - 参数: 54
2026-07-28 02:05:00.241 [http-nio-8081-exec-6] INFO  com.knockfish.aspect.LogAspect - [获取文章详情(含标签)] 请求成功 - 执行时间: 5ms
2026-07-28 02:05:00.278 [http-nio-8081-exec-7] INFO  com.knockfish.security.JwtAuthenticationFilter - === 请求路径: /api/article/draft-count, 方法: GET
2026-07-28 02:05:00.292 [http-nio-8081-exec-7] DEBUG com.knockfish.security.JwtAuthenticationFilter - 用户 [knockfish] (ID:1) JWT 认证通过
2026-07-28 02:05:00.293 [http-nio-8081-exec-7] INFO  com.knockfish.aspect.LogAspect - [获取草稿数量] 请求开始 - GET /api/article/draft-count - ArticleController.getDraftCount - 参数: 无
2026-07-28 02:05:00.295 [http-nio-8081-exec-7] INFO  com.knockfish.aspect.LogAspect - [获取草稿数量] 请求成功 - 执行时间: 2ms
2026-07-28 02:16:00.639 [http-nio-8081-exec-22] INFO  com.knockfish.security.JwtAuthenticationFilter - === 请求路径: /api/article, 方法: PUT
2026-07-28 02:16:00.653 [http-nio-8081-exec-22] DEBUG com.knockfish.security.JwtAuthenticationFilter - 用户 [knockfish] (ID:1) JWT 认证通过
2026-07-28 02:16:00.655 [http-nio-8081-exec-22] INFO  com.knockfish.aspect.LogAspect - [更新文章] 请求开始 - PUT /api/article - ArticleController.updateArticle - 参数: {"articleId":54,"title":"Vue 项目性能优化手段","cover":"","description":"","content":"# 构建层面优化\n## Gzip / Brotli 压缩\n\n通过 `vite-plugin-compression` 插件对构建产物进行双重压缩，大幅减小文件体积\n```typescript\n// vite.config.ts\nimport viteCompression from 'vite-plugin-compression'\n\nplugins: [\n  // Gzip 压缩配置\n  viteCompression({\n    verbose: true,                  // 是否在控制台输出压缩结果\n    disable: false,                 // 是否禁用\n    algorithm: 'gzip',              // 压缩算法,可选 [ 'gzip' , 'brotliCompress' ,'deflate' , 'deflateRaw']\n    ext: '.gz',                     // 压缩后的文件名后缀\n    threshold: 10240,               // 只有大小大于该值的资源会被处理 10240B = 10KB\n    deleteOriginFile: false        // 压缩后是否删除原文件\n  }),\n\n  // Brotli 压缩配置\n  viteCompression({\n    verbose: true,\n    disable: false,\n    algorithm: 'brotliCompress',    // 使用 brotli 算法\n    ext: '.br',\n    threshold: 10240,\n    deleteOriginFile: false,\n  })\n]\n```\n**优化效果**：静态资源体积减少 60%-80%，显著降低网络传输时间\n## 代码分割（Code Splitting）\n代码分割是一种前端性能优化技术，它将一个庞大的应用代码包拆分成多个更小的、可以独立加载的代码块（Chunks）\n\n其核心思想是 “按需加载” ，即用户首次访问页面时，只加载当前功能所需的代码，其余代码在用户需要时，如切换路由、点击按钮才动态加载。能有效减少初始加载时间，提升应用的响应速度\n\n通过 `manualChunks` 将大型依赖库拆分为独立的 chunk，实现按需加载\n```typescript\n// vite.config.ts\nbuild: {\n  rollupOptions: {\n    output: {\n      manualChunks(id) {\n        // 将 Vue 核心生态打包到一起\n        if (id.includes('node_modules/vue') ||\n          id.includes('node_modules/vue-router') ||\n          id.includes('node_modules/pinia') ||\n          id.includes('node_modules/@vueuse')) {\n          return 'vue'\n        }\n        // Element Plus 单独打包\n        if (id.includes('node_modules/element-plus')) {\n          return 'elementPlus'\n        }\n        // ECharts 单独打包\n        if (id.includes('node_modules/echarts') ||\n          id.includes('node_modules/vue-echarts')) {\n          return 'echarts'\n        }\n        // xlsx 单独打包\n        if (id.includes('node_modules/xlsx')) {\n          return 'xlsx'\n        }\n        // lodash 单独打包\n        if (id.includes('node_modules/lodash')) {\n          return 'lodash'\n        }\n      }\n    }\n  }\n}\n```\n**优化效果**：首屏加载只需要加载核心 chunk，大型依赖库在需要时才加载\n## 压缩优化\nTerser 和 ESBuild 是前端工程中两个主流的 JavaScript 代码压缩工具，它们最核心的区别在于设计哲学的根本不同：Terser 追求极致的压缩率，而 ESBuild 追求极致的压缩速度\n\n**选择Terser的场景**\n1. 生产环境构建：当文件体积对用户体验至关重要时，Terser的压缩效果优势能够带来实际的性能提升\n2. 需要深度定制压缩规则：如果项目有特殊的压缩需求，Terser丰富的配置选项能更好地满足定制化需求\n3. 处理复杂代码库：对于使用了大量高级JavaScript特性的复杂项目，Terser的语法支持和代码分析能力更可靠\n\n**选择ESBuild的场景**\n1. 开发环境构建：在开发过程中，ESBuild的快速构建能力可以显著提升开发效率，缩短热更新等待时间\n2. CI/CD流水线：对于需要频繁构建的CI/CD流程，ESBuild可以大幅减少构建时间，提高迭代速度\n3. 对构建速度要求高的场景：如大型开源项目、频繁发布的产品等，ESBuild能有效降低构建成本\n\n```typescript\n// vite.config.ts\nbuild: {\n  target: 'es2020',\n  minify: isProduction ? 'terser' : 'esbuild',\n  terserOptions: {\n    compress: {\n      drop_console: isProduction,   // 生产环境移除 console\n      drop_debugger: isProduction,  // 生产环境移除 debugger\n      join_vars: true, // 合并连续的变量声明，减少代码行数\n      reduce_vars: true,  // 削减多余变量\n      dead_code: true // 移除无法访问的代码（如 if(false)）\n    }\n  }\n}\n```\n# 依赖预构建\n\nVite 在开发模式下会执行依赖预构建：将 CommonJS/UMD 格式第三方包转成浏览器原生支持的 ESM，同时合并碎片化文件，减少浏览器请求。预构建产物缓存至 node_modules/.vite，提升服务冷启动与页面首次加载速度\n\n通过 `optimizeDeps` 配置，提前对核心依赖进行预构建，加快冷启动速度\n```typescript\n// vite.config.ts\noptimizeDeps: {\n  include: [\n    'vue',\n    'vue-router',\n    'pinia',\n    'axios',\n    '@vueuse/core'\n  ],\n  exclude: ['echarts', 'xlsx']  // 排除大型库，按需加载\n}\n```\n\n\n","status":"DRAFT","publishTime":null,"updatedTime":"2026-07-28 02:04:56","fileIds":null,"tags":[7,30]}
2026-07-28 02:16:00.669 [http-nio-8081-exec-22] INFO  com.knockfish.service.impl.ArticleServiceImpl - 文章更新成功: articleId=54
2026-07-28 02:16:00.674 [http-nio-8081-exec-22] INFO  com.knockfish.aspect.LogAspect - [更新文章] 请求成功 - 执行时间: 18ms
2026-07-28 02:16:00.690 [http-nio-8081-exec-28] INFO  com.knockfish.security.JwtAuthenticationFilter - === 请求路径: /api/article/draft-count, 方法: GET
2026-07-28 02:16:00.708 [http-nio-8081-exec-28] DEBUG com.knockfish.security.JwtAuthenticationFilter - 用户 [knockfish] (ID:1) JWT 认证通过
2026-07-28 02:16:00.709 [http-nio-8081-exec-28] INFO  com.knockfish.aspect.LogAspect - [获取草稿数量] 请求开始 - GET /api/article/draft-count - ArticleController.getDraftCount - 参数: 无
2026-07-28 02:16:00.711 [http-nio-8081-exec-28] INFO  com.knockfish.aspect.LogAspect - [获取草稿数量] 请求成功 - 执行时间: 2ms
2026-07-28 02:31:19.596 [http-nio-8081-exec-13] INFO  com.knockfish.security.JwtAuthenticationFilter - === 请求路径: /api/article/with-tag/54, 方法: GET
2026-07-28 02:31:20.190 [http-nio-8081-exec-13] DEBUG com.knockfish.security.JwtAuthenticationFilter - 用户 [knockfish] (ID:1) JWT 认证通过
2026-07-28 02:31:20.191 [http-nio-8081-exec-13] INFO  com.knockfish.aspect.LogAspect - [获取文章详情(含标签)] 请求开始 - GET /api/article/with-tag/54 - ArticleController.getArticleWithTagsById - 参数: 54
2026-07-28 02:31:20.197 [http-nio-8081-exec-13] INFO  com.knockfish.aspect.LogAspect - [获取文章详情(含标签)] 请求成功 - 执行时间: 5ms
2026-07-28 02:31:20.384 [http-nio-8081-exec-34] INFO  com.knockfish.security.JwtAuthenticationFilter - === 请求路径: /api/article/draft-count, 方法: GET
2026-07-28 02:31:20.533 [http-nio-8081-exec-34] DEBUG com.knockfish.security.JwtAuthenticationFilter - 用户 [knockfish] (ID:1) JWT 认证通过
2026-07-28 02:31:20.533 [http-nio-8081-exec-34] INFO  com.knockfish.aspect.LogAspect - [获取草稿数量] 请求开始 - GET /api/article/draft-count - ArticleController.getDraftCount - 参数: 无
2026-07-28 02:31:20.537 [http-nio-8081-exec-34] INFO  com.knockfish.aspect.LogAspect - [获取草稿数量] 请求成功 - 执行时间: 3ms
2026-07-28 02:34:38.250 [http-nio-8081-exec-15] INFO  com.knockfish.security.JwtAuthenticationFilter - === 请求路径: /api/article, 方法: PUT
2026-07-28 02:34:38.819 [http-nio-8081-exec-15] DEBUG com.knockfish.security.JwtAuthenticationFilter - 用户 [knockfish] (ID:1) JWT 认证通过
2026-07-28 02:34:38.821 [http-nio-8081-exec-15] INFO  com.knockfish.aspect.LogAspect - [更新文章] 请求开始 - PUT /api/article - ArticleController.updateArticle - 参数: {"articleId":54,"title":"Vue 项目性能优化手段","cover":"","description":"","content":"# 构建层面优化\n## Gzip / Brotli 压缩\n\n通过 `vite-plugin-compression` 插件对构建产物进行双重压缩，大幅减小文件体积\n```typescript\n// vite.config.ts\nimport viteCompression from 'vite-plugin-compression'\n\nplugins: [\n  // Gzip 压缩配置\n  viteCompression({\n    verbose: true,                  // 是否在控制台输出压缩结果\n    disable: false,                 // 是否禁用\n    algorithm: 'gzip',              // 压缩算法,可选 [ 'gzip' , 'brotliCompress' ,'deflate' , 'deflateRaw']\n    ext: '.gz',                     // 压缩后的文件名后缀\n    threshold: 10240,               // 只有大小大于该值的资源会被处理 10240B = 10KB\n    deleteOriginFile: false        // 压缩后是否删除原文件\n  }),\n\n  // Brotli 压缩配置\n  viteCompression({\n    verbose: true,\n    disable: false,\n    algorithm: 'brotliCompress',    // 使用 brotli 算法\n    ext: '.br',\n    threshold: 10240,\n    deleteOriginFile: false,\n  })\n]\n```\n**优化效果**：静态资源体积减少 60%-80%，显著降低网络传输时间\n## 代码分割（Code Splitting）\n代码分割是一种前端性能优化技术，它将一个庞大的应用代码包拆分成多个更小的、可以独立加载的代码块（Chunks）\n\n其核心思想是 “按需加载” ，即用户首次访问页面时，只加载当前功能所需的代码，其余代码在用户需要时，如切换路由、点击按钮才动态加载。能有效减少初始加载时间，提升应用的响应速度\n\n通过 `manualChunks` 将大型依赖库拆分为独立的 chunk，实现按需加载\n```typescript\n// vite.config.ts\nbuild: {\n  rollupOptions: {\n    output: {\n      manualChunks(id) {\n        // 将 Vue 核心生态打包到一起\n        if (id.includes('node_modules/vue') ||\n          id.includes('node_modules/vue-router') ||\n          id.includes('node_modules/pinia') ||\n          id.includes('node_modules/@vueuse')) {\n          return 'vue'\n        }\n        // Element Plus 单独打包\n        if (id.includes('node_modules/element-plus')) {\n          return 'elementPlus'\n        }\n        // ECharts 单独打包\n        if (id.includes('node_modules/echarts') ||\n          id.includes('node_modules/vue-echarts')) {\n          return 'echarts'\n        }\n        // xlsx 单独打包\n        if (id.includes('node_modules/xlsx')) {\n          return 'xlsx'\n        }\n        // lodash 单独打包\n        if (id.includes('node_modules/lodash')) {\n          return 'lodash'\n        }\n      }\n    }\n  }\n}\n```\n**优化效果**：首屏加载只需要加载核心 chunk，大型依赖库在需要时才加载\n## 压缩优化\nTerser 和 ESBuild 是前端工程中两个主流的 JavaScript 代码压缩工具，它们最核心的区别在于设计哲学的根本不同：Terser 追求极致的压缩率，而 ESBuild 追求极致的压缩速度\n\n**选择Terser的场景**\n1. 生产环境构建：当文件体积对用户体验至关重要时，Terser的压缩效果优势能够带来实际的性能提升\n2. 需要深度定制压缩规则：如果项目有特殊的压缩需求，Terser丰富的配置选项能更好地满足定制化需求\n3. 处理复杂代码库：对于使用了大量高级JavaScript特性的复杂项目，Terser的语法支持和代码分析能力更可靠\n\n**选择ESBuild的场景**\n1. 开发环境构建：在开发过程中，ESBuild的快速构建能力可以显著提升开发效率，缩短热更新等待时间\n2. CI/CD流水线：对于需要频繁构建的CI/CD流程，ESBuild可以大幅减少构建时间，提高迭代速度\n3. 对构建速度要求高的场景：如大型开源项目、频繁发布的产品等，ESBuild能有效降低构建成本\n\n```typescript\n// vite.config.ts\nbuild: {\n  target: 'es2020',\n  minify: isProduction ? 'terser' : 'esbuild',\n  terserOptions: {\n    compress: {\n      drop_console: isProduction,   // 生产环境移除 console\n      drop_debugger: isProduction,  // 生产环境移除 debugger\n      join_vars: true, // 合并连续的变量声明，减少代码行数\n      reduce_vars: true,  // 削减多余变量\n      dead_code: true // 移除无法访问的代码（如 if(false)）\n    }\n  }\n}\n```\n## 依赖预构建\n\nVite 在开发模式下会执行依赖预构建：将 CommonJS/UMD 格式第三方包转成浏览器原生支持的 ESM，同时合并碎片化文件，减少浏览器请求。预构建产物缓存至 node_modules/.vite，提升服务冷启动与页面首次加载速度\n\n通过 `optimizeDeps` 配置，提前对核心依赖进行预构建，加快冷启动速度\n```typescript\n// vite.config.ts\noptimizeDeps: {\n  include: [\n    'vue',\n    'vue-router',\n    'pinia',\n    'axios',\n    '@vueuse/core'\n  ],\n  exclude: ['echarts', 'xlsx']  // 排除大型库，按需加载\n}\n```\n## 资源内联阈值\n将小于 4KB 的资源内联为 Base64，减少 HTTP 请求次数\n```typescript\n// vite.config.ts\nbuild: {\n  assetsInlineLimit: 4096,  // 小于 4KB 的资源内联\n  cssCodeSplit: true        // CSS 代码分割\n}\n```\n# 路由层面优化\n\n","status":"DRAFT","publishTime":null,"updatedTime":"2026-07-28 02:16:01","fileIds":null,"tags":[7,30]}
2026-07-28 02:34:39.183 [http-nio-8081-exec-15] INFO  com.knockfish.service.impl.ArticleServiceImpl - 文章更新成功: articleId=54
2026-07-28 02:34:39.491 [http-nio-8081-exec-15] INFO  com.knockfish.aspect.LogAspect - [更新文章] 请求成功 - 执行时间: 602ms
2026-07-28 02:34:39.709 [http-nio-8081-exec-43] INFO  com.knockfish.security.JwtAuthenticationFilter - === 请求路径: /api/article/draft-count, 方法: GET
2026-07-28 02:34:40.348 [http-nio-8081-exec-43] DEBUG com.knockfish.security.JwtAuthenticationFilter - 用户 [knockfish] (ID:1) JWT 认证通过
2026-07-28 02:34:40.349 [http-nio-8081-exec-43] INFO  com.knockfish.aspect.LogAspect - [获取草稿数量] 请求开始 - GET /api/article/draft-count - ArticleController.getDraftCount - 参数: 无
2026-07-28 02:34:40.350 [http-nio-8081-exec-43] INFO  com.knockfish.aspect.LogAspect - [获取草稿数量] 请求成功 - 执行时间: 1ms
2026-07-28 02:36:04.803 [SpringApplicationShutdownHook] INFO  com.zaxxer.hikari.HikariDataSource - KnockfishHikariCP - Shutdown initiated...
2026-07-28 02:36:04.803 [SpringApplicationShutdownHook] INFO  com.zaxxer.hikari.HikariDataSource - KnockfishHikariCP - Shutdown completed.
2026-07-28 13:35:37.438 [background-preinit] INFO  org.hibernate.validator.internal.util.Version - HV000001: Hibernate Validator 8.0.3.Final
2026-07-28 13:35:37.540 [main] INFO  com.knockfish.KnockfishBlogBackendApplication - Starting KnockfishBlogBackendApplication using Java 17.0.9 with PID 14768 (E:\fish_blog\knockfish-blog-backend\target\classes started by DELL in E:\fish_blog\knockfish-blog-backend)
2026-07-28 13:35:37.541 [main] DEBUG com.knockfish.KnockfishBlogBackendApplication - Running with Spring Boot v3.5.13, Spring v6.2.17
2026-07-28 13:35:37.542 [main] INFO  com.knockfish.KnockfishBlogBackendApplication - No active profile set, falling back to 1 default profile: "default"
2026-07-28 13:35:40.701 [main] INFO  org.apache.coyote.http11.Http11NioProtocol - Initializing ProtocolHandler ["http-nio-8081"]
2026-07-28 13:35:40.702 [main] INFO  org.apache.catalina.core.StandardService - Starting service [Tomcat]
2026-07-28 13:35:40.703 [main] INFO  org.apache.catalina.core.StandardEngine - Starting Servlet engine: [Apache Tomcat/10.1.53]
2026-07-28 13:35:40.798 [main] INFO  o.a.c.core.ContainerBase.[Tomcat].[localhost].[/] - Initializing Spring embedded WebApplicationContext
2026-07-28 13:35:41.960 [main] DEBUG com.knockfish.security.JwtAuthenticationFilter - Filter 'jwtAuthenticationFilter' configured for use
2026-07-28 13:35:45.111 [main] INFO  org.apache.coyote.http11.Http11NioProtocol - Starting ProtocolHandler ["http-nio-8081"]
2026-07-28 13:35:45.265 [main] INFO  com.knockfish.KnockfishBlogBackendApplication - Started KnockfishBlogBackendApplication in 8.886 seconds (process running for 10.657)
2026-07-28 13:37:15.076 [http-nio-8081-exec-5] INFO  o.a.c.core.ContainerBase.[Tomcat].[localhost].[/] - Initializing Spring DispatcherServlet 'dispatcherServlet'
2026-07-28 13:37:15.283 [http-nio-8081-exec-2] INFO  com.knockfish.security.JwtAuthenticationFilter - === 请求路径: /api/dashboard/category-stats, 方法: GET
2026-07-28 13:37:15.283 [http-nio-8081-exec-6] INFO  com.knockfish.security.JwtAuthenticationFilter - === 请求路径: /api/dashboard/article-trend, 方法: GET
2026-07-28 13:37:15.283 [http-nio-8081-exec-3] INFO  com.knockfish.security.JwtAuthenticationFilter - === 请求路径: /api/dashboard/activities, 方法: GET
2026-07-28 13:37:15.288 [http-nio-8081-exec-9] INFO  com.knockfish.security.JwtAuthenticationFilter - === 请求路径: /api/dashboard/overview, 方法: GET
2026-07-28 13:37:15.516 [http-nio-8081-exec-3] INFO  com.zaxxer.hikari.HikariDataSource - KnockfishHikariCP - Starting...
2026-07-28 13:37:16.215 [http-nio-8081-exec-3] INFO  com.zaxxer.hikari.pool.HikariPool - KnockfishHikariCP - Added connection com.mysql.cj.jdbc.ConnectionImpl@726d392e
2026-07-28 13:37:16.219 [http-nio-8081-exec-3] INFO  com.zaxxer.hikari.HikariDataSource - KnockfishHikariCP - Start completed.
2026-07-28 13:37:16.614 [http-nio-8081-exec-3] DEBUG com.knockfish.security.JwtAuthenticationFilter - 用户 [knockfish] (ID:1) JWT 认证通过
2026-07-28 13:37:16.614 [http-nio-8081-exec-6] DEBUG com.knockfish.security.JwtAuthenticationFilter - 用户 [knockfish] (ID:1) JWT 认证通过
2026-07-28 13:37:16.621 [http-nio-8081-exec-2] DEBUG com.knockfish.security.JwtAuthenticationFilter - 用户 [knockfish] (ID:1) JWT 认证通过
2026-07-28 13:37:16.628 [http-nio-8081-exec-9] DEBUG com.knockfish.security.JwtAuthenticationFilter - 用户 [knockfish] (ID:1) JWT 认证通过
2026-07-28 13:37:16.674 [http-nio-8081-exec-2] INFO  com.knockfish.aspect.LogAspect - [获取文章分类统计] 请求开始 - GET /api/dashboard/category-stats - DashboardController.getCategoryStats - 参数: 无
2026-07-28 13:37:16.674 [http-nio-8081-exec-9] INFO  com.knockfish.aspect.LogAspect - [获取仪表盘概览] 请求开始 - GET /api/dashboard/overview - DashboardController.getOverview - 参数: 无
2026-07-28 13:37:16.726 [http-nio-8081-exec-2] INFO  com.knockfish.aspect.LogAspect - [获取文章分类统计] 请求成功 - 执行时间: 52ms
2026-07-28 13:37:16.743 [http-nio-8081-exec-6] INFO  com.knockfish.aspect.LogAspect - [获取文章发布趋势] 请求开始 - GET /api/dashboard/article-trend - DashboardController.getArticleTrend - 参数: "monthly", null
2026-07-28 13:37:16.754 [http-nio-8081-exec-3] INFO  com.knockfish.aspect.LogAspect - [获取最近动态] 请求开始 - GET /api/dashboard/activities - DashboardController.getActivities - 参数: 10
2026-07-28 13:37:16.809 [http-nio-8081-exec-3] INFO  com.knockfish.aspect.LogAspect - [获取最近动态] 请求成功 - 执行时间: 55ms
2026-07-28 13:37:16.812 [http-nio-8081-exec-6] INFO  com.knockfish.aspect.LogAspect - [获取文章发布趋势] 请求成功 - 执行时间: 63ms
2026-07-28 13:37:17.031 [http-nio-8081-exec-9] INFO  com.knockfish.aspect.LogAspect - [获取仪表盘概览] 请求成功 - 执行时间: 356ms
2026-07-28 13:37:20.018 [http-nio-8081-exec-7] INFO  com.knockfish.security.JwtAuthenticationFilter - === 请求路径: /api/dashboard/overview, 方法: GET
2026-07-28 13:37:20.019 [http-nio-8081-exec-10] INFO  com.knockfish.security.JwtAuthenticationFilter - === 请求路径: /api/dashboard/article-trend, 方法: GET
2026-07-28 13:37:20.038 [http-nio-8081-exec-10] DEBUG com.knockfish.security.JwtAuthenticationFilter - 用户 [knockfish] (ID:1) JWT 认证通过
2026-07-28 13:37:20.038 [http-nio-8081-exec-7] DEBUG com.knockfish.security.JwtAuthenticationFilter - 用户 [knockfish] (ID:1) JWT 认证通过
2026-07-28 13:37:20.038 [http-nio-8081-exec-11] INFO  com.knockfish.security.JwtAuthenticationFilter - === 请求路径: /api/dashboard/activities, 方法: GET
2026-07-28 13:37:20.039 [http-nio-8081-exec-7] INFO  com.knockfish.aspect.LogAspect - [获取仪表盘概览] 请求开始 - GET /api/dashboard/overview - DashboardController.getOverview - 参数: 无
2026-07-28 13:37:20.039 [http-nio-8081-exec-10] INFO  com.knockfish.aspect.LogAspect - [获取文章发布趋势] 请求开始 - GET /api/dashboard/article-trend - DashboardController.getArticleTrend - 参数: "monthly", null
2026-07-28 13:37:20.043 [http-nio-8081-exec-13] INFO  com.knockfish.security.JwtAuthenticationFilter - === 请求路径: /api/dashboard/category-stats, 方法: GET
2026-07-28 13:37:20.044 [http-nio-8081-exec-10] INFO  com.knockfish.aspect.LogAspect - [获取文章发布趋势] 请求成功 - 执行时间: 4ms
2026-07-28 13:37:20.060 [http-nio-8081-exec-11] DEBUG com.knockfish.security.JwtAuthenticationFilter - 用户 [knockfish] (ID:1) JWT 认证通过
2026-07-28 13:37:20.061 [http-nio-8081-exec-11] INFO  com.knockfish.aspect.LogAspect - [获取最近动态] 请求开始 - GET /api/dashboard/activities - DashboardController.getActivities - 参数: 10
2026-07-28 13:37:20.062 [http-nio-8081-exec-13] DEBUG com.knockfish.security.JwtAuthenticationFilter - 用户 [knockfish] (ID:1) JWT 认证通过
2026-07-28 13:37:20.063 [http-nio-8081-exec-13] INFO  com.knockfish.aspect.LogAspect - [获取文章分类统计] 请求开始 - GET /api/dashboard/category-stats - DashboardController.getCategoryStats - 参数: 无
2026-07-28 13:37:20.067 [http-nio-8081-exec-13] INFO  com.knockfish.aspect.LogAspect - [获取文章分类统计] 请求成功 - 执行时间: 3ms
2026-07-28 13:37:20.069 [http-nio-8081-exec-11] INFO  com.knockfish.aspect.LogAspect - [获取最近动态] 请求成功 - 执行时间: 7ms
2026-07-28 13:37:20.203 [http-nio-8081-exec-7] INFO  com.knockfish.aspect.LogAspect - [获取仪表盘概览] 请求成功 - 执行时间: 163ms
2026-07-28 13:51:53.770 [http-nio-8081-exec-18] INFO  com.knockfish.security.JwtAuthenticationFilter - === 请求路径: /api/dashboard/article-trend, 方法: GET
2026-07-28 13:51:53.770 [http-nio-8081-exec-17] INFO  com.knockfish.security.JwtAuthenticationFilter - === 请求路径: /api/dashboard/overview, 方法: GET
2026-07-28 13:51:53.843 [http-nio-8081-exec-20] INFO  com.knockfish.security.JwtAuthenticationFilter - === 请求路径: /api/dashboard/category-stats, 方法: GET
2026-07-28 13:51:53.844 [http-nio-8081-exec-19] INFO  com.knockfish.security.JwtAuthenticationFilter - === 请求路径: /api/dashboard/activities, 方法: GET
2026-07-28 13:51:53.936 [http-nio-8081-exec-17] DEBUG com.knockfish.security.JwtAuthenticationFilter - 用户 [knockfish] (ID:1) JWT 认证通过
2026-07-28 13:51:53.937 [http-nio-8081-exec-19] DEBUG com.knockfish.security.JwtAuthenticationFilter - 用户 [knockfish] (ID:1) JWT 认证通过
2026-07-28 13:51:53.938 [http-nio-8081-exec-19] INFO  com.knockfish.aspect.LogAspect - [获取最近动态] 请求开始 - GET /api/dashboard/activities - DashboardController.getActivities - 参数: 10
2026-07-28 13:51:53.938 [http-nio-8081-exec-17] INFO  com.knockfish.aspect.LogAspect - [获取仪表盘概览] 请求开始 - GET /api/dashboard/overview - DashboardController.getOverview - 参数: 无
2026-07-28 13:51:53.942 [http-nio-8081-exec-19] INFO  com.knockfish.aspect.LogAspect - [获取最近动态] 请求成功 - 执行时间: 3ms
2026-07-28 13:51:53.947 [http-nio-8081-exec-20] DEBUG com.knockfish.security.JwtAuthenticationFilter - 用户 [knockfish] (ID:1) JWT 认证通过
2026-07-28 13:51:53.949 [http-nio-8081-exec-20] INFO  com.knockfish.aspect.LogAspect - [获取文章分类统计] 请求开始 - GET /api/dashboard/category-stats - DashboardController.getCategoryStats - 参数: 无
2026-07-28 13:51:53.959 [http-nio-8081-exec-20] INFO  com.knockfish.aspect.LogAspect - [获取文章分类统计] 请求成功 - 执行时间: 9ms
2026-07-28 13:51:53.962 [http-nio-8081-exec-18] DEBUG com.knockfish.security.JwtAuthenticationFilter - 用户 [knockfish] (ID:1) JWT 认证通过
2026-07-28 13:51:53.963 [http-nio-8081-exec-18] INFO  com.knockfish.aspect.LogAspect - [获取文章发布趋势] 请求开始 - GET /api/dashboard/article-trend - DashboardController.getArticleTrend - 参数: "monthly", null
2026-07-28 13:51:53.967 [http-nio-8081-exec-18] INFO  com.knockfish.aspect.LogAspect - [获取文章发布趋势] 请求成功 - 执行时间: 3ms
2026-07-28 13:51:54.159 [http-nio-8081-exec-17] INFO  com.knockfish.aspect.LogAspect - [获取仪表盘概览] 请求成功 - 执行时间: 219ms
2026-07-28 14:03:30.770 [http-nio-8081-exec-25] INFO  com.knockfish.security.JwtAuthenticationFilter - === 请求路径: /api/dashboard/overview, 方法: GET
2026-07-28 14:03:30.772 [http-nio-8081-exec-26] INFO  com.knockfish.security.JwtAuthenticationFilter - === 请求路径: /api/dashboard/article-trend, 方法: GET
2026-07-28 14:03:30.774 [http-nio-8081-exec-28] INFO  com.knockfish.security.JwtAuthenticationFilter - === 请求路径: /api/dashboard/category-stats, 方法: GET
2026-07-28 14:03:30.780 [http-nio-8081-exec-42] INFO  com.knockfish.security.JwtAuthenticationFilter - === 请求路径: /api/dashboard/activities, 方法: GET
2026-07-28 14:03:30.795 [http-nio-8081-exec-26] DEBUG com.knockfish.security.JwtAuthenticationFilter - 用户 [knockfish] (ID:1) JWT 认证通过
2026-07-28 14:03:30.798 [http-nio-8081-exec-26] INFO  com.knockfish.aspect.LogAspect - [获取文章发布趋势] 请求开始 - GET /api/dashboard/article-trend - DashboardController.getArticleTrend - 参数: "monthly", null
2026-07-28 14:03:30.801 [http-nio-8081-exec-26] INFO  com.knockfish.aspect.LogAspect - [获取文章发布趋势] 请求成功 - 执行时间: 3ms
2026-07-28 14:03:30.802 [http-nio-8081-exec-42] DEBUG com.knockfish.security.JwtAuthenticationFilter - 用户 [knockfish] (ID:1) JWT 认证通过
2026-07-28 14:03:30.802 [http-nio-8081-exec-42] INFO  com.knockfish.aspect.LogAspect - [获取最近动态] 请求开始 - GET /api/dashboard/activities - DashboardController.getActivities - 参数: 10
2026-07-28 14:03:30.806 [http-nio-8081-exec-42] INFO  com.knockfish.aspect.LogAspect - [获取最近动态] 请求成功 - 执行时间: 2ms
2026-07-28 14:03:30.807 [http-nio-8081-exec-25] DEBUG com.knockfish.security.JwtAuthenticationFilter - 用户 [knockfish] (ID:1) JWT 认证通过
2026-07-28 14:03:30.808 [http-nio-8081-exec-25] INFO  com.knockfish.aspect.LogAspect - [获取仪表盘概览] 请求开始 - GET /api/dashboard/overview - DashboardController.getOverview - 参数: 无
2026-07-28 14:03:30.836 [http-nio-8081-exec-28] DEBUG com.knockfish.security.JwtAuthenticationFilter - 用户 [knockfish] (ID:1) JWT 认证通过
2026-07-28 14:03:30.839 [http-nio-8081-exec-28] INFO  com.knockfish.aspect.LogAspect - [获取文章分类统计] 请求开始 - GET /api/dashboard/category-stats - DashboardController.getCategoryStats - 参数: 无
2026-07-28 14:03:30.843 [http-nio-8081-exec-28] INFO  com.knockfish.aspect.LogAspect - [获取文章分类统计] 请求成功 - 执行时间: 4ms
2026-07-28 14:03:30.854 [http-nio-8081-exec-25] INFO  com.knockfish.aspect.LogAspect - [获取仪表盘概览] 请求成功 - 执行时间: 46ms
2026-07-28 14:03:45.198 [http-nio-8081-exec-30] INFO  com.knockfish.security.JwtAuthenticationFilter - === 请求路径: /api/code-category, 方法: GET
2026-07-28 14:03:45.230 [http-nio-8081-exec-30] DEBUG com.knockfish.security.JwtAuthenticationFilter - 用户 [knockfish] (ID:1) JWT 认证通过
2026-07-28 14:03:45.328 [http-nio-8081-exec-30] INFO  com.knockfish.aspect.LogAspect - [查询代码分类列表] 请求开始 - GET /api/code-category - CodeCategoryController.getCodeCategoryList - 参数: {"codeCategoryName":null}, 1, 10
2026-07-28 14:03:45.664 [http-nio-8081-exec-30] INFO  com.knockfish.aspect.LogAspect - [查询代码分类列表] 请求成功 - 执行时间: 336ms
2026-07-28 14:03:49.268 [http-nio-8081-exec-31] INFO  com.knockfish.security.JwtAuthenticationFilter - === 请求路径: /api/code-category, 方法: GET
2026-07-28 14:03:49.290 [http-nio-8081-exec-31] DEBUG com.knockfish.security.JwtAuthenticationFilter - 用户 [knockfish] (ID:1) JWT 认证通过
2026-07-28 14:03:49.293 [http-nio-8081-exec-31] INFO  com.knockfish.aspect.LogAspect - [查询代码分类列表] 请求开始 - GET /api/code-category - CodeCategoryController.getCodeCategoryList - 参数: {"codeCategoryName":null}, 1, 10
2026-07-28 14:03:49.308 [http-nio-8081-exec-31] INFO  com.knockfish.aspect.LogAspect - [查询代码分类列表] 请求成功 - 执行时间: 15ms
2026-07-28 14:04:39.807 [http-nio-8081-exec-36] INFO  com.knockfish.security.JwtAuthenticationFilter - === 请求路径: /api/code-category, 方法: GET
2026-07-28 14:04:39.834 [http-nio-8081-exec-36] DEBUG com.knockfish.security.JwtAuthenticationFilter - 用户 [knockfish] (ID:1) JWT 认证通过
2026-07-28 14:04:39.837 [http-nio-8081-exec-36] INFO  com.knockfish.aspect.LogAspect - [查询代码分类列表] 请求开始 - GET /api/code-category - CodeCategoryController.getCodeCategoryList - 参数: {"codeCategoryName":null}, 1, 10
2026-07-28 14:04:39.859 [http-nio-8081-exec-36] INFO  com.knockfish.aspect.LogAspect - [查询代码分类列表] 请求成功 - 执行时间: 21ms
2026-07-28 14:04:48.366 [http-nio-8081-exec-37] INFO  com.knockfish.security.JwtAuthenticationFilter - === 请求路径: /api/code-category, 方法: GET
2026-07-28 14:04:48.396 [http-nio-8081-exec-37] DEBUG com.knockfish.security.JwtAuthenticationFilter - 用户 [knockfish] (ID:1) JWT 认证通过
2026-07-28 14:04:48.399 [http-nio-8081-exec-37] INFO  com.knockfish.aspect.LogAspect - [查询代码分类列表] 请求开始 - GET /api/code-category - CodeCategoryController.getCodeCategoryList - 参数: {"codeCategoryName":null}, 1, 10
2026-07-28 14:04:48.412 [http-nio-8081-exec-37] INFO  com.knockfish.aspect.LogAspect - [查询代码分类列表] 请求成功 - 执行时间: 12ms
2026-07-28 14:06:05.610 [http-nio-8081-exec-39] INFO  com.knockfish.security.JwtAuthenticationFilter - === 请求路径: /api/dashboard/overview, 方法: GET
2026-07-28 14:06:05.638 [http-nio-8081-exec-40] INFO  com.knockfish.security.JwtAuthenticationFilter - === 请求路径: /api/dashboard/article-trend, 方法: GET
2026-07-28 14:06:05.646 [http-nio-8081-exec-44] INFO  com.knockfish.security.JwtAuthenticationFilter - === 请求路径: /api/dashboard/category-stats, 方法: GET
2026-07-28 14:06:05.680 [http-nio-8081-exec-41] INFO  com.knockfish.security.JwtAuthenticationFilter - === 请求路径: /api/dashboard/activities, 方法: GET
2026-07-28 14:06:05.682 [http-nio-8081-exec-39] DEBUG com.knockfish.security.JwtAuthenticationFilter - 用户 [knockfish] (ID:1) JWT 认证通过
2026-07-28 14:06:05.683 [http-nio-8081-exec-39] INFO  com.knockfish.aspect.LogAspect - [获取仪表盘概览] 请求开始 - GET /api/dashboard/overview - DashboardController.getOverview - 参数: 无
2026-07-28 14:06:05.689 [http-nio-8081-exec-40] DEBUG com.knockfish.security.JwtAuthenticationFilter - 用户 [knockfish] (ID:1) JWT 认证通过
2026-07-28 14:06:05.691 [http-nio-8081-exec-40] INFO  com.knockfish.aspect.LogAspect - [获取文章发布趋势] 请求开始 - GET /api/dashboard/article-trend - DashboardController.getArticleTrend - 参数: "monthly", null
2026-07-28 14:06:05.703 [http-nio-8081-exec-40] INFO  com.knockfish.aspect.LogAspect - [获取文章发布趋势] 请求成功 - 执行时间: 12ms
2026-07-28 14:06:05.721 [http-nio-8081-exec-41] DEBUG com.knockfish.security.JwtAuthenticationFilter - 用户 [knockfish] (ID:1) JWT 认证通过
2026-07-28 14:06:05.722 [http-nio-8081-exec-44] DEBUG com.knockfish.security.JwtAuthenticationFilter - 用户 [knockfish] (ID:1) JWT 认证通过
2026-07-28 14:06:05.723 [http-nio-8081-exec-44] INFO  com.knockfish.aspect.LogAspect - [获取文章分类统计] 请求开始 - GET /api/dashboard/category-stats - DashboardController.getCategoryStats - 参数: 无
2026-07-28 14:06:05.723 [http-nio-8081-exec-41] INFO  com.knockfish.aspect.LogAspect - [获取最近动态] 请求开始 - GET /api/dashboard/activities - DashboardController.getActivities - 参数: 10
2026-07-28 14:06:05.730 [http-nio-8081-exec-41] INFO  com.knockfish.aspect.LogAspect - [获取最近动态] 请求成功 - 执行时间: 7ms
2026-07-28 14:06:05.742 [http-nio-8081-exec-44] INFO  com.knockfish.aspect.LogAspect - [获取文章分类统计] 请求成功 - 执行时间: 19ms
2026-07-28 14:06:05.796 [http-nio-8081-exec-39] INFO  com.knockfish.aspect.LogAspect - [获取仪表盘概览] 请求成功 - 执行时间: 112ms
2026-07-28 14:06:11.503 [http-nio-8081-exec-27] INFO  com.knockfish.security.JwtAuthenticationFilter - === 请求路径: /api/dashboard/overview, 方法: GET
2026-07-28 14:06:11.503 [http-nio-8081-exec-43] INFO  com.knockfish.security.JwtAuthenticationFilter - === 请求路径: /api/dashboard/article-trend, 方法: GET
2026-07-28 14:06:11.511 [http-nio-8081-exec-46] INFO  com.knockfish.security.JwtAuthenticationFilter - === 请求路径: /api/dashboard/category-stats, 方法: GET
2026-07-28 14:06:11.516 [http-nio-8081-exec-45] INFO  com.knockfish.security.JwtAuthenticationFilter - === 请求路径: /api/dashboard/activities, 方法: GET
2026-07-28 14:06:11.532 [http-nio-8081-exec-27] DEBUG com.knockfish.security.JwtAuthenticationFilter - 用户 [knockfish] (ID:1) JWT 认证通过
2026-07-28 14:06:11.533 [http-nio-8081-exec-27] INFO  com.knockfish.aspect.LogAspect - [获取仪表盘概览] 请求开始 - GET /api/dashboard/overview - DashboardController.getOverview - 参数: 无
2026-07-28 14:06:11.559 [http-nio-8081-exec-43] DEBUG com.knockfish.security.JwtAuthenticationFilter - 用户 [knockfish] (ID:1) JWT 认证通过
2026-07-28 14:06:11.561 [http-nio-8081-exec-43] INFO  com.knockfish.aspect.LogAspect - [获取文章发布趋势] 请求开始 - GET /api/dashboard/article-trend - DashboardController.getArticleTrend - 参数: "monthly", null
2026-07-28 14:06:11.566 [http-nio-8081-exec-43] INFO  com.knockfish.aspect.LogAspect - [获取文章发布趋势] 请求成功 - 执行时间: 5ms
2026-07-28 14:06:11.570 [http-nio-8081-exec-46] DEBUG com.knockfish.security.JwtAuthenticationFilter - 用户 [knockfish] (ID:1) JWT 认证通过
2026-07-28 14:06:11.571 [http-nio-8081-exec-46] INFO  com.knockfish.aspect.LogAspect - [获取文章分类统计] 请求开始 - GET /api/dashboard/category-stats - DashboardController.getCategoryStats - 参数: 无
2026-07-28 14:06:11.581 [http-nio-8081-exec-46] INFO  com.knockfish.aspect.LogAspect - [获取文章分类统计] 请求成功 - 执行时间: 6ms
2026-07-28 14:06:11.596 [http-nio-8081-exec-45] DEBUG com.knockfish.security.JwtAuthenticationFilter - 用户 [knockfish] (ID:1) JWT 认证通过
2026-07-28 14:06:11.598 [http-nio-8081-exec-45] INFO  com.knockfish.aspect.LogAspect - [获取最近动态] 请求开始 - GET /api/dashboard/activities - DashboardController.getActivities - 参数: 10
2026-07-28 14:06:11.604 [http-nio-8081-exec-45] INFO  com.knockfish.aspect.LogAspect - [获取最近动态] 请求成功 - 执行时间: 6ms
2026-07-28 14:06:11.634 [http-nio-8081-exec-27] INFO  com.knockfish.aspect.LogAspect - [获取仪表盘概览] 请求成功 - 执行时间: 101ms
2026-07-28 14:06:47.166 [http-nio-8081-exec-1] INFO  com.knockfish.security.JwtAuthenticationFilter - === 请求路径: /api/category/with-site-count, 方法: GET
2026-07-28 14:06:47.190 [http-nio-8081-exec-1] DEBUG com.knockfish.security.JwtAuthenticationFilter - 用户 [knockfish] (ID:1) JWT 认证通过
2026-07-28 14:06:47.201 [http-nio-8081-exec-1] INFO  com.knockfish.aspect.LogAspect - [查询分类列表(含统计)] 请求开始 - GET /api/category/with-site-count - CategoryController.getCategoryWithSiteCountList - 参数: {"categoryName":null}, 1, 10
2026-07-28 14:06:47.278 [http-nio-8081-exec-1] INFO  com.knockfish.aspect.LogAspect - [查询分类列表(含统计)] 请求成功 - 执行时间: 77ms
2026-07-28 14:06:50.479 [http-nio-8081-exec-5] INFO  com.knockfish.security.JwtAuthenticationFilter - === 请求路径: /api/category/with-site-count, 方法: GET
2026-07-28 14:06:50.501 [http-nio-8081-exec-5] DEBUG com.knockfish.security.JwtAuthenticationFilter - 用户 [knockfish] (ID:1) JWT 认证通过
2026-07-28 14:06:50.504 [http-nio-8081-exec-5] INFO  com.knockfish.aspect.LogAspect - [查询分类列表(含统计)] 请求开始 - GET /api/category/with-site-count - CategoryController.getCategoryWithSiteCountList - 参数: {"categoryName":null}, 1, 10
2026-07-28 14:06:50.519 [http-nio-8081-exec-5] INFO  com.knockfish.aspect.LogAspect - [查询分类列表(含统计)] 请求成功 - 执行时间: 15ms
2026-07-28 14:08:29.532 [http-nio-8081-exec-3] INFO  com.knockfish.security.JwtAuthenticationFilter - === 请求路径: /api/dashboard/article-trend, 方法: GET
2026-07-28 14:08:29.532 [http-nio-8081-exec-2] INFO  com.knockfish.security.JwtAuthenticationFilter - === 请求路径: /api/dashboard/overview, 方法: GET
2026-07-28 14:08:29.534 [http-nio-8081-exec-6] INFO  com.knockfish.security.JwtAuthenticationFilter - === 请求路径: /api/dashboard/activities, 方法: GET
2026-07-28 14:08:29.536 [http-nio-8081-exec-9] INFO  com.knockfish.security.JwtAuthenticationFilter - === 请求路径: /api/dashboard/category-stats, 方法: GET
2026-07-28 14:08:29.564 [http-nio-8081-exec-6] DEBUG com.knockfish.security.JwtAuthenticationFilter - 用户 [knockfish] (ID:1) JWT 认证通过
2026-07-28 14:08:29.564 [http-nio-8081-exec-2] DEBUG com.knockfish.security.JwtAuthenticationFilter - 用户 [knockfish] (ID:1) JWT 认证通过
2026-07-28 14:08:29.565 [http-nio-8081-exec-2] INFO  com.knockfish.aspect.LogAspect - [获取仪表盘概览] 请求开始 - GET /api/dashboard/overview - DashboardController.getOverview - 参数: 无
2026-07-28 14:08:29.566 [http-nio-8081-exec-6] INFO  com.knockfish.aspect.LogAspect - [获取最近动态] 请求开始 - GET /api/dashboard/activities - DashboardController.getActivities - 参数: 10
2026-07-28 14:08:29.567 [http-nio-8081-exec-3] DEBUG com.knockfish.security.JwtAuthenticationFilter - 用户 [knockfish] (ID:1) JWT 认证通过
2026-07-28 14:08:29.570 [http-nio-8081-exec-6] INFO  com.knockfish.aspect.LogAspect - [获取最近动态] 请求成功 - 执行时间: 4ms
2026-07-28 14:08:29.570 [http-nio-8081-exec-3] INFO  com.knockfish.aspect.LogAspect - [获取文章发布趋势] 请求开始 - GET /api/dashboard/article-trend - DashboardController.getArticleTrend - 参数: "monthly", null
2026-07-28 14:08:29.578 [http-nio-8081-exec-3] INFO  com.knockfish.aspect.LogAspect - [获取文章发布趋势] 请求成功 - 执行时间: 7ms
2026-07-28 14:08:29.587 [http-nio-8081-exec-9] DEBUG com.knockfish.security.JwtAuthenticationFilter - 用户 [knockfish] (ID:1) JWT 认证通过
2026-07-28 14:08:29.588 [http-nio-8081-exec-9] INFO  com.knockfish.aspect.LogAspect - [获取文章分类统计] 请求开始 - GET /api/dashboard/category-stats - DashboardController.getCategoryStats - 参数: 无
2026-07-28 14:08:29.593 [http-nio-8081-exec-9] INFO  com.knockfish.aspect.LogAspect - [获取文章分类统计] 请求成功 - 执行时间: 4ms
2026-07-28 14:08:29.615 [http-nio-8081-exec-2] INFO  com.knockfish.aspect.LogAspect - [获取仪表盘概览] 请求成功 - 执行时间: 49ms
2026-07-28 14:08:36.672 [http-nio-8081-exec-10] INFO  com.knockfish.security.JwtAuthenticationFilter - === 请求路径: /api/dashboard/overview, 方法: GET
2026-07-28 14:08:36.673 [http-nio-8081-exec-11] INFO  com.knockfish.security.JwtAuthenticationFilter - === 请求路径: /api/dashboard/activities, 方法: GET
2026-07-28 14:08:36.674 [http-nio-8081-exec-7] INFO  com.knockfish.security.JwtAuthenticationFilter - === 请求路径: /api/dashboard/category-stats, 方法: GET
2026-07-28 14:08:36.674 [http-nio-8081-exec-13] INFO  com.knockfish.security.JwtAuthenticationFilter - === 请求路径: /api/dashboard/article-trend, 方法: GET
2026-07-28 14:08:36.701 [http-nio-8081-exec-10] DEBUG com.knockfish.security.JwtAuthenticationFilter - 用户 [knockfish] (ID:1) JWT 认证通过
2026-07-28 14:08:36.702 [http-nio-8081-exec-10] INFO  com.knockfish.aspect.LogAspect - [获取仪表盘概览] 请求开始 - GET /api/dashboard/overview - DashboardController.getOverview - 参数: 无
2026-07-28 14:08:36.709 [http-nio-8081-exec-7] DEBUG com.knockfish.security.JwtAuthenticationFilter - 用户 [knockfish] (ID:1) JWT 认证通过
2026-07-28 14:08:36.711 [http-nio-8081-exec-7] INFO  com.knockfish.aspect.LogAspect - [获取文章分类统计] 请求开始 - GET /api/dashboard/category-stats - DashboardController.getCategoryStats - 参数: 无
2026-07-28 14:08:36.715 [http-nio-8081-exec-7] INFO  com.knockfish.aspect.LogAspect - [获取文章分类统计] 请求成功 - 执行时间: 4ms
2026-07-28 14:08:36.715 [http-nio-8081-exec-13] DEBUG com.knockfish.security.JwtAuthenticationFilter - 用户 [knockfish] (ID:1) JWT 认证通过
2026-07-28 14:08:36.717 [http-nio-8081-exec-13] INFO  com.knockfish.aspect.LogAspect - [获取文章发布趋势] 请求开始 - GET /api/dashboard/article-trend - DashboardController.getArticleTrend - 参数: "monthly", null
2026-07-28 14:08:36.721 [http-nio-8081-exec-13] INFO  com.knockfish.aspect.LogAspect - [获取文章发布趋势] 请求成功 - 执行时间: 4ms
2026-07-28 14:08:36.723 [http-nio-8081-exec-11] DEBUG com.knockfish.security.JwtAuthenticationFilter - 用户 [knockfish] (ID:1) JWT 认证通过
2026-07-28 14:08:36.726 [http-nio-8081-exec-11] INFO  com.knockfish.aspect.LogAspect - [获取最近动态] 请求开始 - GET /api/dashboard/activities - DashboardController.getActivities - 参数: 10
2026-07-28 14:08:36.731 [http-nio-8081-exec-11] INFO  com.knockfish.aspect.LogAspect - [获取最近动态] 请求成功 - 执行时间: 5ms
2026-07-28 14:08:36.752 [http-nio-8081-exec-10] INFO  com.knockfish.aspect.LogAspect - [获取仪表盘概览] 请求成功 - 执行时间: 50ms
2026-07-28 14:10:00.572 [SpringApplicationShutdownHook] INFO  com.zaxxer.hikari.HikariDataSource - KnockfishHikariCP - Shutdown initiated...
2026-07-28 14:10:00.579 [SpringApplicationShutdownHook] INFO  com.zaxxer.hikari.HikariDataSource - KnockfishHikariCP - Shutdown completed.
2026-07-28 16:25:22.648 [background-preinit] INFO  org.hibernate.validator.internal.util.Version - HV000001: Hibernate Validator 8.0.3.Final
2026-07-28 16:25:22.779 [main] INFO  com.knockfish.KnockfishBlogBackendApplication - Starting KnockfishBlogBackendApplication using Java 17.0.9 with PID 11692 (E:\fish_blog\knockfish-blog-backend\target\classes started by DELL in E:\fish_blog\knockfish-blog-backend)
2026-07-28 16:25:22.780 [main] DEBUG com.knockfish.KnockfishBlogBackendApplication - Running with Spring Boot v3.5.13, Spring v6.2.17
2026-07-28 16:25:22.780 [main] INFO  com.knockfish.KnockfishBlogBackendApplication - No active profile set, falling back to 1 default profile: "default"
2026-07-28 16:25:31.205 [main] INFO  org.apache.coyote.http11.Http11NioProtocol - Initializing ProtocolHandler ["http-nio-8081"]
2026-07-28 16:25:31.208 [main] INFO  org.apache.catalina.core.StandardService - Starting service [Tomcat]
2026-07-28 16:25:31.208 [main] INFO  org.apache.catalina.core.StandardEngine - Starting Servlet engine: [Apache Tomcat/10.1.53]
2026-07-28 16:25:31.353 [main] INFO  o.a.c.core.ContainerBase.[Tomcat].[localhost].[/] - Initializing Spring embedded WebApplicationContext
2026-07-28 16:25:33.487 [main] DEBUG com.knockfish.security.JwtAuthenticationFilter - Filter 'jwtAuthenticationFilter' configured for use
2026-07-28 16:25:36.099 [main] INFO  org.apache.coyote.http11.Http11NioProtocol - Starting ProtocolHandler ["http-nio-8081"]
2026-07-28 16:25:36.356 [main] INFO  com.knockfish.KnockfishBlogBackendApplication - Started KnockfishBlogBackendApplication in 15.067 seconds (process running for 16.935)
2026-07-28 16:27:01.032 [http-nio-8081-exec-4] INFO  o.a.c.core.ContainerBase.[Tomcat].[localhost].[/] - Initializing Spring DispatcherServlet 'dispatcherServlet'
2026-07-28 16:27:01.225 [http-nio-8081-exec-5] INFO  com.knockfish.security.JwtAuthenticationFilter - === 请求路径: /api/dashboard/overview, 方法: GET
2026-07-28 16:27:01.229 [http-nio-8081-exec-6] INFO  com.knockfish.security.JwtAuthenticationFilter - === 请求路径: /api/dashboard/activities, 方法: GET
2026-07-28 16:27:01.230 [http-nio-8081-exec-7] INFO  com.knockfish.security.JwtAuthenticationFilter - === 请求路径: /api/dashboard/article-trend, 方法: GET
2026-07-28 16:27:01.235 [http-nio-8081-exec-8] INFO  com.knockfish.security.JwtAuthenticationFilter - === 请求路径: /api/dashboard/category-stats, 方法: GET
2026-07-28 16:27:01.449 [http-nio-8081-exec-7] INFO  com.zaxxer.hikari.HikariDataSource - KnockfishHikariCP - Starting...
2026-07-28 16:27:02.066 [http-nio-8081-exec-7] INFO  com.zaxxer.hikari.pool.HikariPool - KnockfishHikariCP - Added connection com.mysql.cj.jdbc.ConnectionImpl@4a0dc84b
2026-07-28 16:27:02.070 [http-nio-8081-exec-7] INFO  com.zaxxer.hikari.HikariDataSource - KnockfishHikariCP - Start completed.
2026-07-28 16:27:02.306 [http-nio-8081-exec-5] DEBUG com.knockfish.security.JwtAuthenticationFilter - 用户 [knockfish] (ID:1) JWT 认证通过
2026-07-28 16:27:02.306 [http-nio-8081-exec-6] DEBUG com.knockfish.security.JwtAuthenticationFilter - 用户 [knockfish] (ID:1) JWT 认证通过
2026-07-28 16:27:02.338 [http-nio-8081-exec-8] DEBUG com.knockfish.security.JwtAuthenticationFilter - 用户 [knockfish] (ID:1) JWT 认证通过
2026-07-28 16:27:02.338 [http-nio-8081-exec-7] DEBUG com.knockfish.security.JwtAuthenticationFilter - 用户 [knockfish] (ID:1) JWT 认证通过
2026-07-28 16:27:02.362 [http-nio-8081-exec-5] INFO  com.knockfish.aspect.LogAspect - [获取仪表盘概览] 请求开始 - GET /api/dashboard/overview - DashboardController.getOverview - 参数: 无
2026-07-28 16:27:02.362 [http-nio-8081-exec-8] INFO  com.knockfish.aspect.LogAspect - [获取文章分类统计] 请求开始 - GET /api/dashboard/category-stats - DashboardController.getCategoryStats - 参数: 无
2026-07-28 16:27:02.381 [http-nio-8081-exec-8] INFO  com.knockfish.aspect.LogAspect - [获取文章分类统计] 请求成功 - 执行时间: 18ms
2026-07-28 16:27:02.402 [http-nio-8081-exec-7] INFO  com.knockfish.aspect.LogAspect - [获取文章发布趋势] 请求开始 - GET /api/dashboard/article-trend - DashboardController.getArticleTrend - 参数: "monthly", null
2026-07-28 16:27:02.406 [http-nio-8081-exec-6] INFO  com.knockfish.aspect.LogAspect - [获取最近动态] 请求开始 - GET /api/dashboard/activities - DashboardController.getActivities - 参数: 10
2026-07-28 16:27:02.417 [http-nio-8081-exec-6] INFO  com.knockfish.aspect.LogAspect - [获取最近动态] 请求成功 - 执行时间: 10ms
2026-07-28 16:27:02.421 [http-nio-8081-exec-7] INFO  com.knockfish.aspect.LogAspect - [获取文章发布趋势] 请求成功 - 执行时间: 18ms
2026-07-28 16:27:02.526 [http-nio-8081-exec-5] INFO  com.knockfish.aspect.LogAspect - [获取仪表盘概览] 请求成功 - 执行时间: 163ms
2026-07-28 16:27:06.876 [http-nio-8081-exec-9] INFO  com.knockfish.security.JwtAuthenticationFilter - === 请求路径: /api/dashboard/overview, 方法: GET
2026-07-28 16:27:06.879 [http-nio-8081-exec-10] INFO  com.knockfish.security.JwtAuthenticationFilter - === 请求路径: /api/dashboard/article-trend, 方法: GET
2026-07-28 16:27:06.887 [http-nio-8081-exec-11] INFO  com.knockfish.security.JwtAuthenticationFilter - === 请求路径: /api/dashboard/activities, 方法: GET
2026-07-28 16:27:06.893 [http-nio-8081-exec-12] INFO  com.knockfish.security.JwtAuthenticationFilter - === 请求路径: /api/dashboard/category-stats, 方法: GET
2026-07-28 16:27:06.900 [http-nio-8081-exec-10] DEBUG com.knockfish.security.JwtAuthenticationFilter - 用户 [knockfish] (ID:1) JWT 认证通过
2026-07-28 16:27:06.902 [http-nio-8081-exec-10] INFO  com.knockfish.aspect.LogAspect - [获取文章发布趋势] 请求开始 - GET /api/dashboard/article-trend - DashboardController.getArticleTrend - 参数: "monthly", null
2026-07-28 16:27:06.903 [http-nio-8081-exec-9] DEBUG com.knockfish.security.JwtAuthenticationFilter - 用户 [knockfish] (ID:1) JWT 认证通过
2026-07-28 16:27:06.905 [http-nio-8081-exec-9] INFO  com.knockfish.aspect.LogAspect - [获取仪表盘概览] 请求开始 - GET /api/dashboard/overview - DashboardController.getOverview - 参数: 无
2026-07-28 16:27:06.905 [http-nio-8081-exec-10] INFO  com.knockfish.aspect.LogAspect - [获取文章发布趋势] 请求成功 - 执行时间: 3ms
2026-07-28 16:27:06.908 [http-nio-8081-exec-11] DEBUG com.knockfish.security.JwtAuthenticationFilter - 用户 [knockfish] (ID:1) JWT 认证通过
2026-07-28 16:27:06.909 [http-nio-8081-exec-11] INFO  com.knockfish.aspect.LogAspect - [获取最近动态] 请求开始 - GET /api/dashboard/activities - DashboardController.getActivities - 参数: 10
2026-07-28 16:27:06.919 [http-nio-8081-exec-12] DEBUG com.knockfish.security.JwtAuthenticationFilter - 用户 [knockfish] (ID:1) JWT 认证通过
2026-07-28 16:27:06.921 [http-nio-8081-exec-12] INFO  com.knockfish.aspect.LogAspect - [获取文章分类统计] 请求开始 - GET /api/dashboard/category-stats - DashboardController.getCategoryStats - 参数: 无
2026-07-28 16:27:06.930 [http-nio-8081-exec-11] INFO  com.knockfish.aspect.LogAspect - [获取最近动态] 请求成功 - 执行时间: 20ms
2026-07-28 16:27:06.931 [http-nio-8081-exec-12] INFO  com.knockfish.aspect.LogAspect - [获取文章分类统计] 请求成功 - 执行时间: 10ms
2026-07-28 16:27:07.037 [http-nio-8081-exec-9] INFO  com.knockfish.aspect.LogAspect - [获取仪表盘概览] 请求成功 - 执行时间: 132ms
2026-07-28 16:27:16.173 [http-nio-8081-exec-14] INFO  com.knockfish.security.JwtAuthenticationFilter - === 请求路径: /api/dashboard/article-trend, 方法: GET
2026-07-28 16:27:16.173 [http-nio-8081-exec-13] INFO  com.knockfish.security.JwtAuthenticationFilter - === 请求路径: /api/dashboard/overview, 方法: GET
2026-07-28 16:27:16.175 [http-nio-8081-exec-15] INFO  com.knockfish.security.JwtAuthenticationFilter - === 请求路径: /api/dashboard/activities, 方法: GET
2026-07-28 16:27:16.198 [http-nio-8081-exec-16] INFO  com.knockfish.security.JwtAuthenticationFilter - === 请求路径: /api/dashboard/category-stats, 方法: GET
2026-07-28 16:27:16.216 [http-nio-8081-exec-13] DEBUG com.knockfish.security.JwtAuthenticationFilter - 用户 [knockfish] (ID:1) JWT 认证通过
2026-07-28 16:27:16.217 [http-nio-8081-exec-13] INFO  com.knockfish.aspect.LogAspect - [获取仪表盘概览] 请求开始 - GET /api/dashboard/overview - DashboardController.getOverview - 参数: 无
2026-07-28 16:27:16.272 [http-nio-8081-exec-16] DEBUG com.knockfish.security.JwtAuthenticationFilter - 用户 [knockfish] (ID:1) JWT 认证通过
2026-07-28 16:27:16.334 [http-nio-8081-exec-16] INFO  com.knockfish.aspect.LogAspect - [获取文章分类统计] 请求开始 - GET /api/dashboard/category-stats - DashboardController.getCategoryStats - 参数: 无
2026-07-28 16:27:16.350 [http-nio-8081-exec-16] INFO  com.knockfish.aspect.LogAspect - [获取文章分类统计] 请求成功 - 执行时间: 15ms
2026-07-28 16:27:16.351 [http-nio-8081-exec-14] DEBUG com.knockfish.security.JwtAuthenticationFilter - 用户 [knockfish] (ID:1) JWT 认证通过
2026-07-28 16:27:16.353 [http-nio-8081-exec-14] INFO  com.knockfish.aspect.LogAspect - [获取文章发布趋势] 请求开始 - GET /api/dashboard/article-trend - DashboardController.getArticleTrend - 参数: "monthly", null
2026-07-28 16:27:16.354 [http-nio-8081-exec-15] DEBUG com.knockfish.security.JwtAuthenticationFilter - 用户 [knockfish] (ID:1) JWT 认证通过
2026-07-28 16:27:16.365 [http-nio-8081-exec-15] INFO  com.knockfish.aspect.LogAspect - [获取最近动态] 请求开始 - GET /api/dashboard/activities - DashboardController.getActivities - 参数: 10
2026-07-28 16:27:16.367 [http-nio-8081-exec-14] INFO  com.knockfish.aspect.LogAspect - [获取文章发布趋势] 请求成功 - 执行时间: 14ms
2026-07-28 16:27:16.368 [http-nio-8081-exec-15] INFO  com.knockfish.aspect.LogAspect - [获取最近动态] 请求成功 - 执行时间: 2ms
2026-07-28 16:27:16.395 [http-nio-8081-exec-13] INFO  com.knockfish.aspect.LogAspect - [获取仪表盘概览] 请求成功 - 执行时间: 127ms
2026-07-28 16:27:22.421 [http-nio-8081-exec-17] INFO  com.knockfish.security.JwtAuthenticationFilter - === 请求路径: /api/dashboard/overview, 方法: GET
2026-07-28 16:27:22.421 [http-nio-8081-exec-18] INFO  com.knockfish.security.JwtAuthenticationFilter - === 请求路径: /api/dashboard/article-trend, 方法: GET
2026-07-28 16:27:22.423 [http-nio-8081-exec-19] INFO  com.knockfish.security.JwtAuthenticationFilter - === 请求路径: /api/dashboard/activities, 方法: GET
2026-07-28 16:27:22.425 [http-nio-8081-exec-20] INFO  com.knockfish.security.JwtAuthenticationFilter - === 请求路径: /api/dashboard/category-stats, 方法: GET
2026-07-28 16:27:22.444 [http-nio-8081-exec-20] DEBUG com.knockfish.security.JwtAuthenticationFilter - 用户 [knockfish] (ID:1) JWT 认证通过
2026-07-28 16:27:22.444 [http-nio-8081-exec-19] DEBUG com.knockfish.security.JwtAuthenticationFilter - 用户 [knockfish] (ID:1) JWT 认证通过
2026-07-28 16:27:22.445 [http-nio-8081-exec-17] DEBUG com.knockfish.security.JwtAuthenticationFilter - 用户 [knockfish] (ID:1) JWT 认证通过
2026-07-28 16:27:22.445 [http-nio-8081-exec-17] INFO  com.knockfish.aspect.LogAspect - [获取仪表盘概览] 请求开始 - GET /api/dashboard/overview - DashboardController.getOverview - 参数: 无
2026-07-28 16:27:22.445 [http-nio-8081-exec-20] INFO  com.knockfish.aspect.LogAspect - [获取文章分类统计] 请求开始 - GET /api/dashboard/category-stats - DashboardController.getCategoryStats - 参数: 无
2026-07-28 16:27:22.446 [http-nio-8081-exec-19] INFO  com.knockfish.aspect.LogAspect - [获取最近动态] 请求开始 - GET /api/dashboard/activities - DashboardController.getActivities - 参数: 10
2026-07-28 16:27:22.447 [http-nio-8081-exec-18] DEBUG com.knockfish.security.JwtAuthenticationFilter - 用户 [knockfish] (ID:1) JWT 认证通过
2026-07-28 16:27:22.449 [http-nio-8081-exec-18] INFO  com.knockfish.aspect.LogAspect - [获取文章发布趋势] 请求开始 - GET /api/dashboard/article-trend - DashboardController.getArticleTrend - 参数: "monthly", null
2026-07-28 16:27:22.449 [http-nio-8081-exec-20] INFO  com.knockfish.aspect.LogAspect - [获取文章分类统计] 请求成功 - 执行时间: 3ms
2026-07-28 16:27:22.450 [http-nio-8081-exec-19] INFO  com.knockfish.aspect.LogAspect - [获取最近动态] 请求成功 - 执行时间: 4ms
2026-07-28 16:27:22.456 [http-nio-8081-exec-18] INFO  com.knockfish.aspect.LogAspect - [获取文章发布趋势] 请求成功 - 执行时间: 7ms
2026-07-28 16:27:22.509 [http-nio-8081-exec-17] INFO  com.knockfish.aspect.LogAspect - [获取仪表盘概览] 请求成功 - 执行时间: 63ms
2026-07-28 16:37:39.315 [SpringApplicationShutdownHook] INFO  com.zaxxer.hikari.HikariDataSource - KnockfishHikariCP - Shutdown initiated...
2026-07-28 16:37:39.321 [SpringApplicationShutdownHook] INFO  com.zaxxer.hikari.HikariDataSource - KnockfishHikariCP - Shutdown completed.
2026-07-28 18:03:15.112 [background-preinit] INFO  org.hibernate.validator.internal.util.Version - HV000001: Hibernate Validator 8.0.3.Final
2026-07-28 18:03:15.278 [main] INFO  com.knockfish.KnockfishBlogBackendApplication - Starting KnockfishBlogBackendApplication using Java 17.0.9 with PID 11644 (E:\fish_blog\knockfish-blog-backend\target\classes started by DELL in E:\fish_blog\knockfish-blog-backend)
2026-07-28 18:03:15.279 [main] DEBUG com.knockfish.KnockfishBlogBackendApplication - Running with Spring Boot v3.5.13, Spring v6.2.17
2026-07-28 18:03:15.279 [main] INFO  com.knockfish.KnockfishBlogBackendApplication - No active profile set, falling back to 1 default profile: "default"
2026-07-28 18:03:25.627 [main] INFO  org.apache.coyote.http11.Http11NioProtocol - Initializing ProtocolHandler ["http-nio-8081"]
2026-07-28 18:03:25.631 [main] INFO  org.apache.catalina.core.StandardService - Starting service [Tomcat]
2026-07-28 18:03:25.632 [main] INFO  org.apache.catalina.core.StandardEngine - Starting Servlet engine: [Apache Tomcat/10.1.53]
2026-07-28 18:03:26.161 [main] INFO  o.a.c.core.ContainerBase.[Tomcat].[localhost].[/] - Initializing Spring embedded WebApplicationContext
2026-07-28 18:03:28.745 [main] DEBUG com.knockfish.security.JwtAuthenticationFilter - Filter 'jwtAuthenticationFilter' configured for use
2026-07-28 18:03:32.590 [main] INFO  org.apache.coyote.http11.Http11NioProtocol - Starting ProtocolHandler ["http-nio-8081"]
2026-07-28 18:03:32.842 [main] INFO  com.knockfish.KnockfishBlogBackendApplication - Started KnockfishBlogBackendApplication in 20.029 seconds (process running for 22.524)
2026-07-28 18:03:53.050 [background-preinit] INFO  org.hibernate.validator.internal.util.Version - HV000001: Hibernate Validator 8.0.3.Final
2026-07-28 18:03:53.192 [main] INFO  com.knockfish.KnockfishBlogBackendApplication - Starting KnockfishBlogBackendApplication using Java 17.0.9 with PID 14068 (E:\fish_blog\knockfish-blog-backend\target\classes started by DELL in E:\fish_blog\knockfish-blog-backend)
2026-07-28 18:03:53.194 [main] DEBUG com.knockfish.KnockfishBlogBackendApplication - Running with Spring Boot v3.5.13, Spring v6.2.17
2026-07-28 18:03:53.195 [main] INFO  com.knockfish.KnockfishBlogBackendApplication - No active profile set, falling back to 1 default profile: "default"
2026-07-28 18:03:59.243 [main] INFO  org.apache.coyote.http11.Http11NioProtocol - Initializing ProtocolHandler ["http-nio-8081"]
2026-07-28 18:03:59.246 [main] INFO  org.apache.catalina.core.StandardService - Starting service [Tomcat]
2026-07-28 18:03:59.249 [main] INFO  org.apache.catalina.core.StandardEngine - Starting Servlet engine: [Apache Tomcat/10.1.53]
2026-07-28 18:03:59.393 [main] INFO  o.a.c.core.ContainerBase.[Tomcat].[localhost].[/] - Initializing Spring embedded WebApplicationContext
2026-07-28 18:04:01.808 [main] DEBUG com.knockfish.security.JwtAuthenticationFilter - Filter 'jwtAuthenticationFilter' configured for use
2026-07-28 18:04:05.473 [main] INFO  org.apache.coyote.http11.Http11NioProtocol - Starting ProtocolHandler ["http-nio-8081"]
2026-07-28 18:04:05.608 [main] INFO  com.knockfish.KnockfishBlogBackendApplication - Started KnockfishBlogBackendApplication in 13.828 seconds (process running for 15.764)
2026-07-28 18:04:18.414 [http-nio-8081-exec-2] INFO  o.a.c.core.ContainerBase.[Tomcat].[localhost].[/] - Initializing Spring DispatcherServlet 'dispatcherServlet'
2026-07-28 18:04:18.506 [http-nio-8081-exec-3] INFO  com.knockfish.security.JwtAuthenticationFilter - === 请求路径: /api/dashboard/overview, 方法: GET
2026-07-28 18:04:18.506 [http-nio-8081-exec-4] INFO  com.knockfish.security.JwtAuthenticationFilter - === 请求路径: /api/dashboard/activities, 方法: GET
2026-07-28 18:04:18.650 [http-nio-8081-exec-4] INFO  com.zaxxer.hikari.HikariDataSource - KnockfishHikariCP - Starting...
2026-07-28 18:04:19.693 [http-nio-8081-exec-4] INFO  com.zaxxer.hikari.pool.HikariPool - KnockfishHikariCP - Added connection com.mysql.cj.jdbc.ConnectionImpl@5f9319de
2026-07-28 18:04:19.695 [http-nio-8081-exec-4] INFO  com.zaxxer.hikari.HikariDataSource - KnockfishHikariCP - Start completed.
2026-07-28 18:04:21.495 [http-nio-8081-exec-4] DEBUG com.knockfish.security.JwtAuthenticationFilter - 用户 [knockfish] (ID:1) JWT 认证通过
2026-07-28 18:04:21.499 [http-nio-8081-exec-3] DEBUG com.knockfish.security.JwtAuthenticationFilter - 用户 [knockfish] (ID:1) JWT 认证通过
2026-07-28 18:04:21.552 [http-nio-8081-exec-3] INFO  com.knockfish.aspect.LogAspect - [获取仪表盘概览] 请求开始 - GET /api/dashboard/overview - DashboardController.getOverview - 参数: 无
2026-07-28 18:04:21.568 [http-nio-8081-exec-4] INFO  com.knockfish.aspect.LogAspect - [获取最近动态] 请求开始 - GET /api/dashboard/activities - DashboardController.getActivities - 参数: 10
2026-07-28 18:04:22.177 [http-nio-8081-exec-4] INFO  com.knockfish.aspect.LogAspect - [获取最近动态] 请求成功 - 执行时间: 608ms
2026-07-28 18:04:22.425 [http-nio-8081-exec-6] INFO  com.knockfish.security.JwtAuthenticationFilter - === 请求路径: /api/dashboard/category-stats, 方法: GET
2026-07-28 18:04:22.515 [http-nio-8081-exec-8] INFO  com.knockfish.security.JwtAuthenticationFilter - === 请求路径: /api/dashboard/article-trend, 方法: GET
2026-07-28 18:04:22.587 [http-nio-8081-exec-3] INFO  com.knockfish.aspect.LogAspect - [获取仪表盘概览] 请求成功 - 执行时间: 1034ms
2026-07-28 18:04:22.591 [http-nio-8081-exec-6] DEBUG com.knockfish.security.JwtAuthenticationFilter - 用户 [knockfish] (ID:1) JWT 认证通过
2026-07-28 18:04:22.592 [http-nio-8081-exec-6] INFO  com.knockfish.aspect.LogAspect - [获取文章分类统计] 请求开始 - GET /api/dashboard/category-stats - DashboardController.getCategoryStats - 参数: 无
2026-07-28 18:04:22.607 [http-nio-8081-exec-6] INFO  com.knockfish.aspect.LogAspect - [获取文章分类统计] 请求成功 - 执行时间: 15ms
2026-07-28 18:04:22.620 [http-nio-8081-exec-8] DEBUG com.knockfish.security.JwtAuthenticationFilter - 用户 [knockfish] (ID:1) JWT 认证通过
2026-07-28 18:04:22.634 [http-nio-8081-exec-8] INFO  com.knockfish.aspect.LogAspect - [获取文章发布趋势] 请求开始 - GET /api/dashboard/article-trend - DashboardController.getArticleTrend - 参数: "monthly", null
2026-07-28 18:04:22.643 [http-nio-8081-exec-8] INFO  com.knockfish.aspect.LogAspect - [获取文章发布趋势] 请求成功 - 执行时间: 8ms
2026-07-28 18:04:35.927 [http-nio-8081-exec-9] INFO  com.knockfish.security.JwtAuthenticationFilter - === 请求路径: /api/dashboard/overview, 方法: GET
2026-07-28 18:04:35.928 [http-nio-8081-exec-10] INFO  com.knockfish.security.JwtAuthenticationFilter - === 请求路径: /api/dashboard/activities, 方法: GET
2026-07-28 18:04:35.971 [http-nio-8081-exec-9] DEBUG com.knockfish.security.JwtAuthenticationFilter - 用户 [knockfish] (ID:1) JWT 认证通过
2026-07-28 18:04:35.972 [http-nio-8081-exec-9] INFO  com.knockfish.aspect.LogAspect - [获取仪表盘概览] 请求开始 - GET /api/dashboard/overview - DashboardController.getOverview - 参数: 无
2026-07-28 18:04:36.135 [http-nio-8081-exec-10] DEBUG com.knockfish.security.JwtAuthenticationFilter - 用户 [knockfish] (ID:1) JWT 认证通过
2026-07-28 18:04:36.137 [http-nio-8081-exec-10] INFO  com.knockfish.aspect.LogAspect - [获取最近动态] 请求开始 - GET /api/dashboard/activities - DashboardController.getActivities - 参数: 10
2026-07-28 18:04:36.244 [http-nio-8081-exec-10] INFO  com.knockfish.aspect.LogAspect - [获取最近动态] 请求成功 - 执行时间: 107ms
2026-07-28 18:04:36.348 [http-nio-8081-exec-9] INFO  com.knockfish.aspect.LogAspect - [获取仪表盘概览] 请求成功 - 执行时间: 374ms
2026-07-28 18:04:37.329 [http-nio-8081-exec-11] INFO  com.knockfish.security.JwtAuthenticationFilter - === 请求路径: /api/dashboard/article-trend, 方法: GET
2026-07-28 18:04:37.350 [http-nio-8081-exec-11] DEBUG com.knockfish.security.JwtAuthenticationFilter - 用户 [knockfish] (ID:1) JWT 认证通过
2026-07-28 18:04:37.351 [http-nio-8081-exec-11] INFO  com.knockfish.aspect.LogAspect - [获取文章发布趋势] 请求开始 - GET /api/dashboard/article-trend - DashboardController.getArticleTrend - 参数: "monthly", null
2026-07-28 18:04:37.386 [http-nio-8081-exec-12] INFO  com.knockfish.security.JwtAuthenticationFilter - === 请求路径: /api/dashboard/category-stats, 方法: GET
2026-07-28 18:04:37.412 [http-nio-8081-exec-11] INFO  com.knockfish.aspect.LogAspect - [获取文章发布趋势] 请求成功 - 执行时间: 61ms
2026-07-28 18:04:37.613 [http-nio-8081-exec-12] DEBUG com.knockfish.security.JwtAuthenticationFilter - 用户 [knockfish] (ID:1) JWT 认证通过
2026-07-28 18:04:37.614 [http-nio-8081-exec-12] INFO  com.knockfish.aspect.LogAspect - [获取文章分类统计] 请求开始 - GET /api/dashboard/category-stats - DashboardController.getCategoryStats - 参数: 无
2026-07-28 18:04:37.764 [http-nio-8081-exec-12] INFO  com.knockfish.aspect.LogAspect - [获取文章分类统计] 请求成功 - 执行时间: 149ms
2026-07-28 18:04:45.879 [http-nio-8081-exec-13] INFO  com.knockfish.security.JwtAuthenticationFilter - === 请求路径: /api/dashboard/overview, 方法: GET
2026-07-28 18:04:45.880 [http-nio-8081-exec-15] INFO  com.knockfish.security.JwtAuthenticationFilter - === 请求路径: /api/dashboard/activities, 方法: GET
2026-07-28 18:04:45.912 [http-nio-8081-exec-15] DEBUG com.knockfish.security.JwtAuthenticationFilter - 用户 [knockfish] (ID:1) JWT 认证通过
2026-07-28 18:04:45.912 [http-nio-8081-exec-13] DEBUG com.knockfish.security.JwtAuthenticationFilter - 用户 [knockfish] (ID:1) JWT 认证通过
2026-07-28 18:04:45.913 [http-nio-8081-exec-13] INFO  com.knockfish.aspect.LogAspect - [获取仪表盘概览] 请求开始 - GET /api/dashboard/overview - DashboardController.getOverview - 参数: 无
2026-07-28 18:04:45.914 [http-nio-8081-exec-15] INFO  com.knockfish.aspect.LogAspect - [获取最近动态] 请求开始 - GET /api/dashboard/activities - DashboardController.getActivities - 参数: 10
2026-07-28 18:04:45.918 [http-nio-8081-exec-15] INFO  com.knockfish.aspect.LogAspect - [获取最近动态] 请求成功 - 执行时间: 4ms
2026-07-28 18:04:46.283 [http-nio-8081-exec-13] INFO  com.knockfish.aspect.LogAspect - [获取仪表盘概览] 请求成功 - 执行时间: 369ms
2026-07-28 18:04:47.172 [http-nio-8081-exec-14] INFO  com.knockfish.security.JwtAuthenticationFilter - === 请求路径: /api/dashboard/category-stats, 方法: GET
2026-07-28 18:04:47.191 [http-nio-8081-exec-14] DEBUG com.knockfish.security.JwtAuthenticationFilter - 用户 [knockfish] (ID:1) JWT 认证通过
2026-07-28 18:04:47.193 [http-nio-8081-exec-14] INFO  com.knockfish.aspect.LogAspect - [获取文章分类统计] 请求开始 - GET /api/dashboard/category-stats - DashboardController.getCategoryStats - 参数: 无
2026-07-28 18:04:47.220 [http-nio-8081-exec-14] INFO  com.knockfish.aspect.LogAspect - [获取文章分类统计] 请求成功 - 执行时间: 27ms
2026-07-28 18:04:47.252 [http-nio-8081-exec-16] INFO  com.knockfish.security.JwtAuthenticationFilter - === 请求路径: /api/dashboard/article-trend, 方法: GET
2026-07-28 18:04:47.268 [http-nio-8081-exec-16] DEBUG com.knockfish.security.JwtAuthenticationFilter - 用户 [knockfish] (ID:1) JWT 认证通过
2026-07-28 18:04:47.270 [http-nio-8081-exec-16] INFO  com.knockfish.aspect.LogAspect - [获取文章发布趋势] 请求开始 - GET /api/dashboard/article-trend - DashboardController.getArticleTrend - 参数: "monthly", null
2026-07-28 18:04:47.274 [http-nio-8081-exec-16] INFO  com.knockfish.aspect.LogAspect - [获取文章发布趋势] 请求成功 - 执行时间: 3ms
2026-07-28 18:05:08.483 [http-nio-8081-exec-18] INFO  com.knockfish.security.JwtAuthenticationFilter - === 请求路径: /api/dashboard/overview, 方法: GET
2026-07-28 18:05:08.484 [http-nio-8081-exec-19] INFO  com.knockfish.security.JwtAuthenticationFilter - === 请求路径: /api/dashboard/activities, 方法: GET
2026-07-28 18:05:08.533 [http-nio-8081-exec-18] DEBUG com.knockfish.security.JwtAuthenticationFilter - 用户 [knockfish] (ID:1) JWT 认证通过
2026-07-28 18:05:08.533 [http-nio-8081-exec-18] INFO  com.knockfish.aspect.LogAspect - [获取仪表盘概览] 请求开始 - GET /api/dashboard/overview - DashboardController.getOverview - 参数: 无
2026-07-28 18:05:08.614 [http-nio-8081-exec-19] DEBUG com.knockfish.security.JwtAuthenticationFilter - 用户 [knockfish] (ID:1) JWT 认证通过
2026-07-28 18:05:08.616 [http-nio-8081-exec-19] INFO  com.knockfish.aspect.LogAspect - [获取最近动态] 请求开始 - GET /api/dashboard/activities - DashboardController.getActivities - 参数: 10
2026-07-28 18:05:08.618 [http-nio-8081-exec-19] INFO  com.knockfish.aspect.LogAspect - [获取最近动态] 请求成功 - 执行时间: 2ms
2026-07-28 18:05:08.819 [http-nio-8081-exec-18] INFO  com.knockfish.aspect.LogAspect - [获取仪表盘概览] 请求成功 - 执行时间: 285ms
2026-07-28 18:05:09.345 [http-nio-8081-exec-20] INFO  com.knockfish.security.JwtAuthenticationFilter - === 请求路径: /api/dashboard/article-trend, 方法: GET
2026-07-28 18:05:09.374 [http-nio-8081-exec-20] DEBUG com.knockfish.security.JwtAuthenticationFilter - 用户 [knockfish] (ID:1) JWT 认证通过
2026-07-28 18:05:09.375 [http-nio-8081-exec-20] INFO  com.knockfish.aspect.LogAspect - [获取文章发布趋势] 请求开始 - GET /api/dashboard/article-trend - DashboardController.getArticleTrend - 参数: "monthly", null
2026-07-28 18:05:09.384 [http-nio-8081-exec-21] INFO  com.knockfish.security.JwtAuthenticationFilter - === 请求路径: /api/dashboard/category-stats, 方法: GET
2026-07-28 18:05:09.397 [http-nio-8081-exec-21] DEBUG com.knockfish.security.JwtAuthenticationFilter - 用户 [knockfish] (ID:1) JWT 认证通过
2026-07-28 18:05:09.398 [http-nio-8081-exec-21] INFO  com.knockfish.aspect.LogAspect - [获取文章分类统计] 请求开始 - GET /api/dashboard/category-stats - DashboardController.getCategoryStats - 参数: 无
2026-07-28 18:05:09.473 [http-nio-8081-exec-21] INFO  com.knockfish.aspect.LogAspect - [获取文章分类统计] 请求成功 - 执行时间: 74ms
2026-07-28 18:05:09.555 [http-nio-8081-exec-20] INFO  com.knockfish.aspect.LogAspect - [获取文章发布趋势] 请求成功 - 执行时间: 180ms
2026-07-28 18:05:26.805 [http-nio-8081-exec-23] INFO  com.knockfish.security.JwtAuthenticationFilter - === 请求路径: /api/dashboard/overview, 方法: GET
2026-07-28 18:05:26.806 [http-nio-8081-exec-22] INFO  com.knockfish.security.JwtAuthenticationFilter - === 请求路径: /api/dashboard/activities, 方法: GET
2026-07-28 18:05:26.819 [http-nio-8081-exec-22] DEBUG com.knockfish.security.JwtAuthenticationFilter - 用户 [knockfish] (ID:1) JWT 认证通过
2026-07-28 18:05:26.820 [http-nio-8081-exec-22] INFO  com.knockfish.aspect.LogAspect - [获取最近动态] 请求开始 - GET /api/dashboard/activities - DashboardController.getActivities - 参数: 10
2026-07-28 18:05:26.836 [http-nio-8081-exec-22] INFO  com.knockfish.aspect.LogAspect - [获取最近动态] 请求成功 - 执行时间: 16ms
2026-07-28 18:05:26.842 [http-nio-8081-exec-23] DEBUG com.knockfish.security.JwtAuthenticationFilter - 用户 [knockfish] (ID:1) JWT 认证通过
2026-07-28 18:05:26.843 [http-nio-8081-exec-23] INFO  com.knockfish.aspect.LogAspect - [获取仪表盘概览] 请求开始 - GET /api/dashboard/overview - DashboardController.getOverview - 参数: 无
2026-07-28 18:05:26.917 [http-nio-8081-exec-23] INFO  com.knockfish.aspect.LogAspect - [获取仪表盘概览] 请求成功 - 执行时间: 73ms
2026-07-28 18:05:28.062 [http-nio-8081-exec-25] INFO  com.knockfish.security.JwtAuthenticationFilter - === 请求路径: /api/dashboard/article-trend, 方法: GET
2026-07-28 18:05:28.107 [http-nio-8081-exec-24] INFO  com.knockfish.security.JwtAuthenticationFilter - === 请求路径: /api/dashboard/category-stats, 方法: GET
2026-07-28 18:05:28.188 [http-nio-8081-exec-25] DEBUG com.knockfish.security.JwtAuthenticationFilter - 用户 [knockfish] (ID:1) JWT 认证通过
2026-07-28 18:05:28.190 [http-nio-8081-exec-25] INFO  com.knockfish.aspect.LogAspect - [获取文章发布趋势] 请求开始 - GET /api/dashboard/article-trend - DashboardController.getArticleTrend - 参数: "monthly", null
2026-07-28 18:05:28.193 [http-nio-8081-exec-25] INFO  com.knockfish.aspect.LogAspect - [获取文章发布趋势] 请求成功 - 执行时间: 3ms
2026-07-28 18:05:28.199 [http-nio-8081-exec-24] DEBUG com.knockfish.security.JwtAuthenticationFilter - 用户 [knockfish] (ID:1) JWT 认证通过
2026-07-28 18:05:28.200 [http-nio-8081-exec-24] INFO  com.knockfish.aspect.LogAspect - [获取文章分类统计] 请求开始 - GET /api/dashboard/category-stats - DashboardController.getCategoryStats - 参数: 无
2026-07-28 18:05:28.204 [http-nio-8081-exec-24] INFO  com.knockfish.aspect.LogAspect - [获取文章分类统计] 请求成功 - 执行时间: 4ms
2026-07-28 18:05:36.563 [http-nio-8081-exec-27] INFO  com.knockfish.security.JwtAuthenticationFilter - === 请求路径: /api/dashboard/overview, 方法: GET
2026-07-28 18:05:36.570 [http-nio-8081-exec-30] INFO  com.knockfish.security.JwtAuthenticationFilter - === 请求路径: /api/dashboard/activities, 方法: GET
2026-07-28 18:05:36.581 [http-nio-8081-exec-27] DEBUG com.knockfish.security.JwtAuthenticationFilter - 用户 [knockfish] (ID:1) JWT 认证通过
2026-07-28 18:05:36.582 [http-nio-8081-exec-27] INFO  com.knockfish.aspect.LogAspect - [获取仪表盘概览] 请求开始 - GET /api/dashboard/overview - DashboardController.getOverview - 参数: 无
2026-07-28 18:05:36.591 [http-nio-8081-exec-30] DEBUG com.knockfish.security.JwtAuthenticationFilter - 用户 [knockfish] (ID:1) JWT 认证通过
2026-07-28 18:05:36.592 [http-nio-8081-exec-30] INFO  com.knockfish.aspect.LogAspect - [获取最近动态] 请求开始 - GET /api/dashboard/activities - DashboardController.getActivities - 参数: 10
2026-07-28 18:05:36.596 [http-nio-8081-exec-30] INFO  com.knockfish.aspect.LogAspect - [获取最近动态] 请求成功 - 执行时间: 3ms
2026-07-28 18:05:36.714 [http-nio-8081-exec-27] INFO  com.knockfish.aspect.LogAspect - [获取仪表盘概览] 请求成功 - 执行时间: 132ms
2026-07-28 18:05:39.335 [http-nio-8081-exec-26] INFO  com.knockfish.security.JwtAuthenticationFilter - === 请求路径: /api/dashboard/article-trend, 方法: GET
2026-07-28 18:05:39.353 [http-nio-8081-exec-26] DEBUG com.knockfish.security.JwtAuthenticationFilter - 用户 [knockfish] (ID:1) JWT 认证通过
2026-07-28 18:05:39.355 [http-nio-8081-exec-26] INFO  com.knockfish.aspect.LogAspect - [获取文章发布趋势] 请求开始 - GET /api/dashboard/article-trend - DashboardController.getArticleTrend - 参数: "monthly", null
2026-07-28 18:05:39.386 [http-nio-8081-exec-29] INFO  com.knockfish.security.JwtAuthenticationFilter - === 请求路径: /api/dashboard/category-stats, 方法: GET
2026-07-28 18:05:39.435 [http-nio-8081-exec-26] INFO  com.knockfish.aspect.LogAspect - [获取文章发布趋势] 请求成功 - 执行时间: 80ms
2026-07-28 18:05:39.568 [http-nio-8081-exec-29] DEBUG com.knockfish.security.JwtAuthenticationFilter - 用户 [knockfish] (ID:1) JWT 认证通过
2026-07-28 18:05:39.569 [http-nio-8081-exec-29] INFO  com.knockfish.aspect.LogAspect - [获取文章分类统计] 请求开始 - GET /api/dashboard/category-stats - DashboardController.getCategoryStats - 参数: 无
2026-07-28 18:05:39.574 [http-nio-8081-exec-29] INFO  com.knockfish.aspect.LogAspect - [获取文章分类统计] 请求成功 - 执行时间: 5ms
2026-07-28 18:06:15.894 [SpringApplicationShutdownHook] INFO  com.zaxxer.hikari.HikariDataSource - KnockfishHikariCP - Shutdown initiated...
2026-07-28 18:06:15.905 [SpringApplicationShutdownHook] INFO  com.zaxxer.hikari.HikariDataSource - KnockfishHikariCP - Shutdown completed.
2026-07-28 18:26:12.524 [background-preinit] INFO  org.hibernate.validator.internal.util.Version - HV000001: Hibernate Validator 8.0.3.Final
2026-07-28 18:26:12.612 [main] INFO  com.knockfish.KnockfishBlogBackendApplication - Starting KnockfishBlogBackendApplication using Java 17.0.9 with PID 16252 (E:\fish_blog\knockfish-blog-backend\target\classes started by DELL in E:\fish_blog\knockfish-blog-backend)
2026-07-28 18:26:12.612 [main] DEBUG com.knockfish.KnockfishBlogBackendApplication - Running with Spring Boot v3.5.13, Spring v6.2.17
2026-07-28 18:26:12.613 [main] INFO  com.knockfish.KnockfishBlogBackendApplication - No active profile set, falling back to 1 default profile: "default"
2026-07-28 18:26:22.236 [main] INFO  org.apache.coyote.http11.Http11NioProtocol - Initializing ProtocolHandler ["http-nio-8081"]
2026-07-28 18:26:22.237 [main] INFO  org.apache.catalina.core.StandardService - Starting service [Tomcat]
2026-07-28 18:26:22.238 [main] INFO  org.apache.catalina.core.StandardEngine - Starting Servlet engine: [Apache Tomcat/10.1.53]
2026-07-28 18:26:22.331 [main] INFO  o.a.c.core.ContainerBase.[Tomcat].[localhost].[/] - Initializing Spring embedded WebApplicationContext
2026-07-28 18:26:24.210 [main] DEBUG com.knockfish.security.JwtAuthenticationFilter - Filter 'jwtAuthenticationFilter' configured for use
2026-07-28 18:26:27.389 [main] INFO  org.apache.coyote.http11.Http11NioProtocol - Starting ProtocolHandler ["http-nio-8081"]
2026-07-28 18:26:27.432 [main] INFO  com.knockfish.KnockfishBlogBackendApplication - Started KnockfishBlogBackendApplication in 15.879 seconds (process running for 17.28)
2026-07-28 18:28:09.235 [http-nio-8081-exec-2] INFO  o.a.c.core.ContainerBase.[Tomcat].[localhost].[/] - Initializing Spring DispatcherServlet 'dispatcherServlet'
2026-07-28 18:28:09.317 [http-nio-8081-exec-3] INFO  com.knockfish.security.JwtAuthenticationFilter - === 请求路径: /api/dashboard/overview, 方法: GET
2026-07-28 18:28:09.317 [http-nio-8081-exec-4] INFO  com.knockfish.security.JwtAuthenticationFilter - === 请求路径: /api/dashboard/activities, 方法: GET
2026-07-28 18:28:09.437 [http-nio-8081-exec-3] INFO  com.zaxxer.hikari.HikariDataSource - KnockfishHikariCP - Starting...
2026-07-28 18:28:10.002 [http-nio-8081-exec-3] INFO  com.zaxxer.hikari.pool.HikariPool - KnockfishHikariCP - Added connection com.mysql.cj.jdbc.ConnectionImpl@9bb1499
2026-07-28 18:28:10.004 [http-nio-8081-exec-3] INFO  com.zaxxer.hikari.HikariDataSource - KnockfishHikariCP - Start completed.
2026-07-28 18:28:10.319 [http-nio-8081-exec-6] INFO  com.knockfish.security.JwtAuthenticationFilter - === 请求路径: /api/dashboard/article-trend, 方法: GET
2026-07-28 18:28:10.400 [http-nio-8081-exec-8] INFO  com.knockfish.security.JwtAuthenticationFilter - === 请求路径: /api/dashboard/category-stats, 方法: GET
2026-07-28 18:28:11.090 [http-nio-8081-exec-3] DEBUG com.knockfish.security.JwtAuthenticationFilter - 用户 [knockfish] (ID:1) JWT 认证通过
2026-07-28 18:28:11.090 [http-nio-8081-exec-6] DEBUG com.knockfish.security.JwtAuthenticationFilter - 用户 [knockfish] (ID:1) JWT 认证通过
2026-07-28 18:28:11.090 [http-nio-8081-exec-4] DEBUG com.knockfish.security.JwtAuthenticationFilter - 用户 [knockfish] (ID:1) JWT 认证通过
2026-07-28 18:28:11.091 [http-nio-8081-exec-8] DEBUG com.knockfish.security.JwtAuthenticationFilter - 用户 [knockfish] (ID:1) JWT 认证通过
2026-07-28 18:28:11.128 [http-nio-8081-exec-8] INFO  com.knockfish.aspect.LogAspect - [获取文章分类统计] 请求开始 - GET /api/dashboard/category-stats - DashboardController.getCategoryStats - 参数: 无
2026-07-28 18:28:11.128 [http-nio-8081-exec-3] INFO  com.knockfish.aspect.LogAspect - [获取仪表盘概览] 请求开始 - GET /api/dashboard/overview - DashboardController.getOverview - 参数: 无
2026-07-28 18:28:11.144 [http-nio-8081-exec-6] INFO  com.knockfish.aspect.LogAspect - [获取文章发布趋势] 请求开始 - GET /api/dashboard/article-trend - DashboardController.getArticleTrend - 参数: "monthly", null
2026-07-28 18:28:11.145 [http-nio-8081-exec-4] INFO  com.knockfish.aspect.LogAspect - [获取最近动态] 请求开始 - GET /api/dashboard/activities - DashboardController.getActivities - 参数: 10
2026-07-28 18:28:11.285 [http-nio-8081-exec-6] INFO  com.knockfish.aspect.LogAspect - [获取文章发布趋势] 请求成功 - 执行时间: 141ms
2026-07-28 18:28:11.285 [http-nio-8081-exec-4] INFO  com.knockfish.aspect.LogAspect - [获取最近动态] 请求成功 - 执行时间: 140ms
2026-07-28 18:28:11.293 [http-nio-8081-exec-8] INFO  com.knockfish.aspect.LogAspect - [获取文章分类统计] 请求成功 - 执行时间: 165ms
2026-07-28 18:28:11.643 [http-nio-8081-exec-3] INFO  com.knockfish.aspect.LogAspect - [获取仪表盘概览] 请求成功 - 执行时间: 515ms
2026-07-28 18:29:23.398 [http-nio-8081-exec-13] INFO  com.knockfish.security.JwtAuthenticationFilter - === 请求路径: /api/dashboard/overview, 方法: GET
2026-07-28 18:29:23.399 [http-nio-8081-exec-14] INFO  com.knockfish.security.JwtAuthenticationFilter - === 请求路径: /api/dashboard/activities, 方法: GET
2026-07-28 18:29:23.656 [http-nio-8081-exec-13] DEBUG com.knockfish.security.JwtAuthenticationFilter - 用户 [knockfish] (ID:1) JWT 认证通过
2026-07-28 18:29:23.656 [http-nio-8081-exec-14] DEBUG com.knockfish.security.JwtAuthenticationFilter - 用户 [knockfish] (ID:1) JWT 认证通过
2026-07-28 18:29:23.657 [http-nio-8081-exec-13] INFO  com.knockfish.aspect.LogAspect - [获取仪表盘概览] 请求开始 - GET /api/dashboard/overview - DashboardController.getOverview - 参数: 无
2026-07-28 18:29:23.657 [http-nio-8081-exec-14] INFO  com.knockfish.aspect.LogAspect - [获取最近动态] 请求开始 - GET /api/dashboard/activities - DashboardController.getActivities - 参数: 10
2026-07-28 18:29:23.660 [http-nio-8081-exec-14] INFO  com.knockfish.aspect.LogAspect - [获取最近动态] 请求成功 - 执行时间: 3ms
2026-07-28 18:29:23.668 [http-nio-8081-exec-13] INFO  com.knockfish.aspect.LogAspect - [获取仪表盘概览] 请求成功 - 执行时间: 11ms
2026-07-28 18:29:23.875 [http-nio-8081-exec-15] INFO  com.knockfish.security.JwtAuthenticationFilter - === 请求路径: /api/dashboard/article-trend, 方法: GET
2026-07-28 18:29:23.885 [http-nio-8081-exec-15] DEBUG com.knockfish.security.JwtAuthenticationFilter - 用户 [knockfish] (ID:1) JWT 认证通过
2026-07-28 18:29:23.886 [http-nio-8081-exec-15] INFO  com.knockfish.aspect.LogAspect - [获取文章发布趋势] 请求开始 - GET /api/dashboard/article-trend - DashboardController.getArticleTrend - 参数: "monthly", null
2026-07-28 18:29:23.888 [http-nio-8081-exec-15] INFO  com.knockfish.aspect.LogAspect - [获取文章发布趋势] 请求成功 - 执行时间: 2ms
2026-07-28 18:29:23.892 [http-nio-8081-exec-16] INFO  com.knockfish.security.JwtAuthenticationFilter - === 请求路径: /api/dashboard/category-stats, 方法: GET
2026-07-28 18:29:23.905 [http-nio-8081-exec-16] DEBUG com.knockfish.security.JwtAuthenticationFilter - 用户 [knockfish] (ID:1) JWT 认证通过
2026-07-28 18:29:23.906 [http-nio-8081-exec-16] INFO  com.knockfish.aspect.LogAspect - [获取文章分类统计] 请求开始 - GET /api/dashboard/category-stats - DashboardController.getCategoryStats - 参数: 无
2026-07-28 18:29:23.909 [http-nio-8081-exec-16] INFO  com.knockfish.aspect.LogAspect - [获取文章分类统计] 请求成功 - 执行时间: 3ms
2026-07-28 18:29:26.461 [http-nio-8081-exec-17] INFO  com.knockfish.security.JwtAuthenticationFilter - === 请求路径: /api/dashboard/overview, 方法: GET
2026-07-28 18:29:26.476 [http-nio-8081-exec-17] DEBUG com.knockfish.security.JwtAuthenticationFilter - 用户 [knockfish] (ID:1) JWT 认证通过
2026-07-28 18:29:26.477 [http-nio-8081-exec-17] INFO  com.knockfish.aspect.LogAspect - [获取仪表盘概览] 请求开始 - GET /api/dashboard/overview - DashboardController.getOverview - 参数: 无
2026-07-28 18:29:26.491 [http-nio-8081-exec-17] INFO  com.knockfish.aspect.LogAspect - [获取仪表盘概览] 请求成功 - 执行时间: 14ms
2026-07-28 18:29:26.651 [http-nio-8081-exec-18] INFO  com.knockfish.security.JwtAuthenticationFilter - === 请求路径: /api/dashboard/activities, 方法: GET
2026-07-28 18:29:26.660 [http-nio-8081-exec-18] DEBUG com.knockfish.security.JwtAuthenticationFilter - 用户 [knockfish] (ID:1) JWT 认证通过
2026-07-28 18:29:26.661 [http-nio-8081-exec-18] INFO  com.knockfish.aspect.LogAspect - [获取最近动态] 请求开始 - GET /api/dashboard/activities - DashboardController.getActivities - 参数: 10
2026-07-28 18:29:26.663 [http-nio-8081-exec-18] INFO  com.knockfish.aspect.LogAspect - [获取最近动态] 请求成功 - 执行时间: 2ms
2026-07-28 18:29:26.940 [http-nio-8081-exec-19] INFO  com.knockfish.security.JwtAuthenticationFilter - === 请求路径: /api/dashboard/article-trend, 方法: GET
2026-07-28 18:29:26.950 [http-nio-8081-exec-19] DEBUG com.knockfish.security.JwtAuthenticationFilter - 用户 [knockfish] (ID:1) JWT 认证通过
2026-07-28 18:29:26.952 [http-nio-8081-exec-19] INFO  com.knockfish.aspect.LogAspect - [获取文章发布趋势] 请求开始 - GET /api/dashboard/article-trend - DashboardController.getArticleTrend - 参数: "monthly", null
2026-07-28 18:29:26.955 [http-nio-8081-exec-19] INFO  com.knockfish.aspect.LogAspect - [获取文章发布趋势] 请求成功 - 执行时间: 3ms
2026-07-28 18:29:26.958 [http-nio-8081-exec-20] INFO  com.knockfish.security.JwtAuthenticationFilter - === 请求路径: /api/dashboard/category-stats, 方法: GET
2026-07-28 18:29:26.979 [http-nio-8081-exec-20] DEBUG com.knockfish.security.JwtAuthenticationFilter - 用户 [knockfish] (ID:1) JWT 认证通过
2026-07-28 18:29:26.980 [http-nio-8081-exec-20] INFO  com.knockfish.aspect.LogAspect - [获取文章分类统计] 请求开始 - GET /api/dashboard/category-stats - DashboardController.getCategoryStats - 参数: 无
2026-07-28 18:29:26.982 [http-nio-8081-exec-20] INFO  com.knockfish.aspect.LogAspect - [获取文章分类统计] 请求成功 - 执行时间: 2ms
2026-07-28 18:29:36.353 [http-nio-8081-exec-21] INFO  com.knockfish.security.JwtAuthenticationFilter - === 请求路径: /api/dashboard/overview, 方法: GET
2026-07-28 18:29:36.354 [http-nio-8081-exec-22] INFO  com.knockfish.security.JwtAuthenticationFilter - === 请求路径: /api/dashboard/activities, 方法: GET
2026-07-28 18:29:36.362 [http-nio-8081-exec-21] DEBUG com.knockfish.security.JwtAuthenticationFilter - 用户 [knockfish] (ID:1) JWT 认证通过
2026-07-28 18:29:36.362 [http-nio-8081-exec-22] DEBUG com.knockfish.security.JwtAuthenticationFilter - 用户 [knockfish] (ID:1) JWT 认证通过
2026-07-28 18:29:36.363 [http-nio-8081-exec-21] INFO  com.knockfish.aspect.LogAspect - [获取仪表盘概览] 请求开始 - GET /api/dashboard/overview - DashboardController.getOverview - 参数: 无
2026-07-28 18:29:36.363 [http-nio-8081-exec-22] INFO  com.knockfish.aspect.LogAspect - [获取最近动态] 请求开始 - GET /api/dashboard/activities - DashboardController.getActivities - 参数: 10
2026-07-28 18:29:36.365 [http-nio-8081-exec-22] INFO  com.knockfish.aspect.LogAspect - [获取最近动态] 请求成功 - 执行时间: 1ms
2026-07-28 18:29:36.377 [http-nio-8081-exec-21] INFO  com.knockfish.aspect.LogAspect - [获取仪表盘概览] 请求成功 - 执行时间: 14ms
2026-07-28 18:29:36.432 [http-nio-8081-exec-23] INFO  com.knockfish.security.JwtAuthenticationFilter - === 请求路径: /api/dashboard/article-trend, 方法: GET
2026-07-28 18:29:36.441 [http-nio-8081-exec-23] DEBUG com.knockfish.security.JwtAuthenticationFilter - 用户 [knockfish] (ID:1) JWT 认证通过
2026-07-28 18:29:36.442 [http-nio-8081-exec-23] INFO  com.knockfish.aspect.LogAspect - [获取文章发布趋势] 请求开始 - GET /api/dashboard/article-trend - DashboardController.getArticleTrend - 参数: "monthly", null
2026-07-28 18:29:36.445 [http-nio-8081-exec-23] INFO  com.knockfish.aspect.LogAspect - [获取文章发布趋势] 请求成功 - 执行时间: 3ms
2026-07-28 18:29:36.448 [http-nio-8081-exec-24] INFO  com.knockfish.security.JwtAuthenticationFilter - === 请求路径: /api/dashboard/category-stats, 方法: GET
2026-07-28 18:29:36.458 [http-nio-8081-exec-24] DEBUG com.knockfish.security.JwtAuthenticationFilter - 用户 [knockfish] (ID:1) JWT 认证通过
2026-07-28 18:29:36.459 [http-nio-8081-exec-24] INFO  com.knockfish.aspect.LogAspect - [获取文章分类统计] 请求开始 - GET /api/dashboard/category-stats - DashboardController.getCategoryStats - 参数: 无
2026-07-28 18:29:36.462 [http-nio-8081-exec-24] INFO  com.knockfish.aspect.LogAspect - [获取文章分类统计] 请求成功 - 执行时间: 3ms
2026-07-28 18:30:34.531 [http-nio-8081-exec-27] INFO  com.knockfish.security.JwtAuthenticationFilter - === 请求路径: /api/dashboard/overview, 方法: GET
2026-07-28 18:30:34.532 [http-nio-8081-exec-28] INFO  com.knockfish.security.JwtAuthenticationFilter - === 请求路径: /api/dashboard/activities, 方法: GET
2026-07-28 18:30:34.544 [http-nio-8081-exec-28] DEBUG com.knockfish.security.JwtAuthenticationFilter - 用户 [knockfish] (ID:1) JWT 认证通过
2026-07-28 18:30:34.544 [http-nio-8081-exec-27] DEBUG com.knockfish.security.JwtAuthenticationFilter - 用户 [knockfish] (ID:1) JWT 认证通过
2026-07-28 18:30:34.545 [http-nio-8081-exec-27] INFO  com.knockfish.aspect.LogAspect - [获取仪表盘概览] 请求开始 - GET /api/dashboard/overview - DashboardController.getOverview - 参数: 无
2026-07-28 18:30:34.545 [http-nio-8081-exec-28] INFO  com.knockfish.aspect.LogAspect - [获取最近动态] 请求开始 - GET /api/dashboard/activities - DashboardController.getActivities - 参数: 10
2026-07-28 18:30:34.547 [http-nio-8081-exec-28] INFO  com.knockfish.aspect.LogAspect - [获取最近动态] 请求成功 - 执行时间: 2ms
2026-07-28 18:30:34.566 [http-nio-8081-exec-27] INFO  com.knockfish.aspect.LogAspect - [获取仪表盘概览] 请求成功 - 执行时间: 21ms
2026-07-28 18:30:34.885 [http-nio-8081-exec-29] INFO  com.knockfish.security.JwtAuthenticationFilter - === 请求路径: /api/dashboard/category-stats, 方法: GET
2026-07-28 18:30:34.893 [http-nio-8081-exec-29] DEBUG com.knockfish.security.JwtAuthenticationFilter - 用户 [knockfish] (ID:1) JWT 认证通过
2026-07-28 18:30:34.894 [http-nio-8081-exec-29] INFO  com.knockfish.aspect.LogAspect - [获取文章分类统计] 请求开始 - GET /api/dashboard/category-stats - DashboardController.getCategoryStats - 参数: 无
2026-07-28 18:30:34.895 [http-nio-8081-exec-29] INFO  com.knockfish.aspect.LogAspect - [获取文章分类统计] 请求成功 - 执行时间: 1ms
2026-07-28 18:30:34.910 [http-nio-8081-exec-30] INFO  com.knockfish.security.JwtAuthenticationFilter - === 请求路径: /api/dashboard/article-trend, 方法: GET
2026-07-28 18:30:34.918 [http-nio-8081-exec-30] DEBUG com.knockfish.security.JwtAuthenticationFilter - 用户 [knockfish] (ID:1) JWT 认证通过
2026-07-28 18:30:34.919 [http-nio-8081-exec-30] INFO  com.knockfish.aspect.LogAspect - [获取文章发布趋势] 请求开始 - GET /api/dashboard/article-trend - DashboardController.getArticleTrend - 参数: "monthly", null
2026-07-28 18:30:34.923 [http-nio-8081-exec-30] INFO  com.knockfish.aspect.LogAspect - [获取文章发布趋势] 请求成功 - 执行时间: 3ms
2026-07-28 18:30:53.301 [http-nio-8081-exec-32] INFO  com.knockfish.security.JwtAuthenticationFilter - === 请求路径: /api/category/with-site-count, 方法: GET
2026-07-28 18:30:53.308 [http-nio-8081-exec-32] DEBUG com.knockfish.security.JwtAuthenticationFilter - 用户 [knockfish] (ID:1) JWT 认证通过
2026-07-28 18:30:53.315 [http-nio-8081-exec-32] INFO  com.knockfish.aspect.LogAspect - [查询分类列表(含统计)] 请求开始 - GET /api/category/with-site-count - CategoryController.getCategoryWithSiteCountList - 参数: {"categoryName":null}, 1, 10
2026-07-28 18:30:53.587 [http-nio-8081-exec-32] INFO  com.knockfish.aspect.LogAspect - [查询分类列表(含统计)] 请求成功 - 执行时间: 272ms
2026-07-28 18:31:06.373 [http-nio-8081-exec-34] INFO  com.knockfish.security.JwtAuthenticationFilter - === 请求路径: /api/category/with-site-count, 方法: GET
2026-07-28 18:31:06.382 [http-nio-8081-exec-34] DEBUG com.knockfish.security.JwtAuthenticationFilter - 用户 [knockfish] (ID:1) JWT 认证通过
2026-07-28 18:31:06.383 [http-nio-8081-exec-34] INFO  com.knockfish.aspect.LogAspect - [查询分类列表(含统计)] 请求开始 - GET /api/category/with-site-count - CategoryController.getCategoryWithSiteCountList - 参数: {"categoryName":null}, 1, 10
2026-07-28 18:31:06.389 [http-nio-8081-exec-34] INFO  com.knockfish.aspect.LogAspect - [查询分类列表(含统计)] 请求成功 - 执行时间: 6ms
2026-07-28 18:31:14.282 [http-nio-8081-exec-35] INFO  com.knockfish.security.JwtAuthenticationFilter - === 请求路径: /api/category/with-site-count, 方法: GET
2026-07-28 18:31:14.290 [http-nio-8081-exec-35] DEBUG com.knockfish.security.JwtAuthenticationFilter - 用户 [knockfish] (ID:1) JWT 认证通过
2026-07-28 18:31:14.291 [http-nio-8081-exec-35] INFO  com.knockfish.aspect.LogAspect - [查询分类列表(含统计)] 请求开始 - GET /api/category/with-site-count - CategoryController.getCategoryWithSiteCountList - 参数: {"categoryName":null}, 1, 10
2026-07-28 18:31:14.297 [http-nio-8081-exec-35] INFO  com.knockfish.aspect.LogAspect - [查询分类列表(含统计)] 请求成功 - 执行时间: 6ms
2026-07-28 18:31:16.590 [http-nio-8081-exec-37] INFO  com.knockfish.security.JwtAuthenticationFilter - === 请求路径: /api/tag/page, 方法: GET
2026-07-28 18:31:16.598 [http-nio-8081-exec-37] DEBUG com.knockfish.security.JwtAuthenticationFilter - 用户 [knockfish] (ID:1) JWT 认证通过
2026-07-28 18:31:16.600 [http-nio-8081-exec-37] INFO  com.knockfish.aspect.LogAspect - [查询标签列表] 请求开始 - GET /api/tag/page - TagController.getTagListVO - 参数: {"tagName":null}, 1, 10
2026-07-28 18:31:16.606 [http-nio-8081-exec-37] INFO  com.knockfish.aspect.LogAspect - [查询标签列表] 请求成功 - 执行时间: 6ms
2026-07-28 18:31:18.665 [http-nio-8081-exec-38] INFO  com.knockfish.security.JwtAuthenticationFilter - === 请求路径: /api/category/with-site-count, 方法: GET
2026-07-28 18:31:18.674 [http-nio-8081-exec-38] DEBUG com.knockfish.security.JwtAuthenticationFilter - 用户 [knockfish] (ID:1) JWT 认证通过
2026-07-28 18:31:18.675 [http-nio-8081-exec-38] INFO  com.knockfish.aspect.LogAspect - [查询分类列表(含统计)] 请求开始 - GET /api/category/with-site-count - CategoryController.getCategoryWithSiteCountList - 参数: {"categoryName":null}, 1, 10
2026-07-28 18:31:18.682 [http-nio-8081-exec-38] INFO  com.knockfish.aspect.LogAspect - [查询分类列表(含统计)] 请求成功 - 执行时间: 7ms
2026-07-28 18:31:22.448 [http-nio-8081-exec-40] INFO  com.knockfish.security.JwtAuthenticationFilter - === 请求路径: /api/article/list, 方法: GET
2026-07-28 18:31:22.461 [http-nio-8081-exec-40] DEBUG com.knockfish.security.JwtAuthenticationFilter - 用户 [knockfish] (ID:1) JWT 认证通过
2026-07-28 18:31:22.463 [http-nio-8081-exec-40] INFO  com.knockfish.aspect.LogAspect - [查询文章列表] 请求开始 - GET /api/article/list - ArticleController.getArticleList - 参数: {"userId":null,"title":null}, 1, 10
2026-07-28 18:31:22.478 [http-nio-8081-exec-40] INFO  com.knockfish.aspect.LogAspect - [查询文章列表] 请求成功 - 执行时间: 14ms
2026-07-28 18:31:43.362 [http-nio-8081-exec-41] INFO  com.knockfish.security.JwtAuthenticationFilter - === 请求路径: /api/article/list, 方法: GET
2026-07-28 18:31:43.375 [http-nio-8081-exec-41] DEBUG com.knockfish.security.JwtAuthenticationFilter - 用户 [knockfish] (ID:1) JWT 认证通过
2026-07-28 18:31:43.377 [http-nio-8081-exec-41] INFO  com.knockfish.aspect.LogAspect - [查询文章列表] 请求开始 - GET /api/article/list - ArticleController.getArticleList - 参数: {"userId":null,"title":null}, 1, 10
2026-07-28 18:31:43.385 [http-nio-8081-exec-41] INFO  com.knockfish.aspect.LogAspect - [查询文章列表] 请求成功 - 执行时间: 8ms
2026-07-28 18:32:38.758 [http-nio-8081-exec-43] INFO  com.knockfish.security.JwtAuthenticationFilter - === 请求路径: /api/dashboard/overview, 方法: GET
2026-07-28 18:32:38.759 [http-nio-8081-exec-44] INFO  com.knockfish.security.JwtAuthenticationFilter - === 请求路径: /api/dashboard/activities, 方法: GET
2026-07-28 18:32:38.768 [http-nio-8081-exec-43] DEBUG com.knockfish.security.JwtAuthenticationFilter - 用户 [knockfish] (ID:1) JWT 认证通过
2026-07-28 18:32:38.768 [http-nio-8081-exec-44] DEBUG com.knockfish.security.JwtAuthenticationFilter - 用户 [knockfish] (ID:1) JWT 认证通过
2026-07-28 18:32:38.769 [http-nio-8081-exec-43] INFO  com.knockfish.aspect.LogAspect - [获取仪表盘概览] 请求开始 - GET /api/dashboard/overview - DashboardController.getOverview - 参数: 无
2026-07-28 18:32:38.769 [http-nio-8081-exec-44] INFO  com.knockfish.aspect.LogAspect - [获取最近动态] 请求开始 - GET /api/dashboard/activities - DashboardController.getActivities - 参数: 10
2026-07-28 18:32:38.771 [http-nio-8081-exec-44] INFO  com.knockfish.aspect.LogAspect - [获取最近动态] 请求成功 - 执行时间: 2ms
2026-07-28 18:32:38.782 [http-nio-8081-exec-43] INFO  com.knockfish.aspect.LogAspect - [获取仪表盘概览] 请求成功 - 执行时间: 13ms
2026-07-28 18:32:39.071 [http-nio-8081-exec-45] INFO  com.knockfish.security.JwtAuthenticationFilter - === 请求路径: /api/dashboard/category-stats, 方法: GET
2026-07-28 18:32:39.079 [http-nio-8081-exec-45] DEBUG com.knockfish.security.JwtAuthenticationFilter - 用户 [knockfish] (ID:1) JWT 认证通过
2026-07-28 18:32:39.080 [http-nio-8081-exec-45] INFO  com.knockfish.aspect.LogAspect - [获取文章分类统计] 请求开始 - GET /api/dashboard/category-stats - DashboardController.getCategoryStats - 参数: 无
2026-07-28 18:32:39.082 [http-nio-8081-exec-45] INFO  com.knockfish.aspect.LogAspect - [获取文章分类统计] 请求成功 - 执行时间: 2ms
2026-07-28 18:32:39.101 [http-nio-8081-exec-46] INFO  com.knockfish.security.JwtAuthenticationFilter - === 请求路径: /api/dashboard/article-trend, 方法: GET
2026-07-28 18:32:39.110 [http-nio-8081-exec-46] DEBUG com.knockfish.security.JwtAuthenticationFilter - 用户 [knockfish] (ID:1) JWT 认证通过
2026-07-28 18:32:39.110 [http-nio-8081-exec-46] INFO  com.knockfish.aspect.LogAspect - [获取文章发布趋势] 请求开始 - GET /api/dashboard/article-trend - DashboardController.getArticleTrend - 参数: "monthly", null
2026-07-28 18:32:39.112 [http-nio-8081-exec-46] INFO  com.knockfish.aspect.LogAspect - [获取文章发布趋势] 请求成功 - 执行时间: 1ms
2026-07-28 18:32:40.769 [http-nio-8081-exec-47] INFO  com.knockfish.security.JwtAuthenticationFilter - === 请求路径: /api/dashboard/overview, 方法: GET
2026-07-28 18:32:40.773 [http-nio-8081-exec-49] INFO  com.knockfish.security.JwtAuthenticationFilter - === 请求路径: /api/dashboard/article-trend, 方法: GET
2026-07-28 18:32:40.774 [http-nio-8081-exec-1] INFO  com.knockfish.security.JwtAuthenticationFilter - === 请求路径: /api/dashboard/tag-cloud, 方法: GET
2026-07-28 18:32:40.776 [http-nio-8081-exec-2] INFO  com.knockfish.security.JwtAuthenticationFilter - === 请求路径: /api/dashboard/latest-articles, 方法: GET
2026-07-28 18:32:40.783 [http-nio-8081-exec-47] DEBUG com.knockfish.security.JwtAuthenticationFilter - 用户 [knockfish] (ID:1) JWT 认证通过
2026-07-28 18:32:40.784 [http-nio-8081-exec-47] INFO  com.knockfish.aspect.LogAspect - [获取仪表盘概览] 请求开始 - GET /api/dashboard/overview - DashboardController.getOverview - 参数: 无
2026-07-28 18:32:40.786 [http-nio-8081-exec-1] DEBUG com.knockfish.security.JwtAuthenticationFilter - 用户 [knockfish] (ID:1) JWT 认证通过
2026-07-28 18:32:40.786 [http-nio-8081-exec-49] DEBUG com.knockfish.security.JwtAuthenticationFilter - 用户 [knockfish] (ID:1) JWT 认证通过
2026-07-28 18:32:40.787 [http-nio-8081-exec-1] INFO  com.knockfish.aspect.LogAspect - [获取标签云] 请求开始 - GET /api/dashboard/tag-cloud - DashboardController.getTagCloud - 参数: 无
2026-07-28 18:32:40.787 [http-nio-8081-exec-49] INFO  com.knockfish.aspect.LogAspect - [获取文章发布趋势] 请求开始 - GET /api/dashboard/article-trend - DashboardController.getArticleTrend - 参数: "monthly", null
2026-07-28 18:32:40.789 [http-nio-8081-exec-49] INFO  com.knockfish.aspect.LogAspect - [获取文章发布趋势] 请求成功 - 执行时间: 2ms
2026-07-28 18:32:40.790 [http-nio-8081-exec-1] INFO  com.knockfish.aspect.LogAspect - [获取标签云] 请求成功 - 执行时间: 3ms
2026-07-28 18:32:40.791 [http-nio-8081-exec-2] DEBUG com.knockfish.security.JwtAuthenticationFilter - 用户 [knockfish] (ID:1) JWT 认证通过
2026-07-28 18:32:40.792 [http-nio-8081-exec-2] INFO  com.knockfish.aspect.LogAspect - [获取最近文章] 请求开始 - GET /api/dashboard/latest-articles - DashboardController.getLatestArticles - 参数: 10
2026-07-28 18:32:40.797 [http-nio-8081-exec-2] INFO  com.knockfish.aspect.LogAspect - [获取最近文章] 请求成功 - 执行时间: 4ms
2026-07-28 18:32:40.799 [http-nio-8081-exec-47] INFO  com.knockfish.aspect.LogAspect - [获取仪表盘概览] 请求成功 - 执行时间: 15ms
2026-07-28 18:35:08.035 [http-nio-8081-exec-4] INFO  com.knockfish.security.JwtAuthenticationFilter - === 请求路径: /api/dashboard/overview, 方法: GET
2026-07-28 18:35:08.038 [http-nio-8081-exec-3] INFO  com.knockfish.security.JwtAuthenticationFilter - === 请求路径: /api/dashboard/tag-cloud, 方法: GET
2026-07-28 18:35:08.038 [http-nio-8081-exec-10] INFO  com.knockfish.security.JwtAuthenticationFilter - === 请求路径: /api/dashboard/article-trend, 方法: GET
2026-07-28 18:35:08.038 [http-nio-8081-exec-11] INFO  com.knockfish.security.JwtAuthenticationFilter - === 请求路径: /api/dashboard/latest-articles, 方法: GET
2026-07-28 18:35:08.045 [http-nio-8081-exec-3] DEBUG com.knockfish.security.JwtAuthenticationFilter - 用户 [knockfish] (ID:1) JWT 认证通过
2026-07-28 18:35:08.045 [http-nio-8081-exec-10] DEBUG com.knockfish.security.JwtAuthenticationFilter - 用户 [knockfish] (ID:1) JWT 认证通过
2026-07-28 18:35:08.045 [http-nio-8081-exec-4] DEBUG com.knockfish.security.JwtAuthenticationFilter - 用户 [knockfish] (ID:1) JWT 认证通过
2026-07-28 18:35:08.046 [http-nio-8081-exec-4] INFO  com.knockfish.aspect.LogAspect - [获取仪表盘概览] 请求开始 - GET /api/dashboard/overview - DashboardController.getOverview - 参数: 无
2026-07-28 18:35:08.046 [http-nio-8081-exec-3] INFO  com.knockfish.aspect.LogAspect - [获取标签云] 请求开始 - GET /api/dashboard/tag-cloud - DashboardController.getTagCloud - 参数: 无
2026-07-28 18:35:08.046 [http-nio-8081-exec-10] INFO  com.knockfish.aspect.LogAspect - [获取文章发布趋势] 请求开始 - GET /api/dashboard/article-trend - DashboardController.getArticleTrend - 参数: "monthly", null
2026-07-28 18:35:08.047 [http-nio-8081-exec-11] DEBUG com.knockfish.security.JwtAuthenticationFilter - 用户 [knockfish] (ID:1) JWT 认证通过
2026-07-28 18:35:08.048 [http-nio-8081-exec-3] INFO  com.knockfish.aspect.LogAspect - [获取标签云] 请求成功 - 执行时间: 2ms
2026-07-28 18:35:08.048 [http-nio-8081-exec-11] INFO  com.knockfish.aspect.LogAspect - [获取最近文章] 请求开始 - GET /api/dashboard/latest-articles - DashboardController.getLatestArticles - 参数: 10
2026-07-28 18:35:08.050 [http-nio-8081-exec-10] INFO  com.knockfish.aspect.LogAspect - [获取文章发布趋势] 请求成功 - 执行时间: 4ms
2026-07-28 18:35:08.051 [http-nio-8081-exec-11] INFO  com.knockfish.aspect.LogAspect - [获取最近文章] 请求成功 - 执行时间: 3ms
2026-07-28 18:35:08.062 [http-nio-8081-exec-4] INFO  com.knockfish.aspect.LogAspect - [获取仪表盘概览] 请求成功 - 执行时间: 16ms
2026-07-28 18:35:53.310 [http-nio-8081-exec-15] INFO  com.knockfish.security.JwtAuthenticationFilter - === 请求路径: /api/dashboard/overview, 方法: GET
2026-07-28 18:35:53.312 [http-nio-8081-exec-16] INFO  com.knockfish.security.JwtAuthenticationFilter - === 请求路径: /api/dashboard/tag-cloud, 方法: GET
2026-07-28 18:35:53.312 [http-nio-8081-exec-18] INFO  com.knockfish.security.JwtAuthenticationFilter - === 请求路径: /api/dashboard/article-trend, 方法: GET
2026-07-28 18:35:53.312 [http-nio-8081-exec-17] INFO  com.knockfish.security.JwtAuthenticationFilter - === 请求路径: /api/dashboard/latest-articles, 方法: GET
2026-07-28 18:35:53.327 [http-nio-8081-exec-15] DEBUG com.knockfish.security.JwtAuthenticationFilter - 用户 [knockfish] (ID:1) JWT 认证通过
2026-07-28 18:35:53.327 [http-nio-8081-exec-15] INFO  com.knockfish.aspect.LogAspect - [获取仪表盘概览] 请求开始 - GET /api/dashboard/overview - DashboardController.getOverview - 参数: 无
2026-07-28 18:35:53.328 [http-nio-8081-exec-18] DEBUG com.knockfish.security.JwtAuthenticationFilter - 用户 [knockfish] (ID:1) JWT 认证通过
2026-07-28 18:35:53.329 [http-nio-8081-exec-17] DEBUG com.knockfish.security.JwtAuthenticationFilter - 用户 [knockfish] (ID:1) JWT 认证通过
2026-07-28 18:35:53.329 [http-nio-8081-exec-18] INFO  com.knockfish.aspect.LogAspect - [获取文章发布趋势] 请求开始 - GET /api/dashboard/article-trend - DashboardController.getArticleTrend - 参数: "monthly", null
2026-07-28 18:35:53.330 [http-nio-8081-exec-17] INFO  com.knockfish.aspect.LogAspect - [获取最近文章] 请求开始 - GET /api/dashboard/latest-articles - DashboardController.getLatestArticles - 参数: 10
2026-07-28 18:35:53.331 [http-nio-8081-exec-16] DEBUG com.knockfish.security.JwtAuthenticationFilter - 用户 [knockfish] (ID:1) JWT 认证通过
2026-07-28 18:35:53.331 [http-nio-8081-exec-18] INFO  com.knockfish.aspect.LogAspect - [获取文章发布趋势] 请求成功 - 执行时间: 1ms
2026-07-28 18:35:53.332 [http-nio-8081-exec-16] INFO  com.knockfish.aspect.LogAspect - [获取标签云] 请求开始 - GET /api/dashboard/tag-cloud - DashboardController.getTagCloud - 参数: 无
2026-07-28 18:35:53.332 [http-nio-8081-exec-17] INFO  com.knockfish.aspect.LogAspect - [获取最近文章] 请求成功 - 执行时间: 2ms
2026-07-28 18:35:53.334 [http-nio-8081-exec-16] INFO  com.knockfish.aspect.LogAspect - [获取标签云] 请求成功 - 执行时间: 2ms
2026-07-28 18:35:53.346 [http-nio-8081-exec-15] INFO  com.knockfish.aspect.LogAspect - [获取仪表盘概览] 请求成功 - 执行时间: 18ms
2026-07-28 18:36:04.564 [http-nio-8081-exec-20] INFO  com.knockfish.security.JwtAuthenticationFilter - === 请求路径: /api/dashboard/tag-cloud, 方法: GET
2026-07-28 18:36:04.564 [http-nio-8081-exec-19] INFO  com.knockfish.security.JwtAuthenticationFilter - === 请求路径: /api/dashboard/overview, 方法: GET
2026-07-28 18:36:04.564 [http-nio-8081-exec-22] INFO  com.knockfish.security.JwtAuthenticationFilter - === 请求路径: /api/dashboard/latest-articles, 方法: GET
2026-07-28 18:36:04.564 [http-nio-8081-exec-21] INFO  com.knockfish.security.JwtAuthenticationFilter - === 请求路径: /api/dashboard/article-trend, 方法: GET
2026-07-28 18:36:04.577 [http-nio-8081-exec-22] DEBUG com.knockfish.security.JwtAuthenticationFilter - 用户 [knockfish] (ID:1) JWT 认证通过
2026-07-28 18:36:04.577 [http-nio-8081-exec-21] DEBUG com.knockfish.security.JwtAuthenticationFilter - 用户 [knockfish] (ID:1) JWT 认证通过
2026-07-28 18:36:04.577 [http-nio-8081-exec-19] DEBUG com.knockfish.security.JwtAuthenticationFilter - 用户 [knockfish] (ID:1) JWT 认证通过
2026-07-28 18:36:04.577 [http-nio-8081-exec-20] DEBUG com.knockfish.security.JwtAuthenticationFilter - 用户 [knockfish] (ID:1) JWT 认证通过
2026-07-28 18:36:04.578 [http-nio-8081-exec-22] INFO  com.knockfish.aspect.LogAspect - [获取最近文章] 请求开始 - GET /api/dashboard/latest-articles - DashboardController.getLatestArticles - 参数: 10
2026-07-28 18:36:04.579 [http-nio-8081-exec-19] INFO  com.knockfish.aspect.LogAspect - [获取仪表盘概览] 请求开始 - GET /api/dashboard/overview - DashboardController.getOverview - 参数: 无
2026-07-28 18:36:04.579 [http-nio-8081-exec-20] INFO  com.knockfish.aspect.LogAspect - [获取标签云] 请求开始 - GET /api/dashboard/tag-cloud - DashboardController.getTagCloud - 参数: 无
2026-07-28 18:36:04.579 [http-nio-8081-exec-21] INFO  com.knockfish.aspect.LogAspect - [获取文章发布趋势] 请求开始 - GET /api/dashboard/article-trend - DashboardController.getArticleTrend - 参数: "monthly", null
2026-07-28 18:36:04.580 [http-nio-8081-exec-21] INFO  com.knockfish.aspect.LogAspect - [获取文章发布趋势] 请求成功 - 执行时间: 1ms
2026-07-28 18:36:04.580 [http-nio-8081-exec-22] INFO  com.knockfish.aspect.LogAspect - [获取最近文章] 请求成功 - 执行时间: 2ms
2026-07-28 18:36:04.580 [http-nio-8081-exec-20] INFO  com.knockfish.aspect.LogAspect - [获取标签云] 请求成功 - 执行时间: 1ms
2026-07-28 18:36:04.596 [http-nio-8081-exec-19] INFO  com.knockfish.aspect.LogAspect - [获取仪表盘概览] 请求成功 - 执行时间: 17ms
2026-07-28 18:36:07.538 [http-nio-8081-exec-23] INFO  com.knockfish.security.JwtAuthenticationFilter - === 请求路径: /api/dashboard/overview, 方法: GET
2026-07-28 18:36:07.539 [http-nio-8081-exec-24] INFO  com.knockfish.security.JwtAuthenticationFilter - === 请求路径: /api/dashboard/tag-cloud, 方法: GET
2026-07-28 18:36:07.540 [http-nio-8081-exec-26] INFO  com.knockfish.security.JwtAuthenticationFilter - === 请求路径: /api/dashboard/latest-articles, 方法: GET
2026-07-28 18:36:07.540 [http-nio-8081-exec-25] INFO  com.knockfish.security.JwtAuthenticationFilter - === 请求路径: /api/dashboard/article-trend, 方法: GET
2026-07-28 18:36:07.550 [http-nio-8081-exec-23] DEBUG com.knockfish.security.JwtAuthenticationFilter - 用户 [knockfish] (ID:1) JWT 认证通过
2026-07-28 18:36:07.551 [http-nio-8081-exec-24] DEBUG com.knockfish.security.JwtAuthenticationFilter - 用户 [knockfish] (ID:1) JWT 认证通过
2026-07-28 18:36:07.552 [http-nio-8081-exec-24] INFO  com.knockfish.aspect.LogAspect - [获取标签云] 请求开始 - GET /api/dashboard/tag-cloud - DashboardController.getTagCloud - 参数: 无
2026-07-28 18:36:07.552 [http-nio-8081-exec-23] INFO  com.knockfish.aspect.LogAspect - [获取仪表盘概览] 请求开始 - GET /api/dashboard/overview - DashboardController.getOverview - 参数: 无
2026-07-28 18:36:07.556 [http-nio-8081-exec-24] INFO  com.knockfish.aspect.LogAspect - [获取标签云] 请求成功 - 执行时间: 3ms
2026-07-28 18:36:07.556 [http-nio-8081-exec-26] DEBUG com.knockfish.security.JwtAuthenticationFilter - 用户 [knockfish] (ID:1) JWT 认证通过
2026-07-28 18:36:07.558 [http-nio-8081-exec-26] INFO  com.knockfish.aspect.LogAspect - [获取最近文章] 请求开始 - GET /api/dashboard/latest-articles - DashboardController.getLatestArticles - 参数: 10
2026-07-28 18:36:07.559 [http-nio-8081-exec-25] DEBUG com.knockfish.security.JwtAuthenticationFilter - 用户 [knockfish] (ID:1) JWT 认证通过
2026-07-28 18:36:07.560 [http-nio-8081-exec-25] INFO  com.knockfish.aspect.LogAspect - [获取文章发布趋势] 请求开始 - GET /api/dashboard/article-trend - DashboardController.getArticleTrend - 参数: "monthly", null
2026-07-28 18:36:07.560 [http-nio-8081-exec-26] INFO  com.knockfish.aspect.LogAspect - [获取最近文章] 请求成功 - 执行时间: 2ms
2026-07-28 18:36:07.562 [http-nio-8081-exec-25] INFO  com.knockfish.aspect.LogAspect - [获取文章发布趋势] 请求成功 - 执行时间: 2ms
2026-07-28 18:36:07.578 [http-nio-8081-exec-23] INFO  com.knockfish.aspect.LogAspect - [获取仪表盘概览] 请求成功 - 执行时间: 25ms
2026-07-28 18:36:09.815 [http-nio-8081-exec-27] INFO  com.knockfish.security.JwtAuthenticationFilter - === 请求路径: /api/dashboard/tag-cloud, 方法: GET
2026-07-28 18:36:09.816 [http-nio-8081-exec-29] INFO  com.knockfish.security.JwtAuthenticationFilter - === 请求路径: /api/dashboard/latest-articles, 方法: GET
2026-07-28 18:36:09.815 [http-nio-8081-exec-28] INFO  com.knockfish.security.JwtAuthenticationFilter - === 请求路径: /api/dashboard/overview, 方法: GET
2026-07-28 18:36:09.818 [http-nio-8081-exec-30] INFO  com.knockfish.security.JwtAuthenticationFilter - === 请求路径: /api/dashboard/article-trend, 方法: GET
2026-07-28 18:36:09.826 [http-nio-8081-exec-29] DEBUG com.knockfish.security.JwtAuthenticationFilter - 用户 [knockfish] (ID:1) JWT 认证通过
2026-07-28 18:36:09.826 [http-nio-8081-exec-28] DEBUG com.knockfish.security.JwtAuthenticationFilter - 用户 [knockfish] (ID:1) JWT 认证通过
2026-07-28 18:36:09.826 [http-nio-8081-exec-30] DEBUG com.knockfish.security.JwtAuthenticationFilter - 用户 [knockfish] (ID:1) JWT 认证通过
2026-07-28 18:36:09.826 [http-nio-8081-exec-27] DEBUG com.knockfish.security.JwtAuthenticationFilter - 用户 [knockfish] (ID:1) JWT 认证通过
2026-07-28 18:36:09.827 [http-nio-8081-exec-28] INFO  com.knockfish.aspect.LogAspect - [获取仪表盘概览] 请求开始 - GET /api/dashboard/overview - DashboardController.getOverview - 参数: 无
2026-07-28 18:36:09.827 [http-nio-8081-exec-27] INFO  com.knockfish.aspect.LogAspect - [获取标签云] 请求开始 - GET /api/dashboard/tag-cloud - DashboardController.getTagCloud - 参数: 无
2026-07-28 18:36:09.827 [http-nio-8081-exec-29] INFO  com.knockfish.aspect.LogAspect - [获取最近文章] 请求开始 - GET /api/dashboard/latest-articles - DashboardController.getLatestArticles - 参数: 10
2026-07-28 18:36:09.827 [http-nio-8081-exec-30] INFO  com.knockfish.aspect.LogAspect - [获取文章发布趋势] 请求开始 - GET /api/dashboard/article-trend - DashboardController.getArticleTrend - 参数: "monthly", null
2026-07-28 18:36:09.828 [http-nio-8081-exec-29] INFO  com.knockfish.aspect.LogAspect - [获取最近文章] 请求成功 - 执行时间: 1ms
2026-07-28 18:36:09.828 [http-nio-8081-exec-30] INFO  com.knockfish.aspect.LogAspect - [获取文章发布趋势] 请求成功 - 执行时间: 1ms
2026-07-28 18:36:09.828 [http-nio-8081-exec-27] INFO  com.knockfish.aspect.LogAspect - [获取标签云] 请求成功 - 执行时间: 1ms
2026-07-28 18:36:09.839 [http-nio-8081-exec-28] INFO  com.knockfish.aspect.LogAspect - [获取仪表盘概览] 请求成功 - 执行时间: 12ms
2026-07-28 18:36:11.654 [http-nio-8081-exec-32] INFO  com.knockfish.security.JwtAuthenticationFilter - === 请求路径: /api/dashboard/tag-cloud, 方法: GET
2026-07-28 18:36:11.654 [http-nio-8081-exec-31] INFO  com.knockfish.security.JwtAuthenticationFilter - === 请求路径: /api/dashboard/overview, 方法: GET
2026-07-28 18:36:11.654 [http-nio-8081-exec-33] INFO  com.knockfish.security.JwtAuthenticationFilter - === 请求路径: /api/dashboard/latest-articles, 方法: GET
2026-07-28 18:36:11.654 [http-nio-8081-exec-34] INFO  com.knockfish.security.JwtAuthenticationFilter - === 请求路径: /api/dashboard/article-trend, 方法: GET
2026-07-28 18:36:11.664 [http-nio-8081-exec-31] DEBUG com.knockfish.security.JwtAuthenticationFilter - 用户 [knockfish] (ID:1) JWT 认证通过
2026-07-28 18:36:11.664 [http-nio-8081-exec-33] DEBUG com.knockfish.security.JwtAuthenticationFilter - 用户 [knockfish] (ID:1) JWT 认证通过
2026-07-28 18:36:11.664 [http-nio-8081-exec-34] DEBUG com.knockfish.security.JwtAuthenticationFilter - 用户 [knockfish] (ID:1) JWT 认证通过
2026-07-28 18:36:11.664 [http-nio-8081-exec-32] DEBUG com.knockfish.security.JwtAuthenticationFilter - 用户 [knockfish] (ID:1) JWT 认证通过
2026-07-28 18:36:11.665 [http-nio-8081-exec-32] INFO  com.knockfish.aspect.LogAspect - [获取标签云] 请求开始 - GET /api/dashboard/tag-cloud - DashboardController.getTagCloud - 参数: 无
2026-07-28 18:36:11.665 [http-nio-8081-exec-31] INFO  com.knockfish.aspect.LogAspect - [获取仪表盘概览] 请求开始 - GET /api/dashboard/overview - DashboardController.getOverview - 参数: 无
2026-07-28 18:36:11.665 [http-nio-8081-exec-34] INFO  com.knockfish.aspect.LogAspect - [获取文章发布趋势] 请求开始 - GET /api/dashboard/article-trend - DashboardController.getArticleTrend - 参数: "monthly", null
2026-07-28 18:36:11.665 [http-nio-8081-exec-33] INFO  com.knockfish.aspect.LogAspect - [获取最近文章] 请求开始 - GET /api/dashboard/latest-articles - DashboardController.getLatestArticles - 参数: 10
2026-07-28 18:36:11.666 [http-nio-8081-exec-34] INFO  com.knockfish.aspect.LogAspect - [获取文章发布趋势] 请求成功 - 执行时间: 1ms
2026-07-28 18:36:11.666 [http-nio-8081-exec-33] INFO  com.knockfish.aspect.LogAspect - [获取最近文章] 请求成功 - 执行时间: 1ms
2026-07-28 18:36:11.666 [http-nio-8081-exec-32] INFO  com.knockfish.aspect.LogAspect - [获取标签云] 请求成功 - 执行时间: 1ms
2026-07-28 18:36:11.682 [http-nio-8081-exec-31] INFO  com.knockfish.aspect.LogAspect - [获取仪表盘概览] 请求成功 - 执行时间: 17ms
2026-07-28 18:36:16.866 [http-nio-8081-exec-36] INFO  com.knockfish.security.JwtAuthenticationFilter - === 请求路径: /api/dashboard/tag-cloud, 方法: GET
2026-07-28 18:36:16.866 [http-nio-8081-exec-35] INFO  com.knockfish.security.JwtAuthenticationFilter - === 请求路径: /api/dashboard/overview, 方法: GET
2026-07-28 18:36:16.866 [http-nio-8081-exec-38] INFO  com.knockfish.security.JwtAuthenticationFilter - === 请求路径: /api/dashboard/article-trend, 方法: GET
2026-07-28 18:36:16.866 [http-nio-8081-exec-37] INFO  com.knockfish.security.JwtAuthenticationFilter - === 请求路径: /api/dashboard/latest-articles, 方法: GET
2026-07-28 18:36:16.876 [http-nio-8081-exec-36] DEBUG com.knockfish.security.JwtAuthenticationFilter - 用户 [knockfish] (ID:1) JWT 认证通过
2026-07-28 18:36:16.876 [http-nio-8081-exec-37] DEBUG com.knockfish.security.JwtAuthenticationFilter - 用户 [knockfish] (ID:1) JWT 认证通过
2026-07-28 18:36:16.876 [http-nio-8081-exec-35] DEBUG com.knockfish.security.JwtAuthenticationFilter - 用户 [knockfish] (ID:1) JWT 认证通过
2026-07-28 18:36:16.876 [http-nio-8081-exec-38] DEBUG com.knockfish.security.JwtAuthenticationFilter - 用户 [knockfish] (ID:1) JWT 认证通过
2026-07-28 18:36:16.877 [http-nio-8081-exec-36] INFO  com.knockfish.aspect.LogAspect - [获取标签云] 请求开始 - GET /api/dashboard/tag-cloud - DashboardController.getTagCloud - 参数: 无
2026-07-28 18:36:16.877 [http-nio-8081-exec-35] INFO  com.knockfish.aspect.LogAspect - [获取仪表盘概览] 请求开始 - GET /api/dashboard/overview - DashboardController.getOverview - 参数: 无
2026-07-28 18:36:16.877 [http-nio-8081-exec-38] INFO  com.knockfish.aspect.LogAspect - [获取文章发布趋势] 请求开始 - GET /api/dashboard/article-trend - DashboardController.getArticleTrend - 参数: "monthly", null
2026-07-28 18:36:16.878 [http-nio-8081-exec-37] INFO  com.knockfish.aspect.LogAspect - [获取最近文章] 请求开始 - GET /api/dashboard/latest-articles - DashboardController.getLatestArticles - 参数: 10
2026-07-28 18:36:16.880 [http-nio-8081-exec-36] INFO  com.knockfish.aspect.LogAspect - [获取标签云] 请求成功 - 执行时间: 3ms
2026-07-28 18:36:16.881 [http-nio-8081-exec-37] INFO  com.knockfish.aspect.LogAspect - [获取最近文章] 请求成功 - 执行时间: 3ms
2026-07-28 18:36:16.882 [http-nio-8081-exec-38] INFO  com.knockfish.aspect.LogAspect - [获取文章发布趋势] 请求成功 - 执行时间: 5ms
2026-07-28 18:36:16.891 [http-nio-8081-exec-35] INFO  com.knockfish.aspect.LogAspect - [获取仪表盘概览] 请求成功 - 执行时间: 14ms
2026-07-28 18:36:23.396 [http-nio-8081-exec-42] INFO  com.knockfish.security.JwtAuthenticationFilter - === 请求路径: /api/dashboard/article-trend, 方法: GET
2026-07-28 18:36:23.396 [http-nio-8081-exec-40] INFO  com.knockfish.security.JwtAuthenticationFilter - === 请求路径: /api/dashboard/tag-cloud, 方法: GET
2026-07-28 18:36:23.396 [http-nio-8081-exec-39] INFO  com.knockfish.security.JwtAuthenticationFilter - === 请求路径: /api/dashboard/overview, 方法: GET
2026-07-28 18:36:23.396 [http-nio-8081-exec-41] INFO  com.knockfish.security.JwtAuthenticationFilter - === 请求路径: /api/dashboard/latest-articles, 方法: GET
2026-07-28 18:36:23.407 [http-nio-8081-exec-42] DEBUG com.knockfish.security.JwtAuthenticationFilter - 用户 [knockfish] (ID:1) JWT 认证通过
2026-07-28 18:36:23.407 [http-nio-8081-exec-41] DEBUG com.knockfish.security.JwtAuthenticationFilter - 用户 [knockfish] (ID:1) JWT 认证通过
2026-07-28 18:36:23.407 [http-nio-8081-exec-40] DEBUG com.knockfish.security.JwtAuthenticationFilter - 用户 [knockfish] (ID:1) JWT 认证通过
2026-07-28 18:36:23.407 [http-nio-8081-exec-39] DEBUG com.knockfish.security.JwtAuthenticationFilter - 用户 [knockfish] (ID:1) JWT 认证通过
2026-07-28 18:36:23.408 [http-nio-8081-exec-40] INFO  com.knockfish.aspect.LogAspect - [获取标签云] 请求开始 - GET /api/dashboard/tag-cloud - DashboardController.getTagCloud - 参数: 无
2026-07-28 18:36:23.408 [http-nio-8081-exec-39] INFO  com.knockfish.aspect.LogAspect - [获取仪表盘概览] 请求开始 - GET /api/dashboard/overview - DashboardController.getOverview - 参数: 无
2026-07-28 18:36:23.408 [http-nio-8081-exec-42] INFO  com.knockfish.aspect.LogAspect - [获取文章发布趋势] 请求开始 - GET /api/dashboard/article-trend - DashboardController.getArticleTrend - 参数: "monthly", null
2026-07-28 18:36:23.408 [http-nio-8081-exec-41] INFO  com.knockfish.aspect.LogAspect - [获取最近文章] 请求开始 - GET /api/dashboard/latest-articles - DashboardController.getLatestArticles - 参数: 10
2026-07-28 18:36:23.409 [http-nio-8081-exec-42] INFO  com.knockfish.aspect.LogAspect - [获取文章发布趋势] 请求成功 - 执行时间: 1ms
2026-07-28 18:36:23.409 [http-nio-8081-exec-40] INFO  com.knockfish.aspect.LogAspect - [获取标签云] 请求成功 - 执行时间: 1ms
2026-07-28 18:36:23.409 [http-nio-8081-exec-41] INFO  com.knockfish.aspect.LogAspect - [获取最近文章] 请求成功 - 执行时间: 1ms
2026-07-28 18:36:23.430 [http-nio-8081-exec-39] INFO  com.knockfish.aspect.LogAspect - [获取仪表盘概览] 请求成功 - 执行时间: 22ms
2026-07-28 18:36:28.226 [http-nio-8081-exec-43] INFO  com.knockfish.security.JwtAuthenticationFilter - === 请求路径: /api/dashboard/tag-cloud, 方法: GET
2026-07-28 18:36:28.226 [http-nio-8081-exec-44] INFO  com.knockfish.security.JwtAuthenticationFilter - === 请求路径: /api/dashboard/overview, 方法: GET
2026-07-28 18:36:28.226 [http-nio-8081-exec-45] INFO  com.knockfish.security.JwtAuthenticationFilter - === 请求路径: /api/dashboard/latest-articles, 方法: GET
2026-07-28 18:36:28.226 [http-nio-8081-exec-46] INFO  com.knockfish.security.JwtAuthenticationFilter - === 请求路径: /api/dashboard/article-trend, 方法: GET
2026-07-28 18:36:28.238 [http-nio-8081-exec-45] DEBUG com.knockfish.security.JwtAuthenticationFilter - 用户 [knockfish] (ID:1) JWT 认证通过
2026-07-28 18:36:28.238 [http-nio-8081-exec-43] DEBUG com.knockfish.security.JwtAuthenticationFilter - 用户 [knockfish] (ID:1) JWT 认证通过
2026-07-28 18:36:28.238 [http-nio-8081-exec-44] DEBUG com.knockfish.security.JwtAuthenticationFilter - 用户 [knockfish] (ID:1) JWT 认证通过
2026-07-28 18:36:28.238 [http-nio-8081-exec-46] DEBUG com.knockfish.security.JwtAuthenticationFilter - 用户 [knockfish] (ID:1) JWT 认证通过
2026-07-28 18:36:28.239 [http-nio-8081-exec-44] INFO  com.knockfish.aspect.LogAspect - [获取仪表盘概览] 请求开始 - GET /api/dashboard/overview - DashboardController.getOverview - 参数: 无
2026-07-28 18:36:28.239 [http-nio-8081-exec-43] INFO  com.knockfish.aspect.LogAspect - [获取标签云] 请求开始 - GET /api/dashboard/tag-cloud - DashboardController.getTagCloud - 参数: 无
2026-07-28 18:36:28.239 [http-nio-8081-exec-46] INFO  com.knockfish.aspect.LogAspect - [获取文章发布趋势] 请求开始 - GET /api/dashboard/article-trend - DashboardController.getArticleTrend - 参数: "monthly", null
2026-07-28 18:36:28.239 [http-nio-8081-exec-45] INFO  com.knockfish.aspect.LogAspect - [获取最近文章] 请求开始 - GET /api/dashboard/latest-articles - DashboardController.getLatestArticles - 参数: 10
2026-07-28 18:36:28.240 [http-nio-8081-exec-46] INFO  com.knockfish.aspect.LogAspect - [获取文章发布趋势] 请求成功 - 执行时间: 1ms
2026-07-28 18:36:28.240 [http-nio-8081-exec-43] INFO  com.knockfish.aspect.LogAspect - [获取标签云] 请求成功 - 执行时间: 1ms
2026-07-28 18:36:28.240 [http-nio-8081-exec-45] INFO  com.knockfish.aspect.LogAspect - [获取最近文章] 请求成功 - 执行时间: 1ms
2026-07-28 18:36:28.254 [http-nio-8081-exec-44] INFO  com.knockfish.aspect.LogAspect - [获取仪表盘概览] 请求成功 - 执行时间: 15ms
2026-07-28 18:45:56.827 [http-nio-8081-exec-2] INFO  com.knockfish.security.JwtAuthenticationFilter - === 请求路径: /api/dashboard/overview, 方法: GET
2026-07-28 18:45:56.827 [http-nio-8081-exec-47] INFO  com.knockfish.security.JwtAuthenticationFilter - === 请求路径: /api/dashboard/tag-cloud, 方法: GET
2026-07-28 18:45:56.830 [http-nio-8081-exec-5] INFO  com.knockfish.security.JwtAuthenticationFilter - === 请求路径: /api/dashboard/article-trend, 方法: GET
2026-07-28 18:45:56.830 [http-nio-8081-exec-7] INFO  com.knockfish.security.JwtAuthenticationFilter - === 请求路径: /api/dashboard/latest-articles, 方法: GET
2026-07-28 18:45:56.838 [http-nio-8081-exec-47] DEBUG com.knockfish.security.JwtAuthenticationFilter - 用户 [knockfish] (ID:1) JWT 认证通过
2026-07-28 18:45:56.838 [http-nio-8081-exec-2] DEBUG com.knockfish.security.JwtAuthenticationFilter - 用户 [knockfish] (ID:1) JWT 认证通过
2026-07-28 18:45:56.839 [http-nio-8081-exec-5] DEBUG com.knockfish.security.JwtAuthenticationFilter - 用户 [knockfish] (ID:1) JWT 认证通过
2026-07-28 18:45:56.839 [http-nio-8081-exec-2] INFO  com.knockfish.aspect.LogAspect - [获取仪表盘概览] 请求开始 - GET /api/dashboard/overview - DashboardController.getOverview - 参数: 无
2026-07-28 18:45:56.839 [http-nio-8081-exec-47] INFO  com.knockfish.aspect.LogAspect - [获取标签云] 请求开始 - GET /api/dashboard/tag-cloud - DashboardController.getTagCloud - 参数: 无
2026-07-28 18:45:56.839 [http-nio-8081-exec-7] DEBUG com.knockfish.security.JwtAuthenticationFilter - 用户 [knockfish] (ID:1) JWT 认证通过
2026-07-28 18:45:56.840 [http-nio-8081-exec-5] INFO  com.knockfish.aspect.LogAspect - [获取文章发布趋势] 请求开始 - GET /api/dashboard/article-trend - DashboardController.getArticleTrend - 参数: "monthly", null
2026-07-28 18:45:56.840 [http-nio-8081-exec-7] INFO  com.knockfish.aspect.LogAspect - [获取最近文章] 请求开始 - GET /api/dashboard/latest-articles - DashboardController.getLatestArticles - 参数: 10
2026-07-28 18:45:56.840 [http-nio-8081-exec-47] INFO  com.knockfish.aspect.LogAspect - [获取标签云] 请求成功 - 执行时间: 1ms
2026-07-28 18:45:56.845 [http-nio-8081-exec-5] INFO  com.knockfish.aspect.LogAspect - [获取文章发布趋势] 请求成功 - 执行时间: 5ms
2026-07-28 18:45:56.845 [http-nio-8081-exec-7] INFO  com.knockfish.aspect.LogAspect - [获取最近文章] 请求成功 - 执行时间: 5ms
2026-07-28 18:45:56.859 [http-nio-8081-exec-2] INFO  com.knockfish.aspect.LogAspect - [获取仪表盘概览] 请求成功 - 执行时间: 20ms
2026-07-28 19:39:32.530 [http-nio-8081-exec-12] INFO  com.knockfish.security.JwtAuthenticationFilter - === 请求路径: /api/dashboard/overview, 方法: GET
2026-07-28 19:39:32.530 [http-nio-8081-exec-13] INFO  com.knockfish.security.JwtAuthenticationFilter - === 请求路径: /api/dashboard/tag-cloud, 方法: GET
2026-07-28 19:39:32.530 [http-nio-8081-exec-18] INFO  com.knockfish.security.JwtAuthenticationFilter - === 请求路径: /api/dashboard/article-trend, 方法: GET
2026-07-28 19:39:32.530 [http-nio-8081-exec-17] INFO  com.knockfish.security.JwtAuthenticationFilter - === 请求路径: /api/dashboard/latest-articles, 方法: GET
2026-07-28 19:39:32.560 [http-nio-8081-exec-13] DEBUG com.knockfish.security.JwtAuthenticationFilter - 用户 [knockfish] (ID:1) JWT 认证通过
2026-07-28 19:39:32.561 [http-nio-8081-exec-13] INFO  com.knockfish.aspect.LogAspect - [获取标签云] 请求开始 - GET /api/dashboard/tag-cloud - DashboardController.getTagCloud - 参数: 无
2026-07-28 19:39:32.589 [http-nio-8081-exec-13] INFO  com.knockfish.aspect.LogAspect - [获取标签云] 请求成功 - 执行时间: 28ms
2026-07-28 19:39:32.599 [http-nio-8081-exec-12] DEBUG com.knockfish.security.JwtAuthenticationFilter - 用户 [knockfish] (ID:1) JWT 认证通过
2026-07-28 19:39:32.599 [http-nio-8081-exec-18] DEBUG com.knockfish.security.JwtAuthenticationFilter - 用户 [knockfish] (ID:1) JWT 认证通过
2026-07-28 19:39:32.599 [http-nio-8081-exec-12] INFO  com.knockfish.aspect.LogAspect - [获取仪表盘概览] 请求开始 - GET /api/dashboard/overview - DashboardController.getOverview - 参数: 无
2026-07-28 19:39:32.602 [http-nio-8081-exec-17] DEBUG com.knockfish.security.JwtAuthenticationFilter - 用户 [knockfish] (ID:1) JWT 认证通过
2026-07-28 19:39:32.602 [http-nio-8081-exec-18] INFO  com.knockfish.aspect.LogAspect - [获取文章发布趋势] 请求开始 - GET /api/dashboard/article-trend - DashboardController.getArticleTrend - 参数: "monthly", null
2026-07-28 19:39:32.603 [http-nio-8081-exec-17] INFO  com.knockfish.aspect.LogAspect - [获取最近文章] 请求开始 - GET /api/dashboard/latest-articles - DashboardController.getLatestArticles - 参数: 10
2026-07-28 19:39:32.605 [http-nio-8081-exec-18] INFO  com.knockfish.aspect.LogAspect - [获取文章发布趋势] 请求成功 - 执行时间: 3ms
2026-07-28 19:39:32.605 [http-nio-8081-exec-17] INFO  com.knockfish.aspect.LogAspect - [获取最近文章] 请求成功 - 执行时间: 2ms
2026-07-28 19:39:32.621 [http-nio-8081-exec-12] INFO  com.knockfish.aspect.LogAspect - [获取仪表盘概览] 请求成功 - 执行时间: 22ms
2026-07-28 19:40:18.905 [http-nio-8081-exec-22] INFO  com.knockfish.security.JwtAuthenticationFilter - === 请求路径: /api/dashboard/overview, 方法: GET
2026-07-28 19:40:18.905 [http-nio-8081-exec-19] INFO  com.knockfish.security.JwtAuthenticationFilter - === 请求路径: /api/dashboard/tag-cloud, 方法: GET
2026-07-28 19:40:18.907 [http-nio-8081-exec-26] INFO  com.knockfish.security.JwtAuthenticationFilter - === 请求路径: /api/dashboard/article-trend, 方法: GET
2026-07-28 19:40:18.907 [http-nio-8081-exec-24] INFO  com.knockfish.security.JwtAuthenticationFilter - === 请求路径: /api/dashboard/latest-articles, 方法: GET
2026-07-28 19:40:18.920 [http-nio-8081-exec-24] DEBUG com.knockfish.security.JwtAuthenticationFilter - 用户 [knockfish] (ID:1) JWT 认证通过
2026-07-28 19:40:18.920 [http-nio-8081-exec-22] DEBUG com.knockfish.security.JwtAuthenticationFilter - 用户 [knockfish] (ID:1) JWT 认证通过
2026-07-28 19:40:18.920 [http-nio-8081-exec-19] DEBUG com.knockfish.security.JwtAuthenticationFilter - 用户 [knockfish] (ID:1) JWT 认证通过
2026-07-28 19:40:18.921 [http-nio-8081-exec-19] INFO  com.knockfish.aspect.LogAspect - [获取标签云] 请求开始 - GET /api/dashboard/tag-cloud - DashboardController.getTagCloud - 参数: 无
2026-07-28 19:40:18.921 [http-nio-8081-exec-22] INFO  com.knockfish.aspect.LogAspect - [获取仪表盘概览] 请求开始 - GET /api/dashboard/overview - DashboardController.getOverview - 参数: 无
2026-07-28 19:40:18.921 [http-nio-8081-exec-24] INFO  com.knockfish.aspect.LogAspect - [获取最近文章] 请求开始 - GET /api/dashboard/latest-articles - DashboardController.getLatestArticles - 参数: 10
2026-07-28 19:40:18.921 [http-nio-8081-exec-26] DEBUG com.knockfish.security.JwtAuthenticationFilter - 用户 [knockfish] (ID:1) JWT 认证通过
2026-07-28 19:40:18.922 [http-nio-8081-exec-26] INFO  com.knockfish.aspect.LogAspect - [获取文章发布趋势] 请求开始 - GET /api/dashboard/article-trend - DashboardController.getArticleTrend - 参数: "monthly", null
2026-07-28 19:40:18.923 [http-nio-8081-exec-24] INFO  com.knockfish.aspect.LogAspect - [获取最近文章] 请求成功 - 执行时间: 2ms
2026-07-28 19:40:18.924 [http-nio-8081-exec-19] INFO  com.knockfish.aspect.LogAspect - [获取标签云] 请求成功 - 执行时间: 3ms
2026-07-28 19:40:18.924 [http-nio-8081-exec-26] INFO  com.knockfish.aspect.LogAspect - [获取文章发布趋势] 请求成功 - 执行时间: 2ms
2026-07-28 19:40:18.941 [http-nio-8081-exec-22] INFO  com.knockfish.aspect.LogAspect - [获取仪表盘概览] 请求成功 - 执行时间: 20ms
2026-07-28 19:40:20.075 [http-nio-8081-exec-23] INFO  com.knockfish.security.JwtAuthenticationFilter - === 请求路径: /api/dashboard/overview, 方法: GET
2026-07-28 19:40:20.077 [http-nio-8081-exec-27] INFO  com.knockfish.security.JwtAuthenticationFilter - === 请求路径: /api/dashboard/activities, 方法: GET
2026-07-28 19:40:20.086 [http-nio-8081-exec-23] DEBUG com.knockfish.security.JwtAuthenticationFilter - 用户 [knockfish] (ID:1) JWT 认证通过
2026-07-28 19:40:20.087 [http-nio-8081-exec-23] INFO  com.knockfish.aspect.LogAspect - [获取仪表盘概览] 请求开始 - GET /api/dashboard/overview - DashboardController.getOverview - 参数: 无
2026-07-28 19:40:20.096 [http-nio-8081-exec-27] DEBUG com.knockfish.security.JwtAuthenticationFilter - 用户 [knockfish] (ID:1) JWT 认证通过
2026-07-28 19:40:20.097 [http-nio-8081-exec-27] INFO  com.knockfish.aspect.LogAspect - [获取最近动态] 请求开始 - GET /api/dashboard/activities - DashboardController.getActivities - 参数: 10
2026-07-28 19:40:20.100 [http-nio-8081-exec-27] INFO  com.knockfish.aspect.LogAspect - [获取最近动态] 请求成功 - 执行时间: 3ms
2026-07-28 19:40:20.103 [http-nio-8081-exec-23] INFO  com.knockfish.aspect.LogAspect - [获取仪表盘概览] 请求成功 - 执行时间: 16ms
2026-07-28 19:40:20.334 [http-nio-8081-exec-29] INFO  com.knockfish.security.JwtAuthenticationFilter - === 请求路径: /api/dashboard/category-stats, 方法: GET
2026-07-28 19:40:20.347 [http-nio-8081-exec-29] DEBUG com.knockfish.security.JwtAuthenticationFilter - 用户 [knockfish] (ID:1) JWT 认证通过
2026-07-28 19:40:20.348 [http-nio-8081-exec-29] INFO  com.knockfish.aspect.LogAspect - [获取文章分类统计] 请求开始 - GET /api/dashboard/category-stats - DashboardController.getCategoryStats - 参数: 无
2026-07-28 19:40:20.351 [http-nio-8081-exec-29] INFO  com.knockfish.aspect.LogAspect - [获取文章分类统计] 请求成功 - 执行时间: 3ms
2026-07-28 19:40:20.358 [http-nio-8081-exec-28] INFO  com.knockfish.security.JwtAuthenticationFilter - === 请求路径: /api/dashboard/article-trend, 方法: GET
2026-07-28 19:40:20.366 [http-nio-8081-exec-28] DEBUG com.knockfish.security.JwtAuthenticationFilter - 用户 [knockfish] (ID:1) JWT 认证通过
2026-07-28 19:40:20.367 [http-nio-8081-exec-28] INFO  com.knockfish.aspect.LogAspect - [获取文章发布趋势] 请求开始 - GET /api/dashboard/article-trend - DashboardController.getArticleTrend - 参数: "monthly", null
2026-07-28 19:40:20.374 [http-nio-8081-exec-28] INFO  com.knockfish.aspect.LogAspect - [获取文章发布趋势] 请求成功 - 执行时间: 7ms
2026-07-28 19:40:24.587 [http-nio-8081-exec-32] INFO  com.knockfish.security.JwtAuthenticationFilter - === 请求路径: /api/dashboard/overview, 方法: GET
2026-07-28 19:40:24.588 [http-nio-8081-exec-34] INFO  com.knockfish.security.JwtAuthenticationFilter - === 请求路径: /api/dashboard/activities, 方法: GET
2026-07-28 19:40:24.596 [http-nio-8081-exec-32] DEBUG com.knockfish.security.JwtAuthenticationFilter - 用户 [knockfish] (ID:1) JWT 认证通过
2026-07-28 19:40:24.597 [http-nio-8081-exec-32] INFO  com.knockfish.aspect.LogAspect - [获取仪表盘概览] 请求开始 - GET /api/dashboard/overview - DashboardController.getOverview - 参数: 无
2026-07-28 19:40:24.599 [http-nio-8081-exec-34] DEBUG com.knockfish.security.JwtAuthenticationFilter - 用户 [knockfish] (ID:1) JWT 认证通过
2026-07-28 19:40:24.600 [http-nio-8081-exec-34] INFO  com.knockfish.aspect.LogAspect - [获取最近动态] 请求开始 - GET /api/dashboard/activities - DashboardController.getActivities - 参数: 10
2026-07-28 19:40:24.603 [http-nio-8081-exec-34] INFO  com.knockfish.aspect.LogAspect - [获取最近动态] 请求成功 - 执行时间: 3ms
2026-07-28 19:40:24.609 [http-nio-8081-exec-32] INFO  com.knockfish.aspect.LogAspect - [获取仪表盘概览] 请求成功 - 执行时间: 12ms
2026-07-28 19:40:24.847 [http-nio-8081-exec-33] INFO  com.knockfish.security.JwtAuthenticationFilter - === 请求路径: /api/dashboard/category-stats, 方法: GET
2026-07-28 19:40:24.864 [http-nio-8081-exec-33] DEBUG com.knockfish.security.JwtAuthenticationFilter - 用户 [knockfish] (ID:1) JWT 认证通过
2026-07-28 19:40:24.864 [http-nio-8081-exec-33] INFO  com.knockfish.aspect.LogAspect - [获取文章分类统计] 请求开始 - GET /api/dashboard/category-stats - DashboardController.getCategoryStats - 参数: 无
2026-07-28 19:40:24.869 [http-nio-8081-exec-33] INFO  com.knockfish.aspect.LogAspect - [获取文章分类统计] 请求成功 - 执行时间: 5ms
2026-07-28 19:40:24.893 [http-nio-8081-exec-31] INFO  com.knockfish.security.JwtAuthenticationFilter - === 请求路径: /api/dashboard/article-trend, 方法: GET
2026-07-28 19:40:24.904 [http-nio-8081-exec-31] DEBUG com.knockfish.security.JwtAuthenticationFilter - 用户 [knockfish] (ID:1) JWT 认证通过
2026-07-28 19:40:24.905 [http-nio-8081-exec-31] INFO  com.knockfish.aspect.LogAspect - [获取文章发布趋势] 请求开始 - GET /api/dashboard/article-trend - DashboardController.getArticleTrend - 参数: "monthly", null
2026-07-28 19:40:24.907 [http-nio-8081-exec-31] INFO  com.knockfish.aspect.LogAspect - [获取文章发布趋势] 请求成功 - 执行时间: 1ms
2026-07-28 19:40:26.988 [http-nio-8081-exec-37] INFO  com.knockfish.security.JwtAuthenticationFilter - === 请求路径: /api/link/page, 方法: GET
2026-07-28 19:40:27.007 [http-nio-8081-exec-37] DEBUG com.knockfish.security.JwtAuthenticationFilter - 用户 [knockfish] (ID:1) JWT 认证通过
2026-07-28 19:40:27.042 [http-nio-8081-exec-37] INFO  com.knockfish.aspect.LogAspect - [查询友链列表] 请求开始 - GET /api/link/page - LinkController.getLinkListVO - 参数: {"linkName":null}, 1, 10
2026-07-28 19:40:27.091 [http-nio-8081-exec-37] INFO  com.knockfish.aspect.LogAspect - [查询友链列表] 请求成功 - 执行时间: 48ms
2026-07-28 19:41:05.848 [http-nio-8081-exec-40] INFO  com.knockfish.security.JwtAuthenticationFilter - === 请求路径: /api/dashboard/overview, 方法: GET
2026-07-28 19:41:05.848 [http-nio-8081-exec-39] INFO  com.knockfish.security.JwtAuthenticationFilter - === 请求路径: /api/dashboard/activities, 方法: GET
2026-07-28 19:41:05.863 [http-nio-8081-exec-39] DEBUG com.knockfish.security.JwtAuthenticationFilter - 用户 [knockfish] (ID:1) JWT 认证通过
2026-07-28 19:41:05.863 [http-nio-8081-exec-40] DEBUG com.knockfish.security.JwtAuthenticationFilter - 用户 [knockfish] (ID:1) JWT 认证通过
2026-07-28 19:41:05.864 [http-nio-8081-exec-40] INFO  com.knockfish.aspect.LogAspect - [获取仪表盘概览] 请求开始 - GET /api/dashboard/overview - DashboardController.getOverview - 参数: 无
2026-07-28 19:41:05.865 [http-nio-8081-exec-39] INFO  com.knockfish.aspect.LogAspect - [获取最近动态] 请求开始 - GET /api/dashboard/activities - DashboardController.getActivities - 参数: 10
2026-07-28 19:41:05.866 [http-nio-8081-exec-39] INFO  com.knockfish.aspect.LogAspect - [获取最近动态] 请求成功 - 执行时间: 1ms
2026-07-28 19:41:05.881 [http-nio-8081-exec-40] INFO  com.knockfish.aspect.LogAspect - [获取仪表盘概览] 请求成功 - 执行时间: 16ms
2026-07-28 19:41:05.887 [http-nio-8081-exec-45] INFO  com.knockfish.security.JwtAuthenticationFilter - === 请求路径: /api/dashboard/article-trend, 方法: GET
2026-07-28 19:41:05.894 [http-nio-8081-exec-45] DEBUG com.knockfish.security.JwtAuthenticationFilter - 用户 [knockfish] (ID:1) JWT 认证通过
2026-07-28 19:41:05.895 [http-nio-8081-exec-45] INFO  com.knockfish.aspect.LogAspect - [获取文章发布趋势] 请求开始 - GET /api/dashboard/article-trend - DashboardController.getArticleTrend - 参数: "monthly", null
2026-07-28 19:41:05.901 [http-nio-8081-exec-45] INFO  com.knockfish.aspect.LogAspect - [获取文章发布趋势] 请求成功 - 执行时间: 5ms
2026-07-28 19:41:05.903 [http-nio-8081-exec-43] INFO  com.knockfish.security.JwtAuthenticationFilter - === 请求路径: /api/dashboard/category-stats, 方法: GET
2026-07-28 19:41:05.929 [http-nio-8081-exec-43] DEBUG com.knockfish.security.JwtAuthenticationFilter - 用户 [knockfish] (ID:1) JWT 认证通过
2026-07-28 19:41:05.931 [http-nio-8081-exec-43] INFO  com.knockfish.aspect.LogAspect - [获取文章分类统计] 请求开始 - GET /api/dashboard/category-stats - DashboardController.getCategoryStats - 参数: 无
2026-07-28 19:41:05.937 [http-nio-8081-exec-43] INFO  com.knockfish.aspect.LogAspect - [获取文章分类统计] 请求成功 - 执行时间: 5ms
2026-07-28 19:41:12.854 [http-nio-8081-exec-46] INFO  com.knockfish.security.JwtAuthenticationFilter - === 请求路径: /api/dashboard/overview, 方法: GET
2026-07-28 19:41:12.854 [http-nio-8081-exec-44] INFO  com.knockfish.security.JwtAuthenticationFilter - === 请求路径: /api/dashboard/activities, 方法: GET
2026-07-28 19:41:12.870 [http-nio-8081-exec-46] DEBUG com.knockfish.security.JwtAuthenticationFilter - 用户 [knockfish] (ID:1) JWT 认证通过
2026-07-28 19:41:12.870 [http-nio-8081-exec-44] DEBUG com.knockfish.security.JwtAuthenticationFilter - 用户 [knockfish] (ID:1) JWT 认证通过
2026-07-28 19:41:12.871 [http-nio-8081-exec-46] INFO  com.knockfish.aspect.LogAspect - [获取仪表盘概览] 请求开始 - GET /api/dashboard/overview - DashboardController.getOverview - 参数: 无
2026-07-28 19:41:12.871 [http-nio-8081-exec-44] INFO  com.knockfish.aspect.LogAspect - [获取最近动态] 请求开始 - GET /api/dashboard/activities - DashboardController.getActivities - 参数: 10
2026-07-28 19:41:12.874 [http-nio-8081-exec-44] INFO  com.knockfish.aspect.LogAspect - [获取最近动态] 请求成功 - 执行时间: 3ms
2026-07-28 19:41:12.886 [http-nio-8081-exec-46] INFO  com.knockfish.aspect.LogAspect - [获取仪表盘概览] 请求成功 - 执行时间: 15ms
2026-07-28 19:41:13.053 [http-nio-8081-exec-50] INFO  com.knockfish.security.JwtAuthenticationFilter - === 请求路径: /api/dashboard/category-stats, 方法: GET
2026-07-28 19:41:13.065 [http-nio-8081-exec-50] DEBUG com.knockfish.security.JwtAuthenticationFilter - 用户 [knockfish] (ID:1) JWT 认证通过
2026-07-28 19:41:13.065 [http-nio-8081-exec-50] INFO  com.knockfish.aspect.LogAspect - [获取文章分类统计] 请求开始 - GET /api/dashboard/category-stats - DashboardController.getCategoryStats - 参数: 无
2026-07-28 19:41:13.067 [http-nio-8081-exec-50] INFO  com.knockfish.aspect.LogAspect - [获取文章分类统计] 请求成功 - 执行时间: 2ms
2026-07-28 19:41:13.084 [http-nio-8081-exec-1] INFO  com.knockfish.security.JwtAuthenticationFilter - === 请求路径: /api/dashboard/article-trend, 方法: GET
2026-07-28 19:41:13.098 [http-nio-8081-exec-1] DEBUG com.knockfish.security.JwtAuthenticationFilter - 用户 [knockfish] (ID:1) JWT 认证通过
2026-07-28 19:41:13.099 [http-nio-8081-exec-1] INFO  com.knockfish.aspect.LogAspect - [获取文章发布趋势] 请求开始 - GET /api/dashboard/article-trend - DashboardController.getArticleTrend - 参数: "monthly", null
2026-07-28 19:41:13.101 [http-nio-8081-exec-1] INFO  com.knockfish.aspect.LogAspect - [获取文章发布趋势] 请求成功 - 执行时间: 2ms
2026-07-28 19:41:37.228 [http-nio-8081-exec-48] INFO  com.knockfish.security.JwtAuthenticationFilter - === 请求路径: /api/tag/page, 方法: GET
2026-07-28 19:41:37.244 [http-nio-8081-exec-48] DEBUG com.knockfish.security.JwtAuthenticationFilter - 用户 [knockfish] (ID:1) JWT 认证通过
2026-07-28 19:41:37.247 [http-nio-8081-exec-48] INFO  com.knockfish.aspect.LogAspect - [查询标签列表] 请求开始 - GET /api/tag/page - TagController.getTagListVO - 参数: {"tagName":null}, 1, 10
2026-07-28 19:41:37.263 [http-nio-8081-exec-48] INFO  com.knockfish.aspect.LogAspect - [查询标签列表] 请求成功 - 执行时间: 16ms
2026-07-28 19:41:38.780 [http-nio-8081-exec-47] INFO  com.knockfish.security.JwtAuthenticationFilter - === 请求路径: /api/dashboard/overview, 方法: GET
2026-07-28 19:41:38.781 [http-nio-8081-exec-5] INFO  com.knockfish.security.JwtAuthenticationFilter - === 请求路径: /api/dashboard/activities, 方法: GET
2026-07-28 19:41:38.794 [http-nio-8081-exec-47] DEBUG com.knockfish.security.JwtAuthenticationFilter - 用户 [knockfish] (ID:1) JWT 认证通过
2026-07-28 19:41:38.795 [http-nio-8081-exec-47] INFO  com.knockfish.aspect.LogAspect - [获取仪表盘概览] 请求开始 - GET /api/dashboard/overview - DashboardController.getOverview - 参数: 无
2026-07-28 19:41:38.796 [http-nio-8081-exec-5] DEBUG com.knockfish.security.JwtAuthenticationFilter - 用户 [knockfish] (ID:1) JWT 认证通过
2026-07-28 19:41:38.797 [http-nio-8081-exec-5] INFO  com.knockfish.aspect.LogAspect - [获取最近动态] 请求开始 - GET /api/dashboard/activities - DashboardController.getActivities - 参数: 10
2026-07-28 19:41:38.799 [http-nio-8081-exec-5] INFO  com.knockfish.aspect.LogAspect - [获取最近动态] 请求成功 - 执行时间: 2ms
2026-07-28 19:41:38.805 [http-nio-8081-exec-47] INFO  com.knockfish.aspect.LogAspect - [获取仪表盘概览] 请求成功 - 执行时间: 10ms
2026-07-28 19:41:39.046 [http-nio-8081-exec-7] INFO  com.knockfish.security.JwtAuthenticationFilter - === 请求路径: /api/dashboard/category-stats, 方法: GET
2026-07-28 19:41:39.061 [http-nio-8081-exec-7] DEBUG com.knockfish.security.JwtAuthenticationFilter - 用户 [knockfish] (ID:1) JWT 认证通过
2026-07-28 19:41:39.061 [http-nio-8081-exec-7] INFO  com.knockfish.aspect.LogAspect - [获取文章分类统计] 请求开始 - GET /api/dashboard/category-stats - DashboardController.getCategoryStats - 参数: 无
2026-07-28 19:41:39.063 [http-nio-8081-exec-7] INFO  com.knockfish.aspect.LogAspect - [获取文章分类统计] 请求成功 - 执行时间: 2ms
2026-07-28 19:41:39.090 [http-nio-8081-exec-2] INFO  com.knockfish.security.JwtAuthenticationFilter - === 请求路径: /api/dashboard/article-trend, 方法: GET
2026-07-28 19:41:39.109 [http-nio-8081-exec-2] DEBUG com.knockfish.security.JwtAuthenticationFilter - 用户 [knockfish] (ID:1) JWT 认证通过
2026-07-28 19:41:39.110 [http-nio-8081-exec-2] INFO  com.knockfish.aspect.LogAspect - [获取文章发布趋势] 请求开始 - GET /api/dashboard/article-trend - DashboardController.getArticleTrend - 参数: "monthly", null
2026-07-28 19:41:39.112 [http-nio-8081-exec-2] INFO  com.knockfish.aspect.LogAspect - [获取文章发布趋势] 请求成功 - 执行时间: 2ms
2026-07-28 19:41:40.110 [http-nio-8081-exec-10] INFO  com.knockfish.security.JwtAuthenticationFilter - === 请求路径: /api/tag/page, 方法: GET
2026-07-28 19:41:40.121 [http-nio-8081-exec-10] DEBUG com.knockfish.security.JwtAuthenticationFilter - 用户 [knockfish] (ID:1) JWT 认证通过
2026-07-28 19:41:40.123 [http-nio-8081-exec-10] INFO  com.knockfish.aspect.LogAspect - [查询标签列表] 请求开始 - GET /api/tag/page - TagController.getTagListVO - 参数: {"tagName":null}, 1, 10
2026-07-28 19:41:40.136 [http-nio-8081-exec-10] INFO  com.knockfish.aspect.LogAspect - [查询标签列表] 请求成功 - 执行时间: 13ms
2026-07-28 19:43:37.560 [http-nio-8081-exec-4] INFO  com.knockfish.security.JwtAuthenticationFilter - === 请求路径: /api/auth/login, 方法: POST
2026-07-28 19:43:37.626 [http-nio-8081-exec-4] INFO  com.knockfish.aspect.LogAspect - [用户登录] 请求开始 - POST /api/auth/login - AuthController.login - 参数: {"username":"user_fish","password":"123456"}
2026-07-28 19:43:37.627 [http-nio-8081-exec-4] DEBUG com.knockfish.service.impl.AuthServiceImpl - 开始验证用户: username=user_fish
2026-07-28 19:43:37.723 [http-nio-8081-exec-4] DEBUG com.knockfish.service.impl.AuthServiceImpl - 用户验证通过: username=user_fish, userId=3
2026-07-28 19:43:37.734 [http-nio-8081-exec-4] INFO  com.knockfish.service.impl.AuthServiceImpl - 用户登录成功: username=user_fish, userId=3
2026-07-28 19:43:37.736 [http-nio-8081-exec-4] INFO  com.knockfish.aspect.LogAspect - [用户登录] 请求成功 - 执行时间: 108ms - 返回结果: {"code":200,"msg":"请求成功","data":{"userId":3,"username":"user_fish","email":"user_fish@qq.com","nickname":"user_fish","avatar":"https://fishbarn.cn/blog/article-image/2026-06/168954af-15b9-4268-9743-080e1b495538.webp","description":"演示账号","githubUrl":null,"bilibiliUrl":null,"background":null,"createTime":"2026-05-28 11:17:59","roles":null,"token":"eyJhbGciOiJIUzI1NiIsInR5cCI6IkpXVCJ9.eyJ1c2VySWQiOjMsInVzZXJuYW1lIjoidXNlcl9maXNoIiwiZXhwIjoxNzg1NTk5MDE3LCJpYXQiOjE3ODUyMzkwMTd9.CK_1X-2UIDt84ifaQC1INrAIf-sgLSkFyJOjgC0vO_4"}}
2026-07-28 19:43:37.746 [http-nio-8081-exec-14] INFO  com.knockfish.security.JwtAuthenticationFilter - === 请求路径: /api/permission/user/3, 方法: GET
2026-07-28 19:43:37.752 [http-nio-8081-exec-14] DEBUG com.knockfish.security.JwtAuthenticationFilter - 用户 [user_fish] (ID:3) JWT 认证通过
2026-07-28 19:43:38.753 [http-nio-8081-exec-17] INFO  com.knockfish.security.JwtAuthenticationFilter - === 请求路径: /api/dashboard/overview, 方法: GET
2026-07-28 19:43:38.755 [http-nio-8081-exec-18] INFO  com.knockfish.security.JwtAuthenticationFilter - === 请求路径: /api/dashboard/activities, 方法: GET
2026-07-28 19:43:38.759 [http-nio-8081-exec-17] DEBUG com.knockfish.security.JwtAuthenticationFilter - 用户 [user_fish] (ID:3) JWT 认证通过
2026-07-28 19:43:38.760 [http-nio-8081-exec-17] INFO  com.knockfish.aspect.LogAspect - [获取仪表盘概览] 请求开始 - GET /api/dashboard/overview - DashboardController.getOverview - 参数: 无
2026-07-28 19:43:38.762 [http-nio-8081-exec-18] DEBUG com.knockfish.security.JwtAuthenticationFilter - 用户 [user_fish] (ID:3) JWT 认证通过
2026-07-28 19:43:38.764 [http-nio-8081-exec-18] INFO  com.knockfish.aspect.LogAspect - [获取最近动态] 请求开始 - GET /api/dashboard/activities - DashboardController.getActivities - 参数: 10
2026-07-28 19:43:38.767 [http-nio-8081-exec-18] INFO  com.knockfish.aspect.LogAspect - [获取最近动态] 请求成功 - 执行时间: 3ms
2026-07-28 19:43:38.773 [http-nio-8081-exec-17] INFO  com.knockfish.aspect.LogAspect - [获取仪表盘概览] 请求成功 - 执行时间: 13ms
2026-07-28 19:43:39.086 [http-nio-8081-exec-15] INFO  com.knockfish.security.JwtAuthenticationFilter - === 请求路径: /api/dashboard/article-trend, 方法: GET
2026-07-28 19:43:39.092 [http-nio-8081-exec-15] DEBUG com.knockfish.security.JwtAuthenticationFilter - 用户 [user_fish] (ID:3) JWT 认证通过
2026-07-28 19:43:39.093 [http-nio-8081-exec-15] INFO  com.knockfish.aspect.LogAspect - [获取文章发布趋势] 请求开始 - GET /api/dashboard/article-trend - DashboardController.getArticleTrend - 参数: "monthly", null
2026-07-28 19:43:39.094 [http-nio-8081-exec-15] INFO  com.knockfish.aspect.LogAspect - [获取文章发布趋势] 请求成功 - 执行时间: 1ms
2026-07-28 19:43:39.126 [http-nio-8081-exec-16] INFO  com.knockfish.security.JwtAuthenticationFilter - === 请求路径: /api/dashboard/category-stats, 方法: GET
2026-07-28 19:43:39.132 [http-nio-8081-exec-16] DEBUG com.knockfish.security.JwtAuthenticationFilter - 用户 [user_fish] (ID:3) JWT 认证通过
2026-07-28 19:43:39.133 [http-nio-8081-exec-16] INFO  com.knockfish.aspect.LogAspect - [获取文章分类统计] 请求开始 - GET /api/dashboard/category-stats - DashboardController.getCategoryStats - 参数: 无
2026-07-28 19:43:39.135 [http-nio-8081-exec-16] INFO  com.knockfish.aspect.LogAspect - [获取文章分类统计] 请求成功 - 执行时间: 2ms
2026-07-28 21:36:35.881 [http-nio-8081-exec-26] INFO  com.knockfish.security.JwtAuthenticationFilter - === 请求路径: /api/tag/page, 方法: GET
2026-07-28 21:36:36.029 [http-nio-8081-exec-26] DEBUG com.knockfish.security.JwtAuthenticationFilter - 用户 [knockfish] (ID:1) JWT 认证通过
2026-07-28 21:36:36.078 [http-nio-8081-exec-26] INFO  com.knockfish.aspect.LogAspect - [查询标签列表] 请求开始 - GET /api/tag/page - TagController.getTagListVO - 参数: {"tagName":null}, 1, 10
2026-07-28 21:36:36.150 [http-nio-8081-exec-26] INFO  com.knockfish.aspect.LogAspect - [查询标签列表] 请求成功 - 执行时间: 72ms
2026-07-28 21:36:47.262 [http-nio-8081-exec-22] INFO  com.knockfish.security.JwtAuthenticationFilter - === 请求路径: /api/tag/page, 方法: GET
2026-07-28 21:36:47.283 [http-nio-8081-exec-22] DEBUG com.knockfish.security.JwtAuthenticationFilter - 用户 [knockfish] (ID:1) JWT 认证通过
2026-07-28 21:36:47.285 [http-nio-8081-exec-22] INFO  com.knockfish.aspect.LogAspect - [查询标签列表] 请求开始 - GET /api/tag/page - TagController.getTagListVO - 参数: {"tagName":null}, 1, 10
2026-07-28 21:36:47.300 [http-nio-8081-exec-22] INFO  com.knockfish.aspect.LogAspect - [查询标签列表] 请求成功 - 执行时间: 15ms
2026-07-28 21:37:10.867 [http-nio-8081-exec-25] INFO  com.knockfish.security.JwtAuthenticationFilter - === 请求路径: /api/tag/page, 方法: GET
2026-07-28 21:37:10.884 [http-nio-8081-exec-25] DEBUG com.knockfish.security.JwtAuthenticationFilter - 用户 [knockfish] (ID:1) JWT 认证通过
2026-07-28 21:37:10.906 [http-nio-8081-exec-25] INFO  com.knockfish.aspect.LogAspect - [查询标签列表] 请求开始 - GET /api/tag/page - TagController.getTagListVO - 参数: {"tagName":null}, 1, 10
2026-07-28 21:37:10.921 [http-nio-8081-exec-25] INFO  com.knockfish.aspect.LogAspect - [查询标签列表] 请求成功 - 执行时间: 14ms
2026-07-28 21:37:28.006 [http-nio-8081-exec-27] INFO  com.knockfish.security.JwtAuthenticationFilter - === 请求路径: /api/tag/page, 方法: GET
2026-07-28 21:37:28.032 [http-nio-8081-exec-27] DEBUG com.knockfish.security.JwtAuthenticationFilter - 用户 [knockfish] (ID:1) JWT 认证通过
2026-07-28 21:37:28.033 [http-nio-8081-exec-27] INFO  com.knockfish.aspect.LogAspect - [查询标签列表] 请求开始 - GET /api/tag/page - TagController.getTagListVO - 参数: {"tagName":null}, 1, 10
2026-07-28 21:37:28.044 [http-nio-8081-exec-27] INFO  com.knockfish.aspect.LogAspect - [查询标签列表] 请求成功 - 执行时间: 10ms
2026-07-28 21:37:56.095 [http-nio-8081-exec-23] INFO  com.knockfish.security.JwtAuthenticationFilter - === 请求路径: /api/tag/page, 方法: GET
2026-07-28 21:37:56.119 [http-nio-8081-exec-23] DEBUG com.knockfish.security.JwtAuthenticationFilter - 用户 [knockfish] (ID:1) JWT 认证通过
2026-07-28 21:37:56.122 [http-nio-8081-exec-23] INFO  com.knockfish.aspect.LogAspect - [查询标签列表] 请求开始 - GET /api/tag/page - TagController.getTagListVO - 参数: {"tagName":null}, 1, 10
2026-07-28 21:37:56.153 [http-nio-8081-exec-23] INFO  com.knockfish.aspect.LogAspect - [查询标签列表] 请求成功 - 执行时间: 31ms
2026-07-28 21:38:00.534 [http-nio-8081-exec-30] INFO  com.knockfish.security.JwtAuthenticationFilter - === 请求路径: /api/tag/page, 方法: GET
2026-07-28 21:38:00.555 [http-nio-8081-exec-30] DEBUG com.knockfish.security.JwtAuthenticationFilter - 用户 [knockfish] (ID:1) JWT 认证通过
2026-07-28 21:38:00.560 [http-nio-8081-exec-30] INFO  com.knockfish.aspect.LogAspect - [查询标签列表] 请求开始 - GET /api/tag/page - TagController.getTagListVO - 参数: {"tagName":null}, 1, 10
2026-07-28 21:38:00.570 [http-nio-8081-exec-30] INFO  com.knockfish.aspect.LogAspect - [查询标签列表] 请求成功 - 执行时间: 10ms
2026-07-28 21:38:05.920 [http-nio-8081-exec-29] INFO  com.knockfish.security.JwtAuthenticationFilter - === 请求路径: /api/tag/page, 方法: GET
2026-07-28 21:38:05.939 [http-nio-8081-exec-29] DEBUG com.knockfish.security.JwtAuthenticationFilter - 用户 [knockfish] (ID:1) JWT 认证通过
2026-07-28 21:38:05.941 [http-nio-8081-exec-29] INFO  com.knockfish.aspect.LogAspect - [查询标签列表] 请求开始 - GET /api/tag/page - TagController.getTagListVO - 参数: {"tagName":null}, 1, 10
2026-07-28 21:38:05.950 [http-nio-8081-exec-29] INFO  com.knockfish.aspect.LogAspect - [查询标签列表] 请求成功 - 执行时间: 9ms
2026-07-28 21:38:20.249 [http-nio-8081-exec-28] INFO  com.knockfish.security.JwtAuthenticationFilter - === 请求路径: /api/tag/page, 方法: GET
2026-07-28 21:38:20.271 [http-nio-8081-exec-28] DEBUG com.knockfish.security.JwtAuthenticationFilter - 用户 [knockfish] (ID:1) JWT 认证通过
2026-07-28 21:38:20.274 [http-nio-8081-exec-28] INFO  com.knockfish.aspect.LogAspect - [查询标签列表] 请求开始 - GET /api/tag/page - TagController.getTagListVO - 参数: {"tagName":null}, 1, 10
2026-07-28 21:38:20.286 [http-nio-8081-exec-28] INFO  com.knockfish.aspect.LogAspect - [查询标签列表] 请求成功 - 执行时间: 12ms
2026-07-28 21:39:00.405 [http-nio-8081-exec-33] INFO  com.knockfish.security.JwtAuthenticationFilter - === 请求路径: /api/auth/login, 方法: POST
2026-07-28 21:39:00.431 [http-nio-8081-exec-33] INFO  com.knockfish.aspect.LogAspect - [用户登录] 请求开始 - POST /api/auth/login - AuthController.login - 参数: {"username":"knockfish","password":"3414338"}
2026-07-28 21:39:00.432 [http-nio-8081-exec-33] DEBUG com.knockfish.service.impl.AuthServiceImpl - 开始验证用户: username=knockfish
2026-07-28 21:39:00.557 [http-nio-8081-exec-33] DEBUG com.knockfish.service.impl.AuthServiceImpl - 用户验证通过: username=knockfish, userId=1
2026-07-28 21:39:00.559 [http-nio-8081-exec-33] INFO  com.knockfish.service.impl.AuthServiceImpl - 用户登录成功: username=knockfish, userId=1
2026-07-28 21:39:00.559 [http-nio-8081-exec-33] INFO  com.knockfish.aspect.LogAspect - [用户登录] 请求成功 - 执行时间: 128ms - 返回结果: {"code":200,"msg":"请求成功","data":{"userId":1,"username":"knockfish","email":"knockfish@qq.com","nickname":"knock_fish","avatar":"https://fishbarn.cn/blog/article-image/2026-06/168954af-15b9-4268-9743-080e1b495538.webp","description":"博客正在施工中……","githubUrl":null,"bilibiliUrl":null,"background":"","createTime":"2026-04-15 14:23:26","roles":null,"token":"eyJhbGciOiJIUzI1NiIsInR5cCI6IkpXVCJ9.eyJ1c2VySWQiOjEsInVzZXJuYW1lIjoia25vY2tmaXNoIiwiZXhwIjoxNzg1NjA1OTQwLCJpYXQiOjE3ODUyNDU5NDB9.Bb0n_TS-WjBEbZkPKL8s4vcxL5C983U-V_qi0qs39tI"}}
2026-07-28 21:39:00.573 [http-nio-8081-exec-36] INFO  com.knockfish.security.JwtAuthenticationFilter - === 请求路径: /api/permission/user/1, 方法: GET
2026-07-28 21:39:00.592 [http-nio-8081-exec-36] DEBUG com.knockfish.security.JwtAuthenticationFilter - 用户 [knockfish] (ID:1) JWT 认证通过
2026-07-28 21:39:03.510 [http-nio-8081-exec-35] INFO  com.knockfish.security.JwtAuthenticationFilter - === 请求路径: /api/dashboard/overview, 方法: GET
2026-07-28 21:39:03.511 [http-nio-8081-exec-41] INFO  com.knockfish.security.JwtAuthenticationFilter - === 请求路径: /api/dashboard/activities, 方法: GET
2026-07-28 21:39:03.537 [http-nio-8081-exec-35] DEBUG com.knockfish.security.JwtAuthenticationFilter - 用户 [knockfish] (ID:1) JWT 认证通过
2026-07-28 21:39:03.538 [http-nio-8081-exec-35] INFO  com.knockfish.aspect.LogAspect - [获取仪表盘概览] 请求开始 - GET /api/dashboard/overview - DashboardController.getOverview - 参数: 无
2026-07-28 21:39:03.543 [http-nio-8081-exec-41] DEBUG com.knockfish.security.JwtAuthenticationFilter - 用户 [knockfish] (ID:1) JWT 认证通过
2026-07-28 21:39:03.544 [http-nio-8081-exec-41] INFO  com.knockfish.aspect.LogAspect - [获取最近动态] 请求开始 - GET /api/dashboard/activities - DashboardController.getActivities - 参数: 10
2026-07-28 21:39:03.551 [http-nio-8081-exec-41] INFO  com.knockfish.aspect.LogAspect - [获取最近动态] 请求成功 - 执行时间: 7ms
2026-07-28 21:39:03.564 [http-nio-8081-exec-35] INFO  com.knockfish.aspect.LogAspect - [获取仪表盘概览] 请求成功 - 执行时间: 25ms
2026-07-28 21:39:08.071 [http-nio-8081-exec-42] INFO  com.knockfish.security.JwtAuthenticationFilter - === 请求路径: /api/dashboard/overview, 方法: GET
2026-07-28 21:39:08.072 [http-nio-8081-exec-39] INFO  com.knockfish.security.JwtAuthenticationFilter - === 请求路径: /api/dashboard/activities, 方法: GET
2026-07-28 21:39:08.098 [http-nio-8081-exec-39] DEBUG com.knockfish.security.JwtAuthenticationFilter - 用户 [knockfish] (ID:1) JWT 认证通过
2026-07-28 21:39:08.101 [http-nio-8081-exec-39] INFO  com.knockfish.aspect.LogAspect - [获取最近动态] 请求开始 - GET /api/dashboard/activities - DashboardController.getActivities - 参数: 10
2026-07-28 21:39:08.103 [http-nio-8081-exec-39] INFO  com.knockfish.aspect.LogAspect - [获取最近动态] 请求成功 - 执行时间: 2ms
2026-07-28 21:39:08.118 [http-nio-8081-exec-42] DEBUG com.knockfish.security.JwtAuthenticationFilter - 用户 [knockfish] (ID:1) JWT 认证通过
2026-07-28 21:39:08.119 [http-nio-8081-exec-42] INFO  com.knockfish.aspect.LogAspect - [获取仪表盘概览] 请求开始 - GET /api/dashboard/overview - DashboardController.getOverview - 参数: 无
2026-07-28 21:39:08.311 [http-nio-8081-exec-42] INFO  com.knockfish.aspect.LogAspect - [获取仪表盘概览] 请求成功 - 执行时间: 192ms
2026-07-28 21:39:13.394 [http-nio-8081-exec-45] INFO  com.knockfish.security.JwtAuthenticationFilter - === 请求路径: /api/dashboard/article-trend, 方法: GET
2026-07-28 21:39:13.428 [http-nio-8081-exec-45] DEBUG com.knockfish.security.JwtAuthenticationFilter - 用户 [knockfish] (ID:1) JWT 认证通过
2026-07-28 21:39:13.433 [http-nio-8081-exec-45] INFO  com.knockfish.aspect.LogAspect - [获取文章发布趋势] 请求开始 - GET /api/dashboard/article-trend - DashboardController.getArticleTrend - 参数: "monthly", null
2026-07-28 21:39:13.449 [http-nio-8081-exec-45] INFO  com.knockfish.aspect.LogAspect - [获取文章发布趋势] 请求成功 - 执行时间: 16ms
2026-07-28 21:39:13.470 [http-nio-8081-exec-44] INFO  com.knockfish.security.JwtAuthenticationFilter - === 请求路径: /api/dashboard/category-stats, 方法: GET
2026-07-28 21:39:13.504 [http-nio-8081-exec-44] DEBUG com.knockfish.security.JwtAuthenticationFilter - 用户 [knockfish] (ID:1) JWT 认证通过
2026-07-28 21:39:13.506 [http-nio-8081-exec-44] INFO  com.knockfish.aspect.LogAspect - [获取文章分类统计] 请求开始 - GET /api/dashboard/category-stats - DashboardController.getCategoryStats - 参数: 无
2026-07-28 21:39:13.515 [http-nio-8081-exec-44] INFO  com.knockfish.aspect.LogAspect - [获取文章分类统计] 请求成功 - 执行时间: 8ms
2026-07-28 21:39:22.639 [http-nio-8081-exec-46] INFO  com.knockfish.security.JwtAuthenticationFilter - === 请求路径: /api/dashboard/overview, 方法: GET
2026-07-28 21:39:22.642 [http-nio-8081-exec-50] INFO  com.knockfish.security.JwtAuthenticationFilter - === 请求路径: /api/dashboard/activities, 方法: GET
2026-07-28 21:39:22.677 [http-nio-8081-exec-46] DEBUG com.knockfish.security.JwtAuthenticationFilter - 用户 [knockfish] (ID:1) JWT 认证通过
2026-07-28 21:39:22.678 [http-nio-8081-exec-46] INFO  com.knockfish.aspect.LogAspect - [获取仪表盘概览] 请求开始 - GET /api/dashboard/overview - DashboardController.getOverview - 参数: 无
2026-07-28 21:39:22.685 [http-nio-8081-exec-50] DEBUG com.knockfish.security.JwtAuthenticationFilter - 用户 [knockfish] (ID:1) JWT 认证通过
2026-07-28 21:39:22.688 [http-nio-8081-exec-50] INFO  com.knockfish.aspect.LogAspect - [获取最近动态] 请求开始 - GET /api/dashboard/activities - DashboardController.getActivities - 参数: 10
2026-07-28 21:39:22.695 [http-nio-8081-exec-50] INFO  com.knockfish.aspect.LogAspect - [获取最近动态] 请求成功 - 执行时间: 6ms
2026-07-28 21:39:22.741 [http-nio-8081-exec-46] INFO  com.knockfish.aspect.LogAspect - [获取仪表盘概览] 请求成功 - 执行时间: 63ms
2026-07-28 21:39:24.280 [http-nio-8081-exec-1] INFO  com.knockfish.security.JwtAuthenticationFilter - === 请求路径: /api/dashboard/category-stats, 方法: GET
2026-07-28 21:39:24.314 [http-nio-8081-exec-1] DEBUG com.knockfish.security.JwtAuthenticationFilter - 用户 [knockfish] (ID:1) JWT 认证通过
2026-07-28 21:39:24.315 [http-nio-8081-exec-1] INFO  com.knockfish.aspect.LogAspect - [获取文章分类统计] 请求开始 - GET /api/dashboard/category-stats - DashboardController.getCategoryStats - 参数: 无
2026-07-28 21:39:24.320 [http-nio-8081-exec-1] INFO  com.knockfish.aspect.LogAspect - [获取文章分类统计] 请求成功 - 执行时间: 4ms
2026-07-28 21:39:24.405 [http-nio-8081-exec-49] INFO  com.knockfish.security.JwtAuthenticationFilter - === 请求路径: /api/dashboard/article-trend, 方法: GET
2026-07-28 21:39:24.456 [http-nio-8081-exec-49] DEBUG com.knockfish.security.JwtAuthenticationFilter - 用户 [knockfish] (ID:1) JWT 认证通过
2026-07-28 21:39:24.459 [http-nio-8081-exec-49] INFO  com.knockfish.aspect.LogAspect - [获取文章发布趋势] 请求开始 - GET /api/dashboard/article-trend - DashboardController.getArticleTrend - 参数: "monthly", null
2026-07-28 21:39:24.466 [http-nio-8081-exec-49] INFO  com.knockfish.aspect.LogAspect - [获取文章发布趋势] 请求成功 - 执行时间: 6ms
2026-07-28 21:40:41.211 [http-nio-8081-exec-47] INFO  com.knockfish.security.JwtAuthenticationFilter - === 请求路径: /api/auth/login, 方法: POST
2026-07-28 21:40:41.215 [http-nio-8081-exec-47] INFO  com.knockfish.aspect.LogAspect - [用户登录] 请求开始 - POST /api/auth/login - AuthController.login - 参数: {"username":"knockfish","password":"3414338"}
2026-07-28 21:40:41.215 [http-nio-8081-exec-47] DEBUG com.knockfish.service.impl.AuthServiceImpl - 开始验证用户: username=knockfish
2026-07-28 21:40:41.367 [http-nio-8081-exec-47] DEBUG com.knockfish.service.impl.AuthServiceImpl - 用户验证通过: username=knockfish, userId=1
2026-07-28 21:40:41.368 [http-nio-8081-exec-47] INFO  com.knockfish.service.impl.AuthServiceImpl - 用户登录成功: username=knockfish, userId=1
2026-07-28 21:40:41.369 [http-nio-8081-exec-47] INFO  com.knockfish.aspect.LogAspect - [用户登录] 请求成功 - 执行时间: 153ms - 返回结果: {"code":200,"msg":"请求成功","data":{"userId":1,"username":"knockfish","email":"knockfish@qq.com","nickname":"knock_fish","avatar":"https://fishbarn.cn/blog/article-image/2026-06/168954af-15b9-4268-9743-080e1b495538.webp","description":"博客正在施工中……","githubUrl":null,"bilibiliUrl":null,"background":"","createTime":"2026-04-15 14:23:26","roles":null,"token":"eyJhbGciOiJIUzI1NiIsInR5cCI6IkpXVCJ9.eyJ1c2VySWQiOjEsInVzZXJuYW1lIjoia25vY2tmaXNoIiwiZXhwIjoxNzg1NjA2MDQxLCJpYXQiOjE3ODUyNDYwNDF9.WQEw-JjKET3mkTcxK_ukwWUh4VluXbqd4OkFYXut2r4"}}
2026-07-28 21:40:41.379 [http-nio-8081-exec-7] INFO  com.knockfish.security.JwtAuthenticationFilter - === 请求路径: /api/permission/user/1, 方法: GET
2026-07-28 21:40:41.399 [http-nio-8081-exec-7] DEBUG com.knockfish.security.JwtAuthenticationFilter - 用户 [knockfish] (ID:1) JWT 认证通过
2026-07-28 21:40:42.017 [http-nio-8081-exec-2] INFO  com.knockfish.security.JwtAuthenticationFilter - === 请求路径: /api/dashboard/overview, 方法: GET
2026-07-28 21:40:42.019 [http-nio-8081-exec-10] INFO  com.knockfish.security.JwtAuthenticationFilter - === 请求路径: /api/dashboard/activities, 方法: GET
2026-07-28 21:40:42.044 [http-nio-8081-exec-2] DEBUG com.knockfish.security.JwtAuthenticationFilter - 用户 [knockfish] (ID:1) JWT 认证通过
2026-07-28 21:40:42.045 [http-nio-8081-exec-2] INFO  com.knockfish.aspect.LogAspect - [获取仪表盘概览] 请求开始 - GET /api/dashboard/overview - DashboardController.getOverview - 参数: 无
2026-07-28 21:40:42.053 [http-nio-8081-exec-10] DEBUG com.knockfish.security.JwtAuthenticationFilter - 用户 [knockfish] (ID:1) JWT 认证通过
2026-07-28 21:40:42.055 [http-nio-8081-exec-10] INFO  com.knockfish.aspect.LogAspect - [获取最近动态] 请求开始 - GET /api/dashboard/activities - DashboardController.getActivities - 参数: 10
2026-07-28 21:40:42.058 [http-nio-8081-exec-10] INFO  com.knockfish.aspect.LogAspect - [获取最近动态] 请求成功 - 执行时间: 3ms
2026-07-28 21:40:42.061 [http-nio-8081-exec-2] INFO  com.knockfish.aspect.LogAspect - [获取仪表盘概览] 请求成功 - 执行时间: 16ms
2026-07-28 21:40:44.189 [http-nio-8081-exec-3] INFO  com.knockfish.security.JwtAuthenticationFilter - === 请求路径: /api/dashboard/article-trend, 方法: GET
2026-07-28 21:40:44.219 [http-nio-8081-exec-3] DEBUG com.knockfish.security.JwtAuthenticationFilter - 用户 [knockfish] (ID:1) JWT 认证通过
2026-07-28 21:40:44.221 [http-nio-8081-exec-3] INFO  com.knockfish.aspect.LogAspect - [获取文章发布趋势] 请求开始 - GET /api/dashboard/article-trend - DashboardController.getArticleTrend - 参数: "monthly", null
2026-07-28 21:40:44.225 [http-nio-8081-exec-3] INFO  com.knockfish.aspect.LogAspect - [获取文章发布趋势] 请求成功 - 执行时间: 4ms
2026-07-28 21:40:44.316 [http-nio-8081-exec-6] INFO  com.knockfish.security.JwtAuthenticationFilter - === 请求路径: /api/dashboard/category-stats, 方法: GET
2026-07-28 21:40:44.341 [http-nio-8081-exec-6] DEBUG com.knockfish.security.JwtAuthenticationFilter - 用户 [knockfish] (ID:1) JWT 认证通过
2026-07-28 21:40:44.343 [http-nio-8081-exec-6] INFO  com.knockfish.aspect.LogAspect - [获取文章分类统计] 请求开始 - GET /api/dashboard/category-stats - DashboardController.getCategoryStats - 参数: 无
2026-07-28 21:40:44.346 [http-nio-8081-exec-6] INFO  com.knockfish.aspect.LogAspect - [获取文章分类统计] 请求成功 - 执行时间: 3ms
2026-07-28 21:40:49.391 [http-nio-8081-exec-4] INFO  com.knockfish.security.JwtAuthenticationFilter - === 请求路径: /api/category/with-site-count, 方法: GET
2026-07-28 21:40:49.425 [http-nio-8081-exec-4] DEBUG com.knockfish.security.JwtAuthenticationFilter - 用户 [knockfish] (ID:1) JWT 认证通过
2026-07-28 21:40:49.429 [http-nio-8081-exec-4] INFO  com.knockfish.aspect.LogAspect - [查询分类列表(含统计)] 请求开始 - GET /api/category/with-site-count - CategoryController.getCategoryWithSiteCountList - 参数: {"categoryName":null}, 1, 10
2026-07-28 21:40:49.465 [http-nio-8081-exec-4] INFO  com.knockfish.aspect.LogAspect - [查询分类列表(含统计)] 请求成功 - 执行时间: 36ms
2026-07-28 21:42:37.165 [http-nio-8081-exec-13] INFO  com.knockfish.security.JwtAuthenticationFilter - === 请求路径: /api/link/page, 方法: GET
2026-07-28 21:42:37.190 [http-nio-8081-exec-13] DEBUG com.knockfish.security.JwtAuthenticationFilter - 用户 [knockfish] (ID:1) JWT 认证通过
2026-07-28 21:42:37.202 [http-nio-8081-exec-13] INFO  com.knockfish.aspect.LogAspect - [查询友链列表] 请求开始 - GET /api/link/page - LinkController.getLinkListVO - 参数: {"linkName":null}, 1, 10
2026-07-28 21:42:37.227 [http-nio-8081-exec-13] INFO  com.knockfish.aspect.LogAspect - [查询友链列表] 请求成功 - 执行时间: 24ms
2026-07-28 21:42:46.888 [http-nio-8081-exec-18] INFO  com.knockfish.security.JwtAuthenticationFilter - === 请求路径: /api/link/page, 方法: GET
2026-07-28 21:42:46.913 [http-nio-8081-exec-18] DEBUG com.knockfish.security.JwtAuthenticationFilter - 用户 [knockfish] (ID:1) JWT 认证通过
2026-07-28 21:42:46.915 [http-nio-8081-exec-18] INFO  com.knockfish.aspect.LogAspect - [查询友链列表] 请求开始 - GET /api/link/page - LinkController.getLinkListVO - 参数: {"linkName":null}, 1, 10
2026-07-28 21:42:46.934 [http-nio-8081-exec-18] INFO  com.knockfish.aspect.LogAspect - [查询友链列表] 请求成功 - 执行时间: 18ms
2026-07-28 21:42:55.303 [http-nio-8081-exec-17] INFO  com.knockfish.security.JwtAuthenticationFilter - === 请求路径: /api/tag/page, 方法: GET
2026-07-28 21:42:55.318 [http-nio-8081-exec-17] DEBUG com.knockfish.security.JwtAuthenticationFilter - 用户 [knockfish] (ID:1) JWT 认证通过
2026-07-28 21:42:55.322 [http-nio-8081-exec-17] INFO  com.knockfish.aspect.LogAspect - [查询标签列表] 请求开始 - GET /api/tag/page - TagController.getTagListVO - 参数: {"tagName":null}, 1, 10
2026-07-28 21:42:55.375 [http-nio-8081-exec-17] INFO  com.knockfish.aspect.LogAspect - [查询标签列表] 请求成功 - 执行时间: 52ms
2026-07-28 21:42:57.098 [http-nio-8081-exec-12] INFO  com.knockfish.security.JwtAuthenticationFilter - === 请求路径: /api/category/with-site-count, 方法: GET
2026-07-28 21:42:57.109 [http-nio-8081-exec-12] DEBUG com.knockfish.security.JwtAuthenticationFilter - 用户 [knockfish] (ID:1) JWT 认证通过
2026-07-28 21:42:57.114 [http-nio-8081-exec-12] INFO  com.knockfish.aspect.LogAspect - [查询分类列表(含统计)] 请求开始 - GET /api/category/with-site-count - CategoryController.getCategoryWithSiteCountList - 参数: {"categoryName":null}, 1, 10
2026-07-28 21:42:57.121 [http-nio-8081-exec-12] INFO  com.knockfish.aspect.LogAspect - [查询分类列表(含统计)] 请求成功 - 执行时间: 7ms
2026-07-28 21:43:00.158 [http-nio-8081-exec-21] INFO  com.knockfish.security.JwtAuthenticationFilter - === 请求路径: /api/dashboard/activities, 方法: GET
2026-07-28 21:43:00.158 [http-nio-8081-exec-15] INFO  com.knockfish.security.JwtAuthenticationFilter - === 请求路径: /api/dashboard/overview, 方法: GET
2026-07-28 21:43:00.187 [http-nio-8081-exec-21] DEBUG com.knockfish.security.JwtAuthenticationFilter - 用户 [knockfish] (ID:1) JWT 认证通过
2026-07-28 21:43:00.189 [http-nio-8081-exec-21] INFO  com.knockfish.aspect.LogAspect - [获取最近动态] 请求开始 - GET /api/dashboard/activities - DashboardController.getActivities - 参数: 10
2026-07-28 21:43:00.189 [http-nio-8081-exec-15] DEBUG com.knockfish.security.JwtAuthenticationFilter - 用户 [knockfish] (ID:1) JWT 认证通过
2026-07-28 21:43:00.190 [http-nio-8081-exec-15] INFO  com.knockfish.aspect.LogAspect - [获取仪表盘概览] 请求开始 - GET /api/dashboard/overview - DashboardController.getOverview - 参数: 无
2026-07-28 21:43:00.192 [http-nio-8081-exec-21] INFO  com.knockfish.aspect.LogAspect - [获取最近动态] 请求成功 - 执行时间: 3ms
2026-07-28 21:43:00.331 [http-nio-8081-exec-15] INFO  com.knockfish.aspect.LogAspect - [获取仪表盘概览] 请求成功 - 执行时间: 140ms
2026-07-28 21:43:03.038 [http-nio-8081-exec-16] INFO  com.knockfish.security.JwtAuthenticationFilter - === 请求路径: /api/dashboard/category-stats, 方法: GET
2026-07-28 21:43:03.050 [http-nio-8081-exec-16] DEBUG com.knockfish.security.JwtAuthenticationFilter - 用户 [knockfish] (ID:1) JWT 认证通过
2026-07-28 21:43:03.051 [http-nio-8081-exec-16] INFO  com.knockfish.aspect.LogAspect - [获取文章分类统计] 请求开始 - GET /api/dashboard/category-stats - DashboardController.getCategoryStats - 参数: 无
2026-07-28 21:43:03.055 [http-nio-8081-exec-16] INFO  com.knockfish.aspect.LogAspect - [获取文章分类统计] 请求成功 - 执行时间: 3ms
2026-07-28 21:43:03.090 [http-nio-8081-exec-24] INFO  com.knockfish.security.JwtAuthenticationFilter - === 请求路径: /api/dashboard/article-trend, 方法: GET
2026-07-28 21:43:03.105 [http-nio-8081-exec-24] DEBUG com.knockfish.security.JwtAuthenticationFilter - 用户 [knockfish] (ID:1) JWT 认证通过
2026-07-28 21:43:03.105 [http-nio-8081-exec-24] INFO  com.knockfish.aspect.LogAspect - [获取文章发布趋势] 请求开始 - GET /api/dashboard/article-trend - DashboardController.getArticleTrend - 参数: "monthly", null
2026-07-28 21:43:03.107 [http-nio-8081-exec-24] INFO  com.knockfish.aspect.LogAspect - [获取文章发布趋势] 请求成功 - 执行时间: 2ms
2026-07-28 21:43:05.755 [http-nio-8081-exec-19] INFO  com.knockfish.security.JwtAuthenticationFilter - === 请求路径: /api/dashboard/overview, 方法: GET
2026-07-28 21:43:05.760 [http-nio-8081-exec-22] INFO  com.knockfish.security.JwtAuthenticationFilter - === 请求路径: /api/dashboard/article-trend, 方法: GET
2026-07-28 21:43:05.761 [http-nio-8081-exec-25] INFO  com.knockfish.security.JwtAuthenticationFilter - === 请求路径: /api/dashboard/tag-cloud, 方法: GET
2026-07-28 21:43:05.762 [http-nio-8081-exec-27] INFO  com.knockfish.security.JwtAuthenticationFilter - === 请求路径: /api/dashboard/latest-articles, 方法: GET
2026-07-28 21:43:05.780 [http-nio-8081-exec-19] DEBUG com.knockfish.security.JwtAuthenticationFilter - 用户 [knockfish] (ID:1) JWT 认证通过
2026-07-28 21:43:05.781 [http-nio-8081-exec-19] INFO  com.knockfish.aspect.LogAspect - [获取仪表盘概览] 请求开始 - GET /api/dashboard/overview - DashboardController.getOverview - 参数: 无
2026-07-28 21:43:05.782 [http-nio-8081-exec-22] DEBUG com.knockfish.security.JwtAuthenticationFilter - 用户 [knockfish] (ID:1) JWT 认证通过
2026-07-28 21:43:05.783 [http-nio-8081-exec-22] INFO  com.knockfish.aspect.LogAspect - [获取文章发布趋势] 请求开始 - GET /api/dashboard/article-trend - DashboardController.getArticleTrend - 参数: "monthly", null
2026-07-28 21:43:05.787 [http-nio-8081-exec-22] INFO  com.knockfish.aspect.LogAspect - [获取文章发布趋势] 请求成功 - 执行时间: 4ms
2026-07-28 21:43:05.791 [http-nio-8081-exec-25] DEBUG com.knockfish.security.JwtAuthenticationFilter - 用户 [knockfish] (ID:1) JWT 认证通过
2026-07-28 21:43:05.792 [http-nio-8081-exec-25] INFO  com.knockfish.aspect.LogAspect - [获取标签云] 请求开始 - GET /api/dashboard/tag-cloud - DashboardController.getTagCloud - 参数: 无
2026-07-28 21:43:05.792 [http-nio-8081-exec-27] DEBUG com.knockfish.security.JwtAuthenticationFilter - 用户 [knockfish] (ID:1) JWT 认证通过
2026-07-28 21:43:05.793 [http-nio-8081-exec-27] INFO  com.knockfish.aspect.LogAspect - [获取最近文章] 请求开始 - GET /api/dashboard/latest-articles - DashboardController.getLatestArticles - 参数: 10
2026-07-28 21:43:05.796 [http-nio-8081-exec-25] INFO  com.knockfish.aspect.LogAspect - [获取标签云] 请求成功 - 执行时间: 4ms
2026-07-28 21:43:05.796 [http-nio-8081-exec-27] INFO  com.knockfish.aspect.LogAspect - [获取最近文章] 请求成功 - 执行时间: 3ms
2026-07-28 21:43:05.809 [http-nio-8081-exec-19] INFO  com.knockfish.aspect.LogAspect - [获取仪表盘概览] 请求成功 - 执行时间: 28ms
2026-07-28 21:43:08.817 [http-nio-8081-exec-23] INFO  com.knockfish.security.JwtAuthenticationFilter - === 请求路径: /api/dashboard/overview, 方法: GET
2026-07-28 21:43:08.817 [http-nio-8081-exec-30] INFO  com.knockfish.security.JwtAuthenticationFilter - === 请求路径: /api/dashboard/activities, 方法: GET
2026-07-28 21:43:08.832 [http-nio-8081-exec-23] DEBUG com.knockfish.security.JwtAuthenticationFilter - 用户 [knockfish] (ID:1) JWT 认证通过
2026-07-28 21:43:08.833 [http-nio-8081-exec-23] INFO  com.knockfish.aspect.LogAspect - [获取仪表盘概览] 请求开始 - GET /api/dashboard/overview - DashboardController.getOverview - 参数: 无
2026-07-28 21:43:08.835 [http-nio-8081-exec-30] DEBUG com.knockfish.security.JwtAuthenticationFilter - 用户 [knockfish] (ID:1) JWT 认证通过
2026-07-28 21:43:08.836 [http-nio-8081-exec-30] INFO  com.knockfish.aspect.LogAspect - [获取最近动态] 请求开始 - GET /api/dashboard/activities - DashboardController.getActivities - 参数: 10
2026-07-28 21:43:08.839 [http-nio-8081-exec-30] INFO  com.knockfish.aspect.LogAspect - [获取最近动态] 请求成功 - 执行时间: 2ms
2026-07-28 21:43:08.852 [http-nio-8081-exec-23] INFO  com.knockfish.aspect.LogAspect - [获取仪表盘概览] 请求成功 - 执行时间: 19ms
2026-07-28 21:43:09.046 [http-nio-8081-exec-29] INFO  com.knockfish.security.JwtAuthenticationFilter - === 请求路径: /api/dashboard/article-trend, 方法: GET
2026-07-28 21:43:09.057 [http-nio-8081-exec-29] DEBUG com.knockfish.security.JwtAuthenticationFilter - 用户 [knockfish] (ID:1) JWT 认证通过
2026-07-28 21:43:09.058 [http-nio-8081-exec-29] INFO  com.knockfish.aspect.LogAspect - [获取文章发布趋势] 请求开始 - GET /api/dashboard/article-trend - DashboardController.getArticleTrend - 参数: "monthly", null
2026-07-28 21:43:09.060 [http-nio-8081-exec-29] INFO  com.knockfish.aspect.LogAspect - [获取文章发布趋势] 请求成功 - 执行时间: 2ms
2026-07-28 21:43:09.066 [http-nio-8081-exec-28] INFO  com.knockfish.security.JwtAuthenticationFilter - === 请求路径: /api/dashboard/category-stats, 方法: GET
2026-07-28 21:43:09.076 [http-nio-8081-exec-28] DEBUG com.knockfish.security.JwtAuthenticationFilter - 用户 [knockfish] (ID:1) JWT 认证通过
2026-07-28 21:43:09.077 [http-nio-8081-exec-28] INFO  com.knockfish.aspect.LogAspect - [获取文章分类统计] 请求开始 - GET /api/dashboard/category-stats - DashboardController.getCategoryStats - 参数: 无
2026-07-28 21:43:09.080 [http-nio-8081-exec-28] INFO  com.knockfish.aspect.LogAspect - [获取文章分类统计] 请求成功 - 执行时间: 3ms
2026-07-28 21:43:10.417 [http-nio-8081-exec-32] INFO  com.knockfish.security.JwtAuthenticationFilter - === 请求路径: /api/dashboard/tag-cloud, 方法: GET
2026-07-28 21:43:10.417 [http-nio-8081-exec-31] INFO  com.knockfish.security.JwtAuthenticationFilter - === 请求路径: /api/dashboard/article-trend, 方法: GET
2026-07-28 21:43:10.417 [http-nio-8081-exec-34] INFO  com.knockfish.security.JwtAuthenticationFilter - === 请求路径: /api/dashboard/overview, 方法: GET
2026-07-28 21:43:10.417 [http-nio-8081-exec-33] INFO  com.knockfish.security.JwtAuthenticationFilter - === 请求路径: /api/dashboard/latest-articles, 方法: GET
2026-07-28 21:43:10.437 [http-nio-8081-exec-33] DEBUG com.knockfish.security.JwtAuthenticationFilter - 用户 [knockfish] (ID:1) JWT 认证通过
2026-07-28 21:43:10.438 [http-nio-8081-exec-32] DEBUG com.knockfish.security.JwtAuthenticationFilter - 用户 [knockfish] (ID:1) JWT 认证通过
2026-07-28 21:43:10.438 [http-nio-8081-exec-33] INFO  com.knockfish.aspect.LogAspect - [获取最近文章] 请求开始 - GET /api/dashboard/latest-articles - DashboardController.getLatestArticles - 参数: 10
2026-07-28 21:43:10.438 [http-nio-8081-exec-34] DEBUG com.knockfish.security.JwtAuthenticationFilter - 用户 [knockfish] (ID:1) JWT 认证通过
2026-07-28 21:43:10.438 [http-nio-8081-exec-32] INFO  com.knockfish.aspect.LogAspect - [获取标签云] 请求开始 - GET /api/dashboard/tag-cloud - DashboardController.getTagCloud - 参数: 无
2026-07-28 21:43:10.439 [http-nio-8081-exec-34] INFO  com.knockfish.aspect.LogAspect - [获取仪表盘概览] 请求开始 - GET /api/dashboard/overview - DashboardController.getOverview - 参数: 无
2026-07-28 21:43:10.440 [http-nio-8081-exec-31] DEBUG com.knockfish.security.JwtAuthenticationFilter - 用户 [knockfish] (ID:1) JWT 认证通过
2026-07-28 21:43:10.441 [http-nio-8081-exec-33] INFO  com.knockfish.aspect.LogAspect - [获取最近文章] 请求成功 - 执行时间: 3ms
2026-07-28 21:43:10.441 [http-nio-8081-exec-31] INFO  com.knockfish.aspect.LogAspect - [获取文章发布趋势] 请求开始 - GET /api/dashboard/article-trend - DashboardController.getArticleTrend - 参数: "monthly", null
2026-07-28 21:43:10.441 [http-nio-8081-exec-32] INFO  com.knockfish.aspect.LogAspect - [获取标签云] 请求成功 - 执行时间: 2ms
2026-07-28 21:43:10.442 [http-nio-8081-exec-31] INFO  com.knockfish.aspect.LogAspect - [获取文章发布趋势] 请求成功 - 执行时间: 1ms
2026-07-28 21:43:10.477 [http-nio-8081-exec-34] INFO  com.knockfish.aspect.LogAspect - [获取仪表盘概览] 请求成功 - 执行时间: 38ms
2026-07-28 21:43:11.076 [http-nio-8081-exec-36] INFO  com.knockfish.security.JwtAuthenticationFilter - === 请求路径: /api/dashboard/overview, 方法: GET
2026-07-28 21:43:11.080 [http-nio-8081-exec-37] INFO  com.knockfish.security.JwtAuthenticationFilter - === 请求路径: /api/dashboard/activities, 方法: GET
2026-07-28 21:43:11.089 [http-nio-8081-exec-36] DEBUG com.knockfish.security.JwtAuthenticationFilter - 用户 [knockfish] (ID:1) JWT 认证通过
2026-07-28 21:43:11.090 [http-nio-8081-exec-36] INFO  com.knockfish.aspect.LogAspect - [获取仪表盘概览] 请求开始 - GET /api/dashboard/overview - DashboardController.getOverview - 参数: 无
2026-07-28 21:43:11.097 [http-nio-8081-exec-37] DEBUG com.knockfish.security.JwtAuthenticationFilter - 用户 [knockfish] (ID:1) JWT 认证通过
2026-07-28 21:43:11.099 [http-nio-8081-exec-37] INFO  com.knockfish.aspect.LogAspect - [获取最近动态] 请求开始 - GET /api/dashboard/activities - DashboardController.getActivities - 参数: 10
2026-07-28 21:43:11.101 [http-nio-8081-exec-37] INFO  com.knockfish.aspect.LogAspect - [获取最近动态] 请求成功 - 执行时间: 1ms
2026-07-28 21:43:11.110 [http-nio-8081-exec-36] INFO  com.knockfish.aspect.LogAspect - [获取仪表盘概览] 请求成功 - 执行时间: 20ms
2026-07-28 21:43:11.327 [http-nio-8081-exec-38] INFO  com.knockfish.security.JwtAuthenticationFilter - === 请求路径: /api/dashboard/article-trend, 方法: GET
2026-07-28 21:43:11.345 [http-nio-8081-exec-38] DEBUG com.knockfish.security.JwtAuthenticationFilter - 用户 [knockfish] (ID:1) JWT 认证通过
2026-07-28 21:43:11.345 [http-nio-8081-exec-38] INFO  com.knockfish.aspect.LogAspect - [获取文章发布趋势] 请求开始 - GET /api/dashboard/article-trend - DashboardController.getArticleTrend - 参数: "monthly", null
2026-07-28 21:43:11.347 [http-nio-8081-exec-38] INFO  com.knockfish.aspect.LogAspect - [获取文章发布趋势] 请求成功 - 执行时间: 2ms
2026-07-28 21:43:11.353 [http-nio-8081-exec-41] INFO  com.knockfish.security.JwtAuthenticationFilter - === 请求路径: /api/dashboard/category-stats, 方法: GET
2026-07-28 21:43:11.362 [http-nio-8081-exec-41] DEBUG com.knockfish.security.JwtAuthenticationFilter - 用户 [knockfish] (ID:1) JWT 认证通过
2026-07-28 21:43:11.364 [http-nio-8081-exec-41] INFO  com.knockfish.aspect.LogAspect - [获取文章分类统计] 请求开始 - GET /api/dashboard/category-stats - DashboardController.getCategoryStats - 参数: 无
2026-07-28 21:43:11.369 [http-nio-8081-exec-41] INFO  com.knockfish.aspect.LogAspect - [获取文章分类统计] 请求成功 - 执行时间: 4ms
2026-07-28 21:43:21.812 [http-nio-8081-exec-35] INFO  com.knockfish.security.JwtAuthenticationFilter - === 请求路径: /api/dashboard/overview, 方法: GET
2026-07-28 21:43:21.814 [http-nio-8081-exec-39] INFO  com.knockfish.security.JwtAuthenticationFilter - === 请求路径: /api/dashboard/activities, 方法: GET
2026-07-28 21:43:21.826 [http-nio-8081-exec-35] DEBUG com.knockfish.security.JwtAuthenticationFilter - 用户 [knockfish] (ID:1) JWT 认证通过
2026-07-28 21:43:21.826 [http-nio-8081-exec-35] INFO  com.knockfish.aspect.LogAspect - [获取仪表盘概览] 请求开始 - GET /api/dashboard/overview - DashboardController.getOverview - 参数: 无
2026-07-28 21:43:21.828 [http-nio-8081-exec-39] DEBUG com.knockfish.security.JwtAuthenticationFilter - 用户 [knockfish] (ID:1) JWT 认证通过
2026-07-28 21:43:21.829 [http-nio-8081-exec-39] INFO  com.knockfish.aspect.LogAspect - [获取最近动态] 请求开始 - GET /api/dashboard/activities - DashboardController.getActivities - 参数: 10
2026-07-28 21:43:21.831 [http-nio-8081-exec-39] INFO  com.knockfish.aspect.LogAspect - [获取最近动态] 请求成功 - 执行时间: 2ms
2026-07-28 21:43:21.858 [http-nio-8081-exec-35] INFO  com.knockfish.aspect.LogAspect - [获取仪表盘概览] 请求成功 - 执行时间: 32ms
2026-07-28 21:43:23.718 [http-nio-8081-exec-42] INFO  com.knockfish.security.JwtAuthenticationFilter - === 请求路径: /api/dashboard/article-trend, 方法: GET
2026-07-28 21:43:23.748 [http-nio-8081-exec-42] DEBUG com.knockfish.security.JwtAuthenticationFilter - 用户 [knockfish] (ID:1) JWT 认证通过
2026-07-28 21:43:23.749 [http-nio-8081-exec-42] INFO  com.knockfish.aspect.LogAspect - [获取文章发布趋势] 请求开始 - GET /api/dashboard/article-trend - DashboardController.getArticleTrend - 参数: "monthly", null
2026-07-28 21:43:23.752 [http-nio-8081-exec-42] INFO  com.knockfish.aspect.LogAspect - [获取文章发布趋势] 请求成功 - 执行时间: 3ms
2026-07-28 21:43:23.848 [http-nio-8081-exec-40] INFO  com.knockfish.security.JwtAuthenticationFilter - === 请求路径: /api/dashboard/category-stats, 方法: GET
2026-07-28 21:43:23.882 [http-nio-8081-exec-40] DEBUG com.knockfish.security.JwtAuthenticationFilter - 用户 [knockfish] (ID:1) JWT 认证通过
2026-07-28 21:43:23.883 [http-nio-8081-exec-40] INFO  com.knockfish.aspect.LogAspect - [获取文章分类统计] 请求开始 - GET /api/dashboard/category-stats - DashboardController.getCategoryStats - 参数: 无
2026-07-28 21:43:23.889 [http-nio-8081-exec-40] INFO  com.knockfish.aspect.LogAspect - [获取文章分类统计] 请求成功 - 执行时间: 5ms
2026-07-28 21:45:00.622 [http-nio-8081-exec-46] INFO  com.knockfish.security.JwtAuthenticationFilter - === 请求路径: /api/dashboard/overview, 方法: GET
2026-07-28 21:45:00.624 [http-nio-8081-exec-1] INFO  com.knockfish.security.JwtAuthenticationFilter - === 请求路径: /api/dashboard/activities, 方法: GET
2026-07-28 21:45:00.637 [http-nio-8081-exec-46] DEBUG com.knockfish.security.JwtAuthenticationFilter - 用户 [knockfish] (ID:1) JWT 认证通过
2026-07-28 21:45:00.638 [http-nio-8081-exec-46] INFO  com.knockfish.aspect.LogAspect - [获取仪表盘概览] 请求开始 - GET /api/dashboard/overview - DashboardController.getOverview - 参数: 无
2026-07-28 21:45:00.639 [http-nio-8081-exec-1] DEBUG com.knockfish.security.JwtAuthenticationFilter - 用户 [knockfish] (ID:1) JWT 认证通过
2026-07-28 21:45:00.639 [http-nio-8081-exec-1] INFO  com.knockfish.aspect.LogAspect - [获取最近动态] 请求开始 - GET /api/dashboard/activities - DashboardController.getActivities - 参数: 10
2026-07-28 21:45:00.641 [http-nio-8081-exec-1] INFO  com.knockfish.aspect.LogAspect - [获取最近动态] 请求成功 - 执行时间: 2ms
2026-07-28 21:45:00.667 [http-nio-8081-exec-46] INFO  com.knockfish.aspect.LogAspect - [获取仪表盘概览] 请求成功 - 执行时间: 29ms
2026-07-28 21:45:06.481 [http-nio-8081-exec-49] INFO  com.knockfish.security.JwtAuthenticationFilter - === 请求路径: /api/dashboard/article-trend, 方法: GET
2026-07-28 21:45:06.497 [http-nio-8081-exec-49] DEBUG com.knockfish.security.JwtAuthenticationFilter - 用户 [knockfish] (ID:1) JWT 认证通过
2026-07-28 21:45:06.498 [http-nio-8081-exec-49] INFO  com.knockfish.aspect.LogAspect - [获取文章发布趋势] 请求开始 - GET /api/dashboard/article-trend - DashboardController.getArticleTrend - 参数: "monthly", null
2026-07-28 21:45:06.501 [http-nio-8081-exec-49] INFO  com.knockfish.aspect.LogAspect - [获取文章发布趋势] 请求成功 - 执行时间: 3ms
2026-07-28 21:45:06.599 [http-nio-8081-exec-48] INFO  com.knockfish.security.JwtAuthenticationFilter - === 请求路径: /api/dashboard/category-stats, 方法: GET
2026-07-28 21:45:06.616 [http-nio-8081-exec-48] DEBUG com.knockfish.security.JwtAuthenticationFilter - 用户 [knockfish] (ID:1) JWT 认证通过
2026-07-28 21:45:06.617 [http-nio-8081-exec-48] INFO  com.knockfish.aspect.LogAspect - [获取文章分类统计] 请求开始 - GET /api/dashboard/category-stats - DashboardController.getCategoryStats - 参数: 无
2026-07-28 21:45:06.620 [http-nio-8081-exec-48] INFO  com.knockfish.aspect.LogAspect - [获取文章分类统计] 请求成功 - 执行时间: 3ms
2026-07-28 21:45:22.771 [http-nio-8081-exec-5] INFO  com.knockfish.security.JwtAuthenticationFilter - === 请求路径: /api/dashboard/overview, 方法: GET
2026-07-28 21:45:22.776 [http-nio-8081-exec-47] INFO  com.knockfish.security.JwtAuthenticationFilter - === 请求路径: /api/dashboard/activities, 方法: GET
2026-07-28 21:45:22.787 [http-nio-8081-exec-5] DEBUG com.knockfish.security.JwtAuthenticationFilter - 用户 [knockfish] (ID:1) JWT 认证通过
2026-07-28 21:45:22.788 [http-nio-8081-exec-5] INFO  com.knockfish.aspect.LogAspect - [获取仪表盘概览] 请求开始 - GET /api/dashboard/overview - DashboardController.getOverview - 参数: 无
2026-07-28 21:45:22.788 [http-nio-8081-exec-47] DEBUG com.knockfish.security.JwtAuthenticationFilter - 用户 [knockfish] (ID:1) JWT 认证通过
2026-07-28 21:45:22.789 [http-nio-8081-exec-47] INFO  com.knockfish.aspect.LogAspect - [获取最近动态] 请求开始 - GET /api/dashboard/activities - DashboardController.getActivities - 参数: 10
2026-07-28 21:45:22.792 [http-nio-8081-exec-47] INFO  com.knockfish.aspect.LogAspect - [获取最近动态] 请求成功 - 执行时间: 3ms
2026-07-28 21:45:22.800 [http-nio-8081-exec-5] INFO  com.knockfish.aspect.LogAspect - [获取仪表盘概览] 请求成功 - 执行时间: 12ms
2026-07-28 21:45:24.693 [http-nio-8081-exec-7] INFO  com.knockfish.security.JwtAuthenticationFilter - === 请求路径: /api/dashboard/category-stats, 方法: GET
2026-07-28 21:45:24.705 [http-nio-8081-exec-7] DEBUG com.knockfish.security.JwtAuthenticationFilter - 用户 [knockfish] (ID:1) JWT 认证通过
2026-07-28 21:45:24.706 [http-nio-8081-exec-7] INFO  com.knockfish.aspect.LogAspect - [获取文章分类统计] 请求开始 - GET /api/dashboard/category-stats - DashboardController.getCategoryStats - 参数: 无
2026-07-28 21:45:24.709 [http-nio-8081-exec-7] INFO  com.knockfish.aspect.LogAspect - [获取文章分类统计] 请求成功 - 执行时间: 3ms
2026-07-28 21:45:24.846 [http-nio-8081-exec-10] INFO  com.knockfish.security.JwtAuthenticationFilter - === 请求路径: /api/dashboard/article-trend, 方法: GET
2026-07-28 21:45:24.870 [http-nio-8081-exec-10] DEBUG com.knockfish.security.JwtAuthenticationFilter - 用户 [knockfish] (ID:1) JWT 认证通过
2026-07-28 21:45:24.871 [http-nio-8081-exec-10] INFO  com.knockfish.aspect.LogAspect - [获取文章发布趋势] 请求开始 - GET /api/dashboard/article-trend - DashboardController.getArticleTrend - 参数: "monthly", null
2026-07-28 21:45:24.874 [http-nio-8081-exec-10] INFO  com.knockfish.aspect.LogAspect - [获取文章发布趋势] 请求成功 - 执行时间: 3ms
2026-07-28 21:46:15.018 [http-nio-8081-exec-6] INFO  com.knockfish.security.JwtAuthenticationFilter - === 请求路径: /api/dashboard/overview, 方法: GET
2026-07-28 21:46:15.021 [http-nio-8081-exec-8] INFO  com.knockfish.security.JwtAuthenticationFilter - === 请求路径: /api/dashboard/activities, 方法: GET
2026-07-28 21:46:15.031 [http-nio-8081-exec-6] DEBUG com.knockfish.security.JwtAuthenticationFilter - 用户 [knockfish] (ID:1) JWT 认证通过
2026-07-28 21:46:15.032 [http-nio-8081-exec-6] INFO  com.knockfish.aspect.LogAspect - [获取仪表盘概览] 请求开始 - GET /api/dashboard/overview - DashboardController.getOverview - 参数: 无
2026-07-28 21:46:15.034 [http-nio-8081-exec-8] DEBUG com.knockfish.security.JwtAuthenticationFilter - 用户 [knockfish] (ID:1) JWT 认证通过
2026-07-28 21:46:15.035 [http-nio-8081-exec-8] INFO  com.knockfish.aspect.LogAspect - [获取最近动态] 请求开始 - GET /api/dashboard/activities - DashboardController.getActivities - 参数: 10
2026-07-28 21:46:15.037 [http-nio-8081-exec-8] INFO  com.knockfish.aspect.LogAspect - [获取最近动态] 请求成功 - 执行时间: 2ms
2026-07-28 21:46:15.053 [http-nio-8081-exec-6] INFO  com.knockfish.aspect.LogAspect - [获取仪表盘概览] 请求成功 - 执行时间: 21ms
2026-07-28 21:46:16.546 [http-nio-8081-exec-4] INFO  com.knockfish.security.JwtAuthenticationFilter - === 请求路径: /api/dashboard/category-stats, 方法: GET
2026-07-28 21:46:16.563 [http-nio-8081-exec-4] DEBUG com.knockfish.security.JwtAuthenticationFilter - 用户 [knockfish] (ID:1) JWT 认证通过
2026-07-28 21:46:16.564 [http-nio-8081-exec-4] INFO  com.knockfish.aspect.LogAspect - [获取文章分类统计] 请求开始 - GET /api/dashboard/category-stats - DashboardController.getCategoryStats - 参数: 无
2026-07-28 21:46:16.566 [http-nio-8081-exec-4] INFO  com.knockfish.aspect.LogAspect - [获取文章分类统计] 请求成功 - 执行时间: 2ms
2026-07-28 21:46:16.691 [http-nio-8081-exec-11] INFO  com.knockfish.security.JwtAuthenticationFilter - === 请求路径: /api/dashboard/article-trend, 方法: GET
2026-07-28 21:46:16.703 [http-nio-8081-exec-11] DEBUG com.knockfish.security.JwtAuthenticationFilter - 用户 [knockfish] (ID:1) JWT 认证通过
2026-07-28 21:46:16.704 [http-nio-8081-exec-11] INFO  com.knockfish.aspect.LogAspect - [获取文章发布趋势] 请求开始 - GET /api/dashboard/article-trend - DashboardController.getArticleTrend - 参数: "monthly", null
2026-07-28 21:46:16.706 [http-nio-8081-exec-11] INFO  com.knockfish.aspect.LogAspect - [获取文章发布趋势] 请求成功 - 执行时间: 2ms
2026-07-28 21:46:30.179 [http-nio-8081-exec-14] INFO  com.knockfish.security.JwtAuthenticationFilter - === 请求路径: /api/dashboard/overview, 方法: GET
2026-07-28 21:46:30.179 [http-nio-8081-exec-9] INFO  com.knockfish.security.JwtAuthenticationFilter - === 请求路径: /api/dashboard/activities, 方法: GET
2026-07-28 21:46:30.190 [http-nio-8081-exec-9] DEBUG com.knockfish.security.JwtAuthenticationFilter - 用户 [knockfish] (ID:1) JWT 认证通过
2026-07-28 21:46:30.190 [http-nio-8081-exec-14] DEBUG com.knockfish.security.JwtAuthenticationFilter - 用户 [knockfish] (ID:1) JWT 认证通过
2026-07-28 21:46:30.191 [http-nio-8081-exec-14] INFO  com.knockfish.aspect.LogAspect - [获取仪表盘概览] 请求开始 - GET /api/dashboard/overview - DashboardController.getOverview - 参数: 无
2026-07-28 21:46:30.191 [http-nio-8081-exec-9] INFO  com.knockfish.aspect.LogAspect - [获取最近动态] 请求开始 - GET /api/dashboard/activities - DashboardController.getActivities - 参数: 10
2026-07-28 21:46:30.193 [http-nio-8081-exec-9] INFO  com.knockfish.aspect.LogAspect - [获取最近动态] 请求成功 - 执行时间: 2ms
2026-07-28 21:46:30.208 [http-nio-8081-exec-14] INFO  com.knockfish.aspect.LogAspect - [获取仪表盘概览] 请求成功 - 执行时间: 17ms
2026-07-28 21:46:31.087 [http-nio-8081-exec-13] INFO  com.knockfish.security.JwtAuthenticationFilter - === 请求路径: /api/dashboard/article-trend, 方法: GET
2026-07-28 21:46:31.095 [http-nio-8081-exec-13] DEBUG com.knockfish.security.JwtAuthenticationFilter - 用户 [knockfish] (ID:1) JWT 认证通过
2026-07-28 21:46:31.096 [http-nio-8081-exec-13] INFO  com.knockfish.aspect.LogAspect - [获取文章发布趋势] 请求开始 - GET /api/dashboard/article-trend - DashboardController.getArticleTrend - 参数: "monthly", null
2026-07-28 21:46:31.097 [http-nio-8081-exec-13] INFO  com.knockfish.aspect.LogAspect - [获取文章发布趋势] 请求成功 - 执行时间: 1ms
2026-07-28 21:46:31.110 [http-nio-8081-exec-18] INFO  com.knockfish.security.JwtAuthenticationFilter - === 请求路径: /api/dashboard/category-stats, 方法: GET
2026-07-28 21:46:31.121 [http-nio-8081-exec-18] DEBUG com.knockfish.security.JwtAuthenticationFilter - 用户 [knockfish] (ID:1) JWT 认证通过
2026-07-28 21:46:31.122 [http-nio-8081-exec-18] INFO  com.knockfish.aspect.LogAspect - [获取文章分类统计] 请求开始 - GET /api/dashboard/category-stats - DashboardController.getCategoryStats - 参数: 无
2026-07-28 21:46:31.123 [http-nio-8081-exec-18] INFO  com.knockfish.aspect.LogAspect - [获取文章分类统计] 请求成功 - 执行时间: 1ms
2026-07-28 21:47:01.671 [http-nio-8081-exec-21] INFO  com.knockfish.security.JwtAuthenticationFilter - === 请求路径: /api/dashboard/overview, 方法: GET
2026-07-28 21:47:01.673 [http-nio-8081-exec-15] INFO  com.knockfish.security.JwtAuthenticationFilter - === 请求路径: /api/dashboard/activities, 方法: GET
2026-07-28 21:47:01.687 [http-nio-8081-exec-21] DEBUG com.knockfish.security.JwtAuthenticationFilter - 用户 [knockfish] (ID:1) JWT 认证通过
2026-07-28 21:47:01.700 [http-nio-8081-exec-21] INFO  com.knockfish.aspect.LogAspect - [获取仪表盘概览] 请求开始 - GET /api/dashboard/overview - DashboardController.getOverview - 参数: 无
2026-07-28 21:47:01.704 [http-nio-8081-exec-15] DEBUG com.knockfish.security.JwtAuthenticationFilter - 用户 [knockfish] (ID:1) JWT 认证通过
2026-07-28 21:47:01.705 [http-nio-8081-exec-15] INFO  com.knockfish.aspect.LogAspect - [获取最近动态] 请求开始 - GET /api/dashboard/activities - DashboardController.getActivities - 参数: 10
2026-07-28 21:47:01.707 [http-nio-8081-exec-15] INFO  com.knockfish.aspect.LogAspect - [获取最近动态] 请求成功 - 执行时间: 2ms
2026-07-28 21:47:01.732 [http-nio-8081-exec-21] INFO  com.knockfish.aspect.LogAspect - [获取仪表盘概览] 请求成功 - 执行时间: 32ms
2026-07-28 21:47:02.793 [http-nio-8081-exec-16] INFO  com.knockfish.security.JwtAuthenticationFilter - === 请求路径: /api/dashboard/article-trend, 方法: GET
2026-07-28 21:47:02.805 [http-nio-8081-exec-16] DEBUG com.knockfish.security.JwtAuthenticationFilter - 用户 [knockfish] (ID:1) JWT 认证通过
2026-07-28 21:47:02.806 [http-nio-8081-exec-16] INFO  com.knockfish.aspect.LogAspect - [获取文章发布趋势] 请求开始 - GET /api/dashboard/article-trend - DashboardController.getArticleTrend - 参数: "monthly", null
2026-07-28 21:47:02.808 [http-nio-8081-exec-16] INFO  com.knockfish.aspect.LogAspect - [获取文章发布趋势] 请求成功 - 执行时间: 2ms
2026-07-28 21:47:02.819 [http-nio-8081-exec-24] INFO  com.knockfish.security.JwtAuthenticationFilter - === 请求路径: /api/dashboard/category-stats, 方法: GET
2026-07-28 21:47:02.832 [http-nio-8081-exec-24] DEBUG com.knockfish.security.JwtAuthenticationFilter - 用户 [knockfish] (ID:1) JWT 认证通过
2026-07-28 21:47:02.833 [http-nio-8081-exec-24] INFO  com.knockfish.aspect.LogAspect - [获取文章分类统计] 请求开始 - GET /api/dashboard/category-stats - DashboardController.getCategoryStats - 参数: 无
2026-07-28 21:47:02.835 [http-nio-8081-exec-24] INFO  com.knockfish.aspect.LogAspect - [获取文章分类统计] 请求成功 - 执行时间: 2ms
2026-07-28 21:48:59.478 [http-nio-8081-exec-22] INFO  com.knockfish.security.JwtAuthenticationFilter - === 请求路径: /api/dashboard/overview, 方法: GET
2026-07-28 21:48:59.481 [http-nio-8081-exec-25] INFO  com.knockfish.security.JwtAuthenticationFilter - === 请求路径: /api/dashboard/activities, 方法: GET
2026-07-28 21:48:59.499 [http-nio-8081-exec-25] DEBUG com.knockfish.security.JwtAuthenticationFilter - 用户 [knockfish] (ID:1) JWT 认证通过
2026-07-28 21:48:59.500 [http-nio-8081-exec-25] INFO  com.knockfish.aspect.LogAspect - [获取最近动态] 请求开始 - GET /api/dashboard/activities - DashboardController.getActivities - 参数: 10
2026-07-28 21:48:59.503 [http-nio-8081-exec-25] INFO  com.knockfish.aspect.LogAspect - [获取最近动态] 请求成功 - 执行时间: 2ms
2026-07-28 21:48:59.508 [http-nio-8081-exec-22] DEBUG com.knockfish.security.JwtAuthenticationFilter - 用户 [knockfish] (ID:1) JWT 认证通过
2026-07-28 21:48:59.509 [http-nio-8081-exec-22] INFO  com.knockfish.aspect.LogAspect - [获取仪表盘概览] 请求开始 - GET /api/dashboard/overview - DashboardController.getOverview - 参数: 无
2026-07-28 21:48:59.542 [http-nio-8081-exec-22] INFO  com.knockfish.aspect.LogAspect - [获取仪表盘概览] 请求成功 - 执行时间: 33ms
2026-07-28 21:49:01.365 [http-nio-8081-exec-27] INFO  com.knockfish.security.JwtAuthenticationFilter - === 请求路径: /api/dashboard/category-stats, 方法: GET
2026-07-28 21:49:01.381 [http-nio-8081-exec-27] DEBUG com.knockfish.security.JwtAuthenticationFilter - 用户 [knockfish] (ID:1) JWT 认证通过
2026-07-28 21:49:01.381 [http-nio-8081-exec-27] INFO  com.knockfish.aspect.LogAspect - [获取文章分类统计] 请求开始 - GET /api/dashboard/category-stats - DashboardController.getCategoryStats - 参数: 无
2026-07-28 21:49:01.387 [http-nio-8081-exec-27] INFO  com.knockfish.aspect.LogAspect - [获取文章分类统计] 请求成功 - 执行时间: 6ms
2026-07-28 21:49:01.480 [http-nio-8081-exec-19] INFO  com.knockfish.security.JwtAuthenticationFilter - === 请求路径: /api/dashboard/article-trend, 方法: GET
2026-07-28 21:49:01.512 [http-nio-8081-exec-19] DEBUG com.knockfish.security.JwtAuthenticationFilter - 用户 [knockfish] (ID:1) JWT 认证通过
2026-07-28 21:49:01.513 [http-nio-8081-exec-19] INFO  com.knockfish.aspect.LogAspect - [获取文章发布趋势] 请求开始 - GET /api/dashboard/article-trend - DashboardController.getArticleTrend - 参数: "monthly", null
2026-07-28 21:49:01.515 [http-nio-8081-exec-19] INFO  com.knockfish.aspect.LogAspect - [获取文章发布趋势] 请求成功 - 执行时间: 2ms
2026-07-28 21:49:20.910 [http-nio-8081-exec-30] INFO  com.knockfish.security.JwtAuthenticationFilter - === 请求路径: /api/category/with-site-count, 方法: GET
2026-07-28 21:49:20.926 [http-nio-8081-exec-30] DEBUG com.knockfish.security.JwtAuthenticationFilter - 用户 [knockfish] (ID:1) JWT 认证通过
2026-07-28 21:49:20.928 [http-nio-8081-exec-30] INFO  com.knockfish.aspect.LogAspect - [查询分类列表(含统计)] 请求开始 - GET /api/category/with-site-count - CategoryController.getCategoryWithSiteCountList - 参数: {"categoryName":null}, 1, 10
2026-07-28 21:49:20.935 [http-nio-8081-exec-30] INFO  com.knockfish.aspect.LogAspect - [查询分类列表(含统计)] 请求成功 - 执行时间: 7ms
2026-07-28 21:49:26.199 [http-nio-8081-exec-23] INFO  com.knockfish.security.JwtAuthenticationFilter - === 请求路径: /api/category/with-site-count, 方法: GET
2026-07-28 21:49:26.212 [http-nio-8081-exec-23] DEBUG com.knockfish.security.JwtAuthenticationFilter - 用户 [knockfish] (ID:1) JWT 认证通过
2026-07-28 21:49:26.214 [http-nio-8081-exec-23] INFO  com.knockfish.aspect.LogAspect - [查询分类列表(含统计)] 请求开始 - GET /api/category/with-site-count - CategoryController.getCategoryWithSiteCountList - 参数: {"categoryName":null}, 1, 10
2026-07-28 21:49:26.230 [http-nio-8081-exec-23] INFO  com.knockfish.aspect.LogAspect - [查询分类列表(含统计)] 请求成功 - 执行时间: 15ms
2026-07-28 21:49:30.978 [http-nio-8081-exec-28] INFO  com.knockfish.security.JwtAuthenticationFilter - === 请求路径: /api/category/with-site-count, 方法: GET
2026-07-28 21:49:30.991 [http-nio-8081-exec-28] DEBUG com.knockfish.security.JwtAuthenticationFilter - 用户 [knockfish] (ID:1) JWT 认证通过
2026-07-28 21:49:30.993 [http-nio-8081-exec-28] INFO  com.knockfish.aspect.LogAspect - [查询分类列表(含统计)] 请求开始 - GET /api/category/with-site-count - CategoryController.getCategoryWithSiteCountList - 参数: {"categoryName":null}, 1, 10
2026-07-28 21:49:31.002 [http-nio-8081-exec-28] INFO  com.knockfish.aspect.LogAspect - [查询分类列表(含统计)] 请求成功 - 执行时间: 9ms
2026-07-28 21:50:55.716 [http-nio-8081-exec-31] INFO  com.knockfish.security.JwtAuthenticationFilter - === 请求路径: /api/article/list, 方法: GET
2026-07-28 21:50:55.743 [http-nio-8081-exec-31] DEBUG com.knockfish.security.JwtAuthenticationFilter - 用户 [knockfish] (ID:1) JWT 认证通过
2026-07-28 21:50:55.748 [http-nio-8081-exec-31] INFO  com.knockfish.aspect.LogAspect - [查询文章列表] 请求开始 - GET /api/article/list - ArticleController.getArticleList - 参数: {"userId":null,"title":null}, 1, 10
2026-07-28 21:50:55.782 [http-nio-8081-exec-31] INFO  com.knockfish.aspect.LogAspect - [查询文章列表] 请求成功 - 执行时间: 33ms
2026-07-28 21:51:04.377 [http-nio-8081-exec-34] INFO  com.knockfish.security.JwtAuthenticationFilter - === 请求路径: /api/article/list, 方法: GET
2026-07-28 21:51:04.389 [http-nio-8081-exec-34] DEBUG com.knockfish.security.JwtAuthenticationFilter - 用户 [knockfish] (ID:1) JWT 认证通过
2026-07-28 21:51:04.391 [http-nio-8081-exec-34] INFO  com.knockfish.aspect.LogAspect - [查询文章列表] 请求开始 - GET /api/article/list - ArticleController.getArticleList - 参数: {"userId":null,"title":null}, 1, 10
2026-07-28 21:51:04.407 [http-nio-8081-exec-34] INFO  com.knockfish.aspect.LogAspect - [查询文章列表] 请求成功 - 执行时间: 16ms
2026-07-28 21:52:32.421 [http-nio-8081-exec-36] INFO  com.knockfish.security.JwtAuthenticationFilter - === 请求路径: /api/article/list, 方法: GET
2026-07-28 21:52:32.434 [http-nio-8081-exec-36] DEBUG com.knockfish.security.JwtAuthenticationFilter - 用户 [knockfish] (ID:1) JWT 认证通过
2026-07-28 21:52:32.435 [http-nio-8081-exec-36] INFO  com.knockfish.aspect.LogAspect - [查询文章列表] 请求开始 - GET /api/article/list - ArticleController.getArticleList - 参数: {"userId":null,"title":null}, 1, 10
2026-07-28 21:52:32.446 [http-nio-8081-exec-36] INFO  com.knockfish.aspect.LogAspect - [查询文章列表] 请求成功 - 执行时间: 10ms
2026-07-28 21:52:43.569 [http-nio-8081-exec-38] INFO  com.knockfish.security.JwtAuthenticationFilter - === 请求路径: /api/article/list, 方法: GET
2026-07-28 21:52:43.581 [http-nio-8081-exec-38] DEBUG com.knockfish.security.JwtAuthenticationFilter - 用户 [knockfish] (ID:1) JWT 认证通过
2026-07-28 21:52:43.594 [http-nio-8081-exec-38] INFO  com.knockfish.aspect.LogAspect - [查询文章列表] 请求开始 - GET /api/article/list - ArticleController.getArticleList - 参数: {"userId":null,"title":null}, 1, 10
2026-07-28 21:52:43.606 [http-nio-8081-exec-38] INFO  com.knockfish.aspect.LogAspect - [查询文章列表] 请求成功 - 执行时间: 11ms
2026-07-28 21:52:48.480 [http-nio-8081-exec-41] INFO  com.knockfish.security.JwtAuthenticationFilter - === 请求路径: /api/article/list, 方法: GET
2026-07-28 21:52:48.491 [http-nio-8081-exec-41] DEBUG com.knockfish.security.JwtAuthenticationFilter - 用户 [knockfish] (ID:1) JWT 认证通过
2026-07-28 21:52:48.492 [http-nio-8081-exec-41] INFO  com.knockfish.aspect.LogAspect - [查询文章列表] 请求开始 - GET /api/article/list - ArticleController.getArticleList - 参数: {"userId":null,"title":null}, 1, 10
2026-07-28 21:52:48.500 [http-nio-8081-exec-41] INFO  com.knockfish.aspect.LogAspect - [查询文章列表] 请求成功 - 执行时间: 8ms
2026-07-28 21:52:55.164 [http-nio-8081-exec-35] INFO  com.knockfish.security.JwtAuthenticationFilter - === 请求路径: /api/article/draft-count, 方法: GET
2026-07-28 21:52:55.176 [http-nio-8081-exec-35] DEBUG com.knockfish.security.JwtAuthenticationFilter - 用户 [knockfish] (ID:1) JWT 认证通过
2026-07-28 21:52:55.210 [http-nio-8081-exec-35] INFO  com.knockfish.aspect.LogAspect - [获取草稿数量] 请求开始 - GET /api/article/draft-count - ArticleController.getDraftCount - 参数: 无
2026-07-28 21:52:55.213 [http-nio-8081-exec-35] INFO  com.knockfish.aspect.LogAspect - [获取草稿数量] 请求成功 - 执行时间: 2ms
2026-07-28 21:53:01.665 [http-nio-8081-exec-42] INFO  com.knockfish.security.JwtAuthenticationFilter - === 请求路径: /api/article/draft-count, 方法: GET
2026-07-28 21:53:01.677 [http-nio-8081-exec-42] DEBUG com.knockfish.security.JwtAuthenticationFilter - 用户 [knockfish] (ID:1) JWT 认证通过
2026-07-28 21:53:01.678 [http-nio-8081-exec-42] INFO  com.knockfish.aspect.LogAspect - [获取草稿数量] 请求开始 - GET /api/article/draft-count - ArticleController.getDraftCount - 参数: 无
2026-07-28 21:53:01.680 [http-nio-8081-exec-42] INFO  com.knockfish.aspect.LogAspect - [获取草稿数量] 请求成功 - 执行时间: 2ms
2026-07-28 21:54:29.260 [http-nio-8081-exec-43] INFO  com.knockfish.security.JwtAuthenticationFilter - === 请求路径: /api/article/draft, 方法: GET
2026-07-28 21:54:29.275 [http-nio-8081-exec-43] DEBUG com.knockfish.security.JwtAuthenticationFilter - 用户 [knockfish] (ID:1) JWT 认证通过
2026-07-28 21:54:29.277 [http-nio-8081-exec-43] INFO  com.knockfish.aspect.LogAspect - [获取10条草稿] 请求开始 - GET /api/article/draft - ArticleController.getDraftByUserId - 参数: 无
2026-07-28 21:54:29.533 [http-nio-8081-exec-43] INFO  com.knockfish.aspect.LogAspect - [获取10条草稿] 请求成功 - 执行时间: 256ms
2026-07-28 22:15:32.261 [http-nio-8081-exec-50] INFO  com.knockfish.security.JwtAuthenticationFilter - === 请求路径: /api/dashboard/overview, 方法: GET
2026-07-28 22:15:32.262 [http-nio-8081-exec-1] INFO  com.knockfish.security.JwtAuthenticationFilter - === 请求路径: /api/dashboard/activities, 方法: GET
2026-07-28 22:15:32.296 [http-nio-8081-exec-50] DEBUG com.knockfish.security.JwtAuthenticationFilter - 用户 [knockfish] (ID:1) JWT 认证通过
2026-07-28 22:15:32.297 [http-nio-8081-exec-50] INFO  com.knockfish.aspect.LogAspect - [获取仪表盘概览] 请求开始 - GET /api/dashboard/overview - DashboardController.getOverview - 参数: 无
2026-07-28 22:15:32.307 [http-nio-8081-exec-1] DEBUG com.knockfish.security.JwtAuthenticationFilter - 用户 [knockfish] (ID:1) JWT 认证通过
2026-07-28 22:15:32.315 [http-nio-8081-exec-1] INFO  com.knockfish.aspect.LogAspect - [获取最近动态] 请求开始 - GET /api/dashboard/activities - DashboardController.getActivities - 参数: 10
2026-07-28 22:15:32.323 [http-nio-8081-exec-1] INFO  com.knockfish.aspect.LogAspect - [获取最近动态] 请求成功 - 执行时间: 8ms
2026-07-28 22:15:32.350 [http-nio-8081-exec-50] INFO  com.knockfish.aspect.LogAspect - [获取仪表盘概览] 请求成功 - 执行时间: 53ms
2026-07-28 22:15:37.059 [http-nio-8081-exec-46] INFO  com.knockfish.security.JwtAuthenticationFilter - === 请求路径: /api/dashboard/category-stats, 方法: GET
2026-07-28 22:15:37.078 [http-nio-8081-exec-46] DEBUG com.knockfish.security.JwtAuthenticationFilter - 用户 [knockfish] (ID:1) JWT 认证通过
2026-07-28 22:15:37.079 [http-nio-8081-exec-46] INFO  com.knockfish.aspect.LogAspect - [获取文章分类统计] 请求开始 - GET /api/dashboard/category-stats - DashboardController.getCategoryStats - 参数: 无
2026-07-28 22:15:37.082 [http-nio-8081-exec-46] INFO  com.knockfish.aspect.LogAspect - [获取文章分类统计] 请求成功 - 执行时间: 3ms
2026-07-28 22:15:37.134 [http-nio-8081-exec-49] INFO  com.knockfish.security.JwtAuthenticationFilter - === 请求路径: /api/dashboard/article-trend, 方法: GET
2026-07-28 22:15:37.157 [http-nio-8081-exec-49] DEBUG com.knockfish.security.JwtAuthenticationFilter - 用户 [knockfish] (ID:1) JWT 认证通过
2026-07-28 22:15:37.158 [http-nio-8081-exec-49] INFO  com.knockfish.aspect.LogAspect - [获取文章发布趋势] 请求开始 - GET /api/dashboard/article-trend - DashboardController.getArticleTrend - 参数: "monthly", null
2026-07-28 22:15:37.163 [http-nio-8081-exec-49] INFO  com.knockfish.aspect.LogAspect - [获取文章发布趋势] 请求成功 - 执行时间: 5ms
2026-07-28 22:16:03.444 [http-nio-8081-exec-47] INFO  com.knockfish.security.JwtAuthenticationFilter - === 请求路径: /api/dashboard/overview, 方法: GET
2026-07-28 22:16:03.446 [http-nio-8081-exec-5] INFO  com.knockfish.security.JwtAuthenticationFilter - === 请求路径: /api/dashboard/activities, 方法: GET
2026-07-28 22:16:03.461 [http-nio-8081-exec-47] DEBUG com.knockfish.security.JwtAuthenticationFilter - 用户 [knockfish] (ID:1) JWT 认证通过
2026-07-28 22:16:03.462 [http-nio-8081-exec-47] INFO  com.knockfish.aspect.LogAspect - [获取仪表盘概览] 请求开始 - GET /api/dashboard/overview - DashboardController.getOverview - 参数: 无
2026-07-28 22:16:03.466 [http-nio-8081-exec-5] DEBUG com.knockfish.security.JwtAuthenticationFilter - 用户 [knockfish] (ID:1) JWT 认证通过
2026-07-28 22:16:03.468 [http-nio-8081-exec-5] INFO  com.knockfish.aspect.LogAspect - [获取最近动态] 请求开始 - GET /api/dashboard/activities - DashboardController.getActivities - 参数: 10
2026-07-28 22:16:03.471 [http-nio-8081-exec-5] INFO  com.knockfish.aspect.LogAspect - [获取最近动态] 请求成功 - 执行时间: 3ms
2026-07-28 22:16:03.494 [http-nio-8081-exec-47] INFO  com.knockfish.aspect.LogAspect - [获取仪表盘概览] 请求成功 - 执行时间: 32ms
2026-07-28 22:16:04.491 [http-nio-8081-exec-7] INFO  com.knockfish.security.JwtAuthenticationFilter - === 请求路径: /api/dashboard/article-trend, 方法: GET
2026-07-28 22:16:04.508 [http-nio-8081-exec-7] DEBUG com.knockfish.security.JwtAuthenticationFilter - 用户 [knockfish] (ID:1) JWT 认证通过
2026-07-28 22:16:04.509 [http-nio-8081-exec-7] INFO  com.knockfish.aspect.LogAspect - [获取文章发布趋势] 请求开始 - GET /api/dashboard/article-trend - DashboardController.getArticleTrend - 参数: "monthly", null
2026-07-28 22:16:04.511 [http-nio-8081-exec-7] INFO  com.knockfish.aspect.LogAspect - [获取文章发布趋势] 请求成功 - 执行时间: 2ms
2026-07-28 22:16:04.541 [http-nio-8081-exec-10] INFO  com.knockfish.security.JwtAuthenticationFilter - === 请求路径: /api/dashboard/category-stats, 方法: GET
2026-07-28 22:16:04.557 [http-nio-8081-exec-10] DEBUG com.knockfish.security.JwtAuthenticationFilter - 用户 [knockfish] (ID:1) JWT 认证通过
2026-07-28 22:16:04.558 [http-nio-8081-exec-10] INFO  com.knockfish.aspect.LogAspect - [获取文章分类统计] 请求开始 - GET /api/dashboard/category-stats - DashboardController.getCategoryStats - 参数: 无
2026-07-28 22:16:04.560 [http-nio-8081-exec-10] INFO  com.knockfish.aspect.LogAspect - [获取文章分类统计] 请求成功 - 执行时间: 2ms
2026-07-28 22:16:07.442 [http-nio-8081-exec-3] INFO  com.knockfish.security.JwtAuthenticationFilter - === 请求路径: /api/dashboard/activities, 方法: GET
2026-07-28 22:16:07.442 [http-nio-8081-exec-2] INFO  com.knockfish.security.JwtAuthenticationFilter - === 请求路径: /api/dashboard/overview, 方法: GET
2026-07-28 22:16:07.460 [http-nio-8081-exec-2] DEBUG com.knockfish.security.JwtAuthenticationFilter - 用户 [knockfish] (ID:1) JWT 认证通过
2026-07-28 22:16:07.460 [http-nio-8081-exec-2] INFO  com.knockfish.aspect.LogAspect - [获取仪表盘概览] 请求开始 - GET /api/dashboard/overview - DashboardController.getOverview - 参数: 无
2026-07-28 22:16:07.474 [http-nio-8081-exec-3] DEBUG com.knockfish.security.JwtAuthenticationFilter - 用户 [knockfish] (ID:1) JWT 认证通过
2026-07-28 22:16:07.477 [http-nio-8081-exec-3] INFO  com.knockfish.aspect.LogAspect - [获取最近动态] 请求开始 - GET /api/dashboard/activities - DashboardController.getActivities - 参数: 10
2026-07-28 22:16:07.493 [http-nio-8081-exec-3] INFO  com.knockfish.aspect.LogAspect - [获取最近动态] 请求成功 - 执行时间: 15ms
2026-07-28 22:16:07.506 [http-nio-8081-exec-2] INFO  com.knockfish.aspect.LogAspect - [获取仪表盘概览] 请求成功 - 执行时间: 46ms
2026-07-28 22:16:07.843 [http-nio-8081-exec-8] INFO  com.knockfish.security.JwtAuthenticationFilter - === 请求路径: /api/dashboard/article-trend, 方法: GET
2026-07-28 22:16:07.870 [http-nio-8081-exec-8] DEBUG com.knockfish.security.JwtAuthenticationFilter - 用户 [knockfish] (ID:1) JWT 认证通过
2026-07-28 22:16:07.873 [http-nio-8081-exec-8] INFO  com.knockfish.aspect.LogAspect - [获取文章发布趋势] 请求开始 - GET /api/dashboard/article-trend - DashboardController.getArticleTrend - 参数: "monthly", null
2026-07-28 22:16:07.875 [http-nio-8081-exec-8] INFO  com.knockfish.aspect.LogAspect - [获取文章发布趋势] 请求成功 - 执行时间: 2ms
2026-07-28 22:16:07.896 [http-nio-8081-exec-6] INFO  com.knockfish.security.JwtAuthenticationFilter - === 请求路径: /api/dashboard/category-stats, 方法: GET
2026-07-28 22:16:07.914 [http-nio-8081-exec-6] DEBUG com.knockfish.security.JwtAuthenticationFilter - 用户 [knockfish] (ID:1) JWT 认证通过
2026-07-28 22:16:07.915 [http-nio-8081-exec-6] INFO  com.knockfish.aspect.LogAspect - [获取文章分类统计] 请求开始 - GET /api/dashboard/category-stats - DashboardController.getCategoryStats - 参数: 无
2026-07-28 22:16:07.920 [http-nio-8081-exec-6] INFO  com.knockfish.aspect.LogAspect - [获取文章分类统计] 请求成功 - 执行时间: 5ms
2026-07-28 22:16:15.273 [http-nio-8081-exec-4] INFO  com.knockfish.security.JwtAuthenticationFilter - === 请求路径: /api/dashboard/overview, 方法: GET
2026-07-28 22:16:15.277 [http-nio-8081-exec-11] INFO  com.knockfish.security.JwtAuthenticationFilter - === 请求路径: /api/dashboard/activities, 方法: GET
2026-07-28 22:16:15.295 [http-nio-8081-exec-4] DEBUG com.knockfish.security.JwtAuthenticationFilter - 用户 [knockfish] (ID:1) JWT 认证通过
2026-07-28 22:16:15.295 [http-nio-8081-exec-4] INFO  com.knockfish.aspect.LogAspect - [获取仪表盘概览] 请求开始 - GET /api/dashboard/overview - DashboardController.getOverview - 参数: 无
2026-07-28 22:16:15.308 [http-nio-8081-exec-11] DEBUG com.knockfish.security.JwtAuthenticationFilter - 用户 [knockfish] (ID:1) JWT 认证通过
2026-07-28 22:16:15.309 [http-nio-8081-exec-11] INFO  com.knockfish.aspect.LogAspect - [获取最近动态] 请求开始 - GET /api/dashboard/activities - DashboardController.getActivities - 参数: 10
2026-07-28 22:16:15.310 [http-nio-8081-exec-11] INFO  com.knockfish.aspect.LogAspect - [获取最近动态] 请求成功 - 执行时间: 1ms
2026-07-28 22:16:15.311 [http-nio-8081-exec-4] INFO  com.knockfish.aspect.LogAspect - [获取仪表盘概览] 请求成功 - 执行时间: 16ms
2026-07-28 22:16:16.638 [http-nio-8081-exec-9] INFO  com.knockfish.security.JwtAuthenticationFilter - === 请求路径: /api/dashboard/category-stats, 方法: GET
2026-07-28 22:16:16.656 [http-nio-8081-exec-9] DEBUG com.knockfish.security.JwtAuthenticationFilter - 用户 [knockfish] (ID:1) JWT 认证通过
2026-07-28 22:16:16.656 [http-nio-8081-exec-9] INFO  com.knockfish.aspect.LogAspect - [获取文章分类统计] 请求开始 - GET /api/dashboard/category-stats - DashboardController.getCategoryStats - 参数: 无
2026-07-28 22:16:16.660 [http-nio-8081-exec-9] INFO  com.knockfish.aspect.LogAspect - [获取文章分类统计] 请求成功 - 执行时间: 3ms
2026-07-28 22:16:16.752 [http-nio-8081-exec-14] INFO  com.knockfish.security.JwtAuthenticationFilter - === 请求路径: /api/dashboard/article-trend, 方法: GET
2026-07-28 22:16:16.768 [http-nio-8081-exec-14] DEBUG com.knockfish.security.JwtAuthenticationFilter - 用户 [knockfish] (ID:1) JWT 认证通过
2026-07-28 22:16:16.769 [http-nio-8081-exec-14] INFO  com.knockfish.aspect.LogAspect - [获取文章发布趋势] 请求开始 - GET /api/dashboard/article-trend - DashboardController.getArticleTrend - 参数: "monthly", null
2026-07-28 22:16:16.772 [http-nio-8081-exec-14] INFO  com.knockfish.aspect.LogAspect - [获取文章发布趋势] 请求成功 - 执行时间: 2ms
2026-07-28 22:24:48.871 [http-nio-8081-exec-12] INFO  com.knockfish.security.JwtAuthenticationFilter - === 请求路径: /api/category/with-site-count, 方法: GET
2026-07-28 22:24:48.900 [http-nio-8081-exec-12] DEBUG com.knockfish.security.JwtAuthenticationFilter - 用户 [knockfish] (ID:1) JWT 认证通过
2026-07-28 22:24:48.905 [http-nio-8081-exec-12] INFO  com.knockfish.aspect.LogAspect - [查询分类列表(含统计)] 请求开始 - GET /api/category/with-site-count - CategoryController.getCategoryWithSiteCountList - 参数: {"categoryName":null}, 1, 10
2026-07-28 22:24:48.923 [http-nio-8081-exec-12] INFO  com.knockfish.aspect.LogAspect - [查询分类列表(含统计)] 请求成功 - 执行时间: 18ms
2026-07-28 22:24:56.311 [http-nio-8081-exec-17] INFO  com.knockfish.security.JwtAuthenticationFilter - === 请求路径: /api/tag/page, 方法: GET
2026-07-28 22:24:56.332 [http-nio-8081-exec-17] DEBUG com.knockfish.security.JwtAuthenticationFilter - 用户 [knockfish] (ID:1) JWT 认证通过
2026-07-28 22:24:56.337 [http-nio-8081-exec-17] INFO  com.knockfish.aspect.LogAspect - [查询标签列表] 请求开始 - GET /api/tag/page - TagController.getTagListVO - 参数: {"tagName":null}, 1, 10
2026-07-28 22:24:56.352 [http-nio-8081-exec-17] INFO  com.knockfish.aspect.LogAspect - [查询标签列表] 请求成功 - 执行时间: 15ms
2026-07-28 22:25:05.813 [http-nio-8081-exec-15] INFO  com.knockfish.security.JwtAuthenticationFilter - === 请求路径: /api/dashboard/overview, 方法: GET
2026-07-28 22:25:05.813 [http-nio-8081-exec-21] INFO  com.knockfish.security.JwtAuthenticationFilter - === 请求路径: /api/dashboard/activities, 方法: GET
2026-07-28 22:25:05.838 [http-nio-8081-exec-15] DEBUG com.knockfish.security.JwtAuthenticationFilter - 用户 [knockfish] (ID:1) JWT 认证通过
2026-07-28 22:25:05.839 [http-nio-8081-exec-15] INFO  com.knockfish.aspect.LogAspect - [获取仪表盘概览] 请求开始 - GET /api/dashboard/overview - DashboardController.getOverview - 参数: 无
2026-07-28 22:25:05.846 [http-nio-8081-exec-21] DEBUG com.knockfish.security.JwtAuthenticationFilter - 用户 [knockfish] (ID:1) JWT 认证通过
2026-07-28 22:25:05.848 [http-nio-8081-exec-21] INFO  com.knockfish.aspect.LogAspect - [获取最近动态] 请求开始 - GET /api/dashboard/activities - DashboardController.getActivities - 参数: 10
2026-07-28 22:25:05.856 [http-nio-8081-exec-21] INFO  com.knockfish.aspect.LogAspect - [获取最近动态] 请求成功 - 执行时间: 8ms
2026-07-28 22:25:05.892 [http-nio-8081-exec-15] INFO  com.knockfish.aspect.LogAspect - [获取仪表盘概览] 请求成功 - 执行时间: 53ms
2026-07-28 22:25:06.039 [http-nio-8081-exec-16] INFO  com.knockfish.security.JwtAuthenticationFilter - === 请求路径: /api/dashboard/article-trend, 方法: GET
2026-07-28 22:25:06.059 [http-nio-8081-exec-16] DEBUG com.knockfish.security.JwtAuthenticationFilter - 用户 [knockfish] (ID:1) JWT 认证通过
2026-07-28 22:25:06.060 [http-nio-8081-exec-16] INFO  com.knockfish.aspect.LogAspect - [获取文章发布趋势] 请求开始 - GET /api/dashboard/article-trend - DashboardController.getArticleTrend - 参数: "monthly", null
2026-07-28 22:25:06.064 [http-nio-8081-exec-16] INFO  com.knockfish.aspect.LogAspect - [获取文章发布趋势] 请求成功 - 执行时间: 3ms
2026-07-28 22:25:06.071 [http-nio-8081-exec-24] INFO  com.knockfish.security.JwtAuthenticationFilter - === 请求路径: /api/dashboard/category-stats, 方法: GET
2026-07-28 22:25:06.119 [http-nio-8081-exec-24] DEBUG com.knockfish.security.JwtAuthenticationFilter - 用户 [knockfish] (ID:1) JWT 认证通过
2026-07-28 22:25:06.120 [http-nio-8081-exec-24] INFO  com.knockfish.aspect.LogAspect - [获取文章分类统计] 请求开始 - GET /api/dashboard/category-stats - DashboardController.getCategoryStats - 参数: 无
2026-07-28 22:25:06.129 [http-nio-8081-exec-24] INFO  com.knockfish.aspect.LogAspect - [获取文章分类统计] 请求成功 - 执行时间: 8ms
2026-07-28 22:25:08.408 [http-nio-8081-exec-26] INFO  com.knockfish.security.JwtAuthenticationFilter - === 请求路径: /api/dashboard/overview, 方法: GET
2026-07-28 22:25:08.408 [http-nio-8081-exec-20] INFO  com.knockfish.security.JwtAuthenticationFilter - === 请求路径: /api/dashboard/tag-cloud, 方法: GET
2026-07-28 22:25:08.411 [http-nio-8081-exec-22] INFO  com.knockfish.security.JwtAuthenticationFilter - === 请求路径: /api/dashboard/article-trend, 方法: GET
2026-07-28 22:25:08.411 [http-nio-8081-exec-25] INFO  com.knockfish.security.JwtAuthenticationFilter - === 请求路径: /api/dashboard/latest-articles, 方法: GET
2026-07-28 22:25:08.437 [http-nio-8081-exec-22] DEBUG com.knockfish.security.JwtAuthenticationFilter - 用户 [knockfish] (ID:1) JWT 认证通过
2026-07-28 22:25:08.437 [http-nio-8081-exec-20] DEBUG com.knockfish.security.JwtAuthenticationFilter - 用户 [knockfish] (ID:1) JWT 认证通过
2026-07-28 22:25:08.439 [http-nio-8081-exec-22] INFO  com.knockfish.aspect.LogAspect - [获取文章发布趋势] 请求开始 - GET /api/dashboard/article-trend - DashboardController.getArticleTrend - 参数: "monthly", null
2026-07-28 22:25:08.438 [http-nio-8081-exec-20] INFO  com.knockfish.aspect.LogAspect - [获取标签云] 请求开始 - GET /api/dashboard/tag-cloud - DashboardController.getTagCloud - 参数: 无
2026-07-28 22:25:08.440 [http-nio-8081-exec-25] DEBUG com.knockfish.security.JwtAuthenticationFilter - 用户 [knockfish] (ID:1) JWT 认证通过
2026-07-28 22:25:08.441 [http-nio-8081-exec-25] INFO  com.knockfish.aspect.LogAspect - [获取最近文章] 请求开始 - GET /api/dashboard/latest-articles - DashboardController.getLatestArticles - 参数: 10
2026-07-28 22:25:08.441 [http-nio-8081-exec-22] INFO  com.knockfish.aspect.LogAspect - [获取文章发布趋势] 请求成功 - 执行时间: 2ms
2026-07-28 22:25:08.442 [http-nio-8081-exec-20] INFO  com.knockfish.aspect.LogAspect - [获取标签云] 请求成功 - 执行时间: 3ms
2026-07-28 22:25:08.445 [http-nio-8081-exec-25] INFO  com.knockfish.aspect.LogAspect - [获取最近文章] 请求成功 - 执行时间: 4ms
2026-07-28 22:25:08.460 [http-nio-8081-exec-26] DEBUG com.knockfish.security.JwtAuthenticationFilter - 用户 [knockfish] (ID:1) JWT 认证通过
2026-07-28 22:25:08.461 [http-nio-8081-exec-26] INFO  com.knockfish.aspect.LogAspect - [获取仪表盘概览] 请求开始 - GET /api/dashboard/overview - DashboardController.getOverview - 参数: 无
2026-07-28 22:25:08.494 [http-nio-8081-exec-26] INFO  com.knockfish.aspect.LogAspect - [获取仪表盘概览] 请求成功 - 执行时间: 33ms
2026-07-28 22:25:09.378 [http-nio-8081-exec-19] INFO  com.knockfish.security.JwtAuthenticationFilter - === 请求路径: /api/dashboard/activities, 方法: GET
2026-07-28 22:25:09.378 [http-nio-8081-exec-27] INFO  com.knockfish.security.JwtAuthenticationFilter - === 请求路径: /api/dashboard/overview, 方法: GET
2026-07-28 22:25:09.407 [http-nio-8081-exec-27] DEBUG com.knockfish.security.JwtAuthenticationFilter - 用户 [knockfish] (ID:1) JWT 认证通过
2026-07-28 22:25:09.407 [http-nio-8081-exec-19] DEBUG com.knockfish.security.JwtAuthenticationFilter - 用户 [knockfish] (ID:1) JWT 认证通过
2026-07-28 22:25:09.407 [http-nio-8081-exec-27] INFO  com.knockfish.aspect.LogAspect - [获取仪表盘概览] 请求开始 - GET /api/dashboard/overview - DashboardController.getOverview - 参数: 无
2026-07-28 22:25:09.407 [http-nio-8081-exec-19] INFO  com.knockfish.aspect.LogAspect - [获取最近动态] 请求开始 - GET /api/dashboard/activities - DashboardController.getActivities - 参数: 10
2026-07-28 22:25:09.408 [http-nio-8081-exec-19] INFO  com.knockfish.aspect.LogAspect - [获取最近动态] 请求成功 - 执行时间: 1ms
2026-07-28 22:25:09.427 [http-nio-8081-exec-27] INFO  com.knockfish.aspect.LogAspect - [获取仪表盘概览] 请求成功 - 执行时间: 20ms
2026-07-28 22:25:09.632 [http-nio-8081-exec-30] INFO  com.knockfish.security.JwtAuthenticationFilter - === 请求路径: /api/dashboard/article-trend, 方法: GET
2026-07-28 22:25:09.643 [http-nio-8081-exec-30] DEBUG com.knockfish.security.JwtAuthenticationFilter - 用户 [knockfish] (ID:1) JWT 认证通过
2026-07-28 22:25:09.644 [http-nio-8081-exec-30] INFO  com.knockfish.aspect.LogAspect - [获取文章发布趋势] 请求开始 - GET /api/dashboard/article-trend - DashboardController.getArticleTrend - 参数: "monthly", null
2026-07-28 22:25:09.647 [http-nio-8081-exec-30] INFO  com.knockfish.aspect.LogAspect - [获取文章发布趋势] 请求成功 - 执行时间: 3ms
2026-07-28 22:25:09.652 [http-nio-8081-exec-23] INFO  com.knockfish.security.JwtAuthenticationFilter - === 请求路径: /api/dashboard/category-stats, 方法: GET
2026-07-28 22:25:09.663 [http-nio-8081-exec-23] DEBUG com.knockfish.security.JwtAuthenticationFilter - 用户 [knockfish] (ID:1) JWT 认证通过
2026-07-28 22:25:09.664 [http-nio-8081-exec-23] INFO  com.knockfish.aspect.LogAspect - [获取文章分类统计] 请求开始 - GET /api/dashboard/category-stats - DashboardController.getCategoryStats - 参数: 无
2026-07-28 22:25:09.666 [http-nio-8081-exec-23] INFO  com.knockfish.aspect.LogAspect - [获取文章分类统计] 请求成功 - 执行时间: 2ms
2026-07-28 22:25:14.627 [http-nio-8081-exec-29] INFO  com.knockfish.security.JwtAuthenticationFilter - === 请求路径: /api/dashboard/overview, 方法: GET
2026-07-28 22:25:14.628 [http-nio-8081-exec-28] INFO  com.knockfish.security.JwtAuthenticationFilter - === 请求路径: /api/dashboard/activities, 方法: GET
2026-07-28 22:25:14.640 [http-nio-8081-exec-29] DEBUG com.knockfish.security.JwtAuthenticationFilter - 用户 [knockfish] (ID:1) JWT 认证通过
2026-07-28 22:25:14.640 [http-nio-8081-exec-28] DEBUG com.knockfish.security.JwtAuthenticationFilter - 用户 [knockfish] (ID:1) JWT 认证通过
2026-07-28 22:25:14.641 [http-nio-8081-exec-29] INFO  com.knockfish.aspect.LogAspect - [获取仪表盘概览] 请求开始 - GET /api/dashboard/overview - DashboardController.getOverview - 参数: 无
2026-07-28 22:25:14.641 [http-nio-8081-exec-28] INFO  com.knockfish.aspect.LogAspect - [获取最近动态] 请求开始 - GET /api/dashboard/activities - DashboardController.getActivities - 参数: 10
2026-07-28 22:25:14.643 [http-nio-8081-exec-28] INFO  com.knockfish.aspect.LogAspect - [获取最近动态] 请求成功 - 执行时间: 2ms
2026-07-28 22:25:14.656 [http-nio-8081-exec-29] INFO  com.knockfish.aspect.LogAspect - [获取仪表盘概览] 请求成功 - 执行时间: 15ms
2026-07-28 22:25:16.285 [http-nio-8081-exec-33] INFO  com.knockfish.security.JwtAuthenticationFilter - === 请求路径: /api/dashboard/article-trend, 方法: GET
2026-07-28 22:25:16.299 [http-nio-8081-exec-33] DEBUG com.knockfish.security.JwtAuthenticationFilter - 用户 [knockfish] (ID:1) JWT 认证通过
2026-07-28 22:25:16.300 [http-nio-8081-exec-33] INFO  com.knockfish.aspect.LogAspect - [获取文章发布趋势] 请求开始 - GET /api/dashboard/article-trend - DashboardController.getArticleTrend - 参数: "monthly", null
2026-07-28 22:25:16.302 [http-nio-8081-exec-33] INFO  com.knockfish.aspect.LogAspect - [获取文章发布趋势] 请求成功 - 执行时间: 2ms
2026-07-28 22:25:16.392 [http-nio-8081-exec-32] INFO  com.knockfish.security.JwtAuthenticationFilter - === 请求路径: /api/dashboard/category-stats, 方法: GET
2026-07-28 22:25:16.406 [http-nio-8081-exec-32] DEBUG com.knockfish.security.JwtAuthenticationFilter - 用户 [knockfish] (ID:1) JWT 认证通过
2026-07-28 22:25:16.407 [http-nio-8081-exec-32] INFO  com.knockfish.aspect.LogAspect - [获取文章分类统计] 请求开始 - GET /api/dashboard/category-stats - DashboardController.getCategoryStats - 参数: 无
2026-07-28 22:25:16.410 [http-nio-8081-exec-32] INFO  com.knockfish.aspect.LogAspect - [获取文章分类统计] 请求成功 - 执行时间: 3ms
2026-07-28 23:13:59.511 [http-nio-8081-exec-39] INFO  com.knockfish.security.JwtAuthenticationFilter - === 请求路径: /api/dashboard/overview, 方法: GET
2026-07-28 23:13:59.511 [http-nio-8081-exec-35] INFO  com.knockfish.security.JwtAuthenticationFilter - === 请求路径: /api/dashboard/activities, 方法: GET
2026-07-28 23:13:59.766 [http-nio-8081-exec-35] DEBUG com.knockfish.security.JwtAuthenticationFilter - 用户 [knockfish] (ID:1) JWT 认证通过
2026-07-28 23:13:59.792 [http-nio-8081-exec-39] DEBUG com.knockfish.security.JwtAuthenticationFilter - 用户 [knockfish] (ID:1) JWT 认证通过
2026-07-28 23:13:59.804 [http-nio-8081-exec-39] INFO  com.knockfish.aspect.LogAspect - [获取仪表盘概览] 请求开始 - GET /api/dashboard/overview - DashboardController.getOverview - 参数: 无
2026-07-28 23:13:59.842 [http-nio-8081-exec-35] INFO  com.knockfish.aspect.LogAspect - [获取最近动态] 请求开始 - GET /api/dashboard/activities - DashboardController.getActivities - 参数: 10
2026-07-28 23:13:59.859 [http-nio-8081-exec-35] INFO  com.knockfish.aspect.LogAspect - [获取最近动态] 请求成功 - 执行时间: 17ms
2026-07-28 23:13:59.920 [http-nio-8081-exec-39] INFO  com.knockfish.aspect.LogAspect - [获取仪表盘概览] 请求成功 - 执行时间: 115ms
2026-07-28 23:14:04.402 [http-nio-8081-exec-40] INFO  com.knockfish.security.JwtAuthenticationFilter - === 请求路径: /api/dashboard/article-trend, 方法: GET
2026-07-28 23:14:04.449 [http-nio-8081-exec-40] DEBUG com.knockfish.security.JwtAuthenticationFilter - 用户 [knockfish] (ID:1) JWT 认证通过
2026-07-28 23:14:04.451 [http-nio-8081-exec-40] INFO  com.knockfish.aspect.LogAspect - [获取文章发布趋势] 请求开始 - GET /api/dashboard/article-trend - DashboardController.getArticleTrend - 参数: "monthly", null
2026-07-28 23:14:04.466 [http-nio-8081-exec-40] INFO  com.knockfish.aspect.LogAspect - [获取文章发布趋势] 请求成功 - 执行时间: 15ms
2026-07-28 23:14:04.571 [http-nio-8081-exec-43] INFO  com.knockfish.security.JwtAuthenticationFilter - === 请求路径: /api/dashboard/category-stats, 方法: GET
2026-07-28 23:14:04.604 [http-nio-8081-exec-43] DEBUG com.knockfish.security.JwtAuthenticationFilter - 用户 [knockfish] (ID:1) JWT 认证通过
2026-07-28 23:14:04.604 [http-nio-8081-exec-43] INFO  com.knockfish.aspect.LogAspect - [获取文章分类统计] 请求开始 - GET /api/dashboard/category-stats - DashboardController.getCategoryStats - 参数: 无
2026-07-28 23:14:04.618 [http-nio-8081-exec-43] INFO  com.knockfish.aspect.LogAspect - [获取文章分类统计] 请求成功 - 执行时间: 14ms
2026-07-28 23:14:10.482 [http-nio-8081-exec-44] INFO  com.knockfish.security.JwtAuthenticationFilter - === 请求路径: /api/dashboard/overview, 方法: GET
2026-07-28 23:14:10.486 [http-nio-8081-exec-1] INFO  com.knockfish.security.JwtAuthenticationFilter - === 请求路径: /api/dashboard/activities, 方法: GET
2026-07-28 23:14:10.508 [http-nio-8081-exec-44] DEBUG com.knockfish.security.JwtAuthenticationFilter - 用户 [knockfish] (ID:1) JWT 认证通过
2026-07-28 23:14:10.509 [http-nio-8081-exec-44] INFO  com.knockfish.aspect.LogAspect - [获取仪表盘概览] 请求开始 - GET /api/dashboard/overview - DashboardController.getOverview - 参数: 无
2026-07-28 23:14:10.510 [http-nio-8081-exec-1] DEBUG com.knockfish.security.JwtAuthenticationFilter - 用户 [knockfish] (ID:1) JWT 认证通过
2026-07-28 23:14:10.511 [http-nio-8081-exec-1] INFO  com.knockfish.aspect.LogAspect - [获取最近动态] 请求开始 - GET /api/dashboard/activities - DashboardController.getActivities - 参数: 10
2026-07-28 23:14:10.515 [http-nio-8081-exec-1] INFO  com.knockfish.aspect.LogAspect - [获取最近动态] 请求成功 - 执行时间: 2ms
2026-07-28 23:14:10.527 [http-nio-8081-exec-44] INFO  com.knockfish.aspect.LogAspect - [获取仪表盘概览] 请求成功 - 执行时间: 18ms
2026-07-28 23:14:11.534 [http-nio-8081-exec-50] INFO  com.knockfish.security.JwtAuthenticationFilter - === 请求路径: /api/dashboard/article-trend, 方法: GET
2026-07-28 23:14:11.563 [http-nio-8081-exec-50] DEBUG com.knockfish.security.JwtAuthenticationFilter - 用户 [knockfish] (ID:1) JWT 认证通过
2026-07-28 23:14:11.565 [http-nio-8081-exec-50] INFO  com.knockfish.aspect.LogAspect - [获取文章发布趋势] 请求开始 - GET /api/dashboard/article-trend - DashboardController.getArticleTrend - 参数: "monthly", null
2026-07-28 23:14:11.570 [http-nio-8081-exec-50] INFO  com.knockfish.aspect.LogAspect - [获取文章发布趋势] 请求成功 - 执行时间: 4ms
2026-07-28 23:14:11.666 [http-nio-8081-exec-46] INFO  com.knockfish.security.JwtAuthenticationFilter - === 请求路径: /api/dashboard/category-stats, 方法: GET
2026-07-28 23:14:11.710 [http-nio-8081-exec-46] DEBUG com.knockfish.security.JwtAuthenticationFilter - 用户 [knockfish] (ID:1) JWT 认证通过
2026-07-28 23:14:11.711 [http-nio-8081-exec-46] INFO  com.knockfish.aspect.LogAspect - [获取文章分类统计] 请求开始 - GET /api/dashboard/category-stats - DashboardController.getCategoryStats - 参数: 无
2026-07-28 23:14:11.724 [http-nio-8081-exec-46] INFO  com.knockfish.aspect.LogAspect - [获取文章分类统计] 请求成功 - 执行时间: 13ms
2026-07-28 23:14:51.791 [http-nio-8081-exec-5] INFO  com.knockfish.security.JwtAuthenticationFilter - === 请求路径: /api/dashboard/overview, 方法: GET
2026-07-28 23:14:51.791 [http-nio-8081-exec-47] INFO  com.knockfish.security.JwtAuthenticationFilter - === 请求路径: /api/dashboard/activities, 方法: GET
2026-07-28 23:14:51.816 [http-nio-8081-exec-47] DEBUG com.knockfish.security.JwtAuthenticationFilter - 用户 [knockfish] (ID:1) JWT 认证通过
2026-07-28 23:14:51.818 [http-nio-8081-exec-47] INFO  com.knockfish.aspect.LogAspect - [获取最近动态] 请求开始 - GET /api/dashboard/activities - DashboardController.getActivities - 参数: 10
2026-07-28 23:14:51.822 [http-nio-8081-exec-47] INFO  com.knockfish.aspect.LogAspect - [获取最近动态] 请求成功 - 执行时间: 3ms
2026-07-28 23:14:51.833 [http-nio-8081-exec-5] DEBUG com.knockfish.security.JwtAuthenticationFilter - 用户 [knockfish] (ID:1) JWT 认证通过
2026-07-28 23:14:51.834 [http-nio-8081-exec-5] INFO  com.knockfish.aspect.LogAspect - [获取仪表盘概览] 请求开始 - GET /api/dashboard/overview - DashboardController.getOverview - 参数: 无
2026-07-28 23:14:51.860 [http-nio-8081-exec-5] INFO  com.knockfish.aspect.LogAspect - [获取仪表盘概览] 请求成功 - 执行时间: 25ms
2026-07-28 23:14:55.340 [http-nio-8081-exec-7] INFO  com.knockfish.security.JwtAuthenticationFilter - === 请求路径: /api/dashboard/article-trend, 方法: GET
2026-07-28 23:14:55.355 [http-nio-8081-exec-7] DEBUG com.knockfish.security.JwtAuthenticationFilter - 用户 [knockfish] (ID:1) JWT 认证通过
2026-07-28 23:14:55.357 [http-nio-8081-exec-7] INFO  com.knockfish.aspect.LogAspect - [获取文章发布趋势] 请求开始 - GET /api/dashboard/article-trend - DashboardController.getArticleTrend - 参数: "monthly", null
2026-07-28 23:14:55.359 [http-nio-8081-exec-7] INFO  com.knockfish.aspect.LogAspect - [获取文章发布趋势] 请求成功 - 执行时间: 2ms
2026-07-28 23:14:55.363 [http-nio-8081-exec-10] INFO  com.knockfish.security.JwtAuthenticationFilter - === 请求路径: /api/dashboard/category-stats, 方法: GET
2026-07-28 23:14:55.377 [http-nio-8081-exec-10] DEBUG com.knockfish.security.JwtAuthenticationFilter - 用户 [knockfish] (ID:1) JWT 认证通过
2026-07-28 23:14:55.378 [http-nio-8081-exec-10] INFO  com.knockfish.aspect.LogAspect - [获取文章分类统计] 请求开始 - GET /api/dashboard/category-stats - DashboardController.getCategoryStats - 参数: 无
2026-07-28 23:14:55.380 [http-nio-8081-exec-10] INFO  com.knockfish.aspect.LogAspect - [获取文章分类统计] 请求成功 - 执行时间: 2ms
2026-07-28 23:15:00.399 [http-nio-8081-exec-3] INFO  com.knockfish.security.JwtAuthenticationFilter - === 请求路径: /api/dashboard/overview, 方法: GET
2026-07-28 23:15:00.402 [http-nio-8081-exec-2] INFO  com.knockfish.security.JwtAuthenticationFilter - === 请求路径: /api/dashboard/activities, 方法: GET
2026-07-28 23:15:00.423 [http-nio-8081-exec-3] DEBUG com.knockfish.security.JwtAuthenticationFilter - 用户 [knockfish] (ID:1) JWT 认证通过
2026-07-28 23:15:00.423 [http-nio-8081-exec-3] INFO  com.knockfish.aspect.LogAspect - [获取仪表盘概览] 请求开始 - GET /api/dashboard/overview - DashboardController.getOverview - 参数: 无
2026-07-28 23:15:00.433 [http-nio-8081-exec-2] DEBUG com.knockfish.security.JwtAuthenticationFilter - 用户 [knockfish] (ID:1) JWT 认证通过
2026-07-28 23:15:00.435 [http-nio-8081-exec-2] INFO  com.knockfish.aspect.LogAspect - [获取最近动态] 请求开始 - GET /api/dashboard/activities - DashboardController.getActivities - 参数: 10
2026-07-28 23:15:00.442 [http-nio-8081-exec-2] INFO  com.knockfish.aspect.LogAspect - [获取最近动态] 请求成功 - 执行时间: 6ms
2026-07-28 23:15:00.486 [http-nio-8081-exec-3] INFO  com.knockfish.aspect.LogAspect - [获取仪表盘概览] 请求成功 - 执行时间: 63ms
2026-07-28 23:15:00.731 [http-nio-8081-exec-8] INFO  com.knockfish.security.JwtAuthenticationFilter - === 请求路径: /api/dashboard/article-trend, 方法: GET
2026-07-28 23:15:00.764 [http-nio-8081-exec-8] DEBUG com.knockfish.security.JwtAuthenticationFilter - 用户 [knockfish] (ID:1) JWT 认证通过
2026-07-28 23:15:00.766 [http-nio-8081-exec-8] INFO  com.knockfish.aspect.LogAspect - [获取文章发布趋势] 请求开始 - GET /api/dashboard/article-trend - DashboardController.getArticleTrend - 参数: "monthly", null
2026-07-28 23:15:00.773 [http-nio-8081-exec-8] INFO  com.knockfish.aspect.LogAspect - [获取文章发布趋势] 请求成功 - 执行时间: 7ms
2026-07-28 23:15:00.805 [http-nio-8081-exec-6] INFO  com.knockfish.security.JwtAuthenticationFilter - === 请求路径: /api/dashboard/category-stats, 方法: GET
2026-07-28 23:15:00.830 [http-nio-8081-exec-6] DEBUG com.knockfish.security.JwtAuthenticationFilter - 用户 [knockfish] (ID:1) JWT 认证通过
2026-07-28 23:15:00.832 [http-nio-8081-exec-6] INFO  com.knockfish.aspect.LogAspect - [获取文章分类统计] 请求开始 - GET /api/dashboard/category-stats - DashboardController.getCategoryStats - 参数: 无
2026-07-28 23:15:00.839 [http-nio-8081-exec-6] INFO  com.knockfish.aspect.LogAspect - [获取文章分类统计] 请求成功 - 执行时间: 7ms
2026-07-28 23:16:01.863 [http-nio-8081-exec-14] INFO  com.knockfish.security.JwtAuthenticationFilter - === 请求路径: /api/dashboard/activities, 方法: GET
2026-07-28 23:16:01.862 [http-nio-8081-exec-9] INFO  com.knockfish.security.JwtAuthenticationFilter - === 请求路径: /api/dashboard/overview, 方法: GET
2026-07-28 23:16:01.912 [http-nio-8081-exec-14] DEBUG com.knockfish.security.JwtAuthenticationFilter - 用户 [knockfish] (ID:1) JWT 认证通过
2026-07-28 23:16:01.915 [http-nio-8081-exec-14] INFO  com.knockfish.aspect.LogAspect - [获取最近动态] 请求开始 - GET /api/dashboard/activities - DashboardController.getActivities - 参数: 10
2026-07-28 23:16:01.918 [http-nio-8081-exec-14] INFO  com.knockfish.aspect.LogAspect - [获取最近动态] 请求成功 - 执行时间: 3ms
2026-07-28 23:16:01.939 [http-nio-8081-exec-9] DEBUG com.knockfish.security.JwtAuthenticationFilter - 用户 [knockfish] (ID:1) JWT 认证通过
2026-07-28 23:16:01.940 [http-nio-8081-exec-9] INFO  com.knockfish.aspect.LogAspect - [获取仪表盘概览] 请求开始 - GET /api/dashboard/overview - DashboardController.getOverview - 参数: 无
2026-07-28 23:16:02.064 [http-nio-8081-exec-9] INFO  com.knockfish.aspect.LogAspect - [获取仪表盘概览] 请求成功 - 执行时间: 124ms
2026-07-28 23:16:07.077 [http-nio-8081-exec-13] INFO  com.knockfish.security.JwtAuthenticationFilter - === 请求路径: /api/dashboard/article-trend, 方法: GET
2026-07-28 23:16:07.125 [http-nio-8081-exec-13] DEBUG com.knockfish.security.JwtAuthenticationFilter - 用户 [knockfish] (ID:1) JWT 认证通过
2026-07-28 23:16:07.127 [http-nio-8081-exec-13] INFO  com.knockfish.aspect.LogAspect - [获取文章发布趋势] 请求开始 - GET /api/dashboard/article-trend - DashboardController.getArticleTrend - 参数: "monthly", null
2026-07-28 23:16:07.133 [http-nio-8081-exec-13] INFO  com.knockfish.aspect.LogAspect - [获取文章发布趋势] 请求成功 - 执行时间: 6ms
2026-07-28 23:16:07.887 [http-nio-8081-exec-18] INFO  com.knockfish.security.JwtAuthenticationFilter - === 请求路径: /api/dashboard/category-stats, 方法: GET
2026-07-28 23:16:07.917 [http-nio-8081-exec-18] DEBUG com.knockfish.security.JwtAuthenticationFilter - 用户 [knockfish] (ID:1) JWT 认证通过
2026-07-28 23:16:07.918 [http-nio-8081-exec-18] INFO  com.knockfish.aspect.LogAspect - [获取文章分类统计] 请求开始 - GET /api/dashboard/category-stats - DashboardController.getCategoryStats - 参数: 无
2026-07-28 23:16:07.925 [http-nio-8081-exec-18] INFO  com.knockfish.aspect.LogAspect - [获取文章分类统计] 请求成功 - 执行时间: 6ms
2026-07-28 23:32:59.412 [http-nio-8081-exec-15] INFO  com.knockfish.security.JwtAuthenticationFilter - === 请求路径: /api/dashboard/activities, 方法: GET
2026-07-28 23:32:59.411 [http-nio-8081-exec-21] INFO  com.knockfish.security.JwtAuthenticationFilter - === 请求路径: /api/dashboard/overview, 方法: GET
2026-07-28 23:32:59.491 [http-nio-8081-exec-21] DEBUG com.knockfish.security.JwtAuthenticationFilter - 用户 [knockfish] (ID:1) JWT 认证通过
2026-07-28 23:32:59.504 [http-nio-8081-exec-21] INFO  com.knockfish.aspect.LogAspect - [获取仪表盘概览] 请求开始 - GET /api/dashboard/overview - DashboardController.getOverview - 参数: 无
2026-07-28 23:32:59.511 [http-nio-8081-exec-15] DEBUG com.knockfish.security.JwtAuthenticationFilter - 用户 [knockfish] (ID:1) JWT 认证通过
2026-07-28 23:32:59.518 [http-nio-8081-exec-15] INFO  com.knockfish.aspect.LogAspect - [获取最近动态] 请求开始 - GET /api/dashboard/activities - DashboardController.getActivities - 参数: 10
2026-07-28 23:32:59.525 [http-nio-8081-exec-15] INFO  com.knockfish.aspect.LogAspect - [获取最近动态] 请求成功 - 执行时间: 7ms
2026-07-28 23:32:59.554 [http-nio-8081-exec-21] INFO  com.knockfish.aspect.LogAspect - [获取仪表盘概览] 请求成功 - 执行时间: 50ms
2026-07-28 23:33:00.807 [http-nio-8081-exec-16] INFO  com.knockfish.security.JwtAuthenticationFilter - === 请求路径: /api/dashboard/article-trend, 方法: GET
2026-07-28 23:33:00.836 [http-nio-8081-exec-16] DEBUG com.knockfish.security.JwtAuthenticationFilter - 用户 [knockfish] (ID:1) JWT 认证通过
2026-07-28 23:33:00.839 [http-nio-8081-exec-16] INFO  com.knockfish.aspect.LogAspect - [获取文章发布趋势] 请求开始 - GET /api/dashboard/article-trend - DashboardController.getArticleTrend - 参数: "monthly", null
2026-07-28 23:33:00.843 [http-nio-8081-exec-16] INFO  com.knockfish.aspect.LogAspect - [获取文章发布趋势] 请求成功 - 执行时间: 4ms
2026-07-28 23:33:00.871 [http-nio-8081-exec-24] INFO  com.knockfish.security.JwtAuthenticationFilter - === 请求路径: /api/dashboard/category-stats, 方法: GET
2026-07-28 23:33:00.897 [http-nio-8081-exec-24] DEBUG com.knockfish.security.JwtAuthenticationFilter - 用户 [knockfish] (ID:1) JWT 认证通过
2026-07-28 23:33:00.899 [http-nio-8081-exec-24] INFO  com.knockfish.aspect.LogAspect - [获取文章分类统计] 请求开始 - GET /api/dashboard/category-stats - DashboardController.getCategoryStats - 参数: 无
2026-07-28 23:33:00.909 [http-nio-8081-exec-24] INFO  com.knockfish.aspect.LogAspect - [获取文章分类统计] 请求成功 - 执行时间: 9ms
2026-07-28 23:33:17.227 [http-nio-8081-exec-20] INFO  com.knockfish.security.JwtAuthenticationFilter - === 请求路径: /api/auth/login, 方法: POST
2026-07-28 23:33:17.299 [http-nio-8081-exec-20] INFO  com.knockfish.aspect.LogAspect - [用户登录] 请求开始 - POST /api/auth/login - AuthController.login - 参数: {"username":"knockfish","password":"3414338"}
2026-07-28 23:33:17.300 [http-nio-8081-exec-20] DEBUG com.knockfish.service.impl.AuthServiceImpl - 开始验证用户: username=knockfish
2026-07-28 23:33:17.512 [http-nio-8081-exec-20] DEBUG com.knockfish.service.impl.AuthServiceImpl - 用户验证通过: username=knockfish, userId=1
2026-07-28 23:33:17.517 [http-nio-8081-exec-20] INFO  com.knockfish.service.impl.AuthServiceImpl - 用户登录成功: username=knockfish, userId=1
2026-07-28 23:33:17.518 [http-nio-8081-exec-20] INFO  com.knockfish.aspect.LogAspect - [用户登录] 请求成功 - 执行时间: 217ms - 返回结果: {"code":200,"msg":"请求成功","data":{"userId":1,"username":"knockfish","email":"knockfish@qq.com","nickname":"knock_fish","avatar":"https://fishbarn.cn/blog/article-image/2026-06/168954af-15b9-4268-9743-080e1b495538.webp","description":"博客正在施工中……","githubUrl":null,"bilibiliUrl":null,"background":"","createTime":"2026-04-15 14:23:26","roles":null,"token":"eyJhbGciOiJIUzI1NiIsInR5cCI6IkpXVCJ9.eyJ1c2VySWQiOjEsInVzZXJuYW1lIjoia25vY2tmaXNoIiwiZXhwIjoxNzg1NjEyNzk3LCJpYXQiOjE3ODUyNTI3OTd9.1O0n_DtLl6tpzK7Xpt7KQOomnJOkPB4EjjCv1o5KXMY"}}
2026-07-28 23:33:17.533 [http-nio-8081-exec-26] INFO  com.knockfish.security.JwtAuthenticationFilter - === 请求路径: /api/permission/user/1, 方法: GET
2026-07-28 23:33:17.553 [http-nio-8081-exec-26] DEBUG com.knockfish.security.JwtAuthenticationFilter - 用户 [knockfish] (ID:1) JWT 认证通过
2026-07-28 23:33:17.743 [http-nio-8081-exec-19] INFO  com.knockfish.security.JwtAuthenticationFilter - === 请求路径: /api/dashboard/overview, 方法: GET
2026-07-28 23:33:17.744 [http-nio-8081-exec-27] INFO  com.knockfish.security.JwtAuthenticationFilter - === 请求路径: /api/dashboard/activities, 方法: GET
2026-07-28 23:33:17.769 [http-nio-8081-exec-19] DEBUG com.knockfish.security.JwtAuthenticationFilter - 用户 [knockfish] (ID:1) JWT 认证通过
2026-07-28 23:33:17.769 [http-nio-8081-exec-27] DEBUG com.knockfish.security.JwtAuthenticationFilter - 用户 [knockfish] (ID:1) JWT 认证通过
2026-07-28 23:33:17.771 [http-nio-8081-exec-19] INFO  com.knockfish.aspect.LogAspect - [获取仪表盘概览] 请求开始 - GET /api/dashboard/overview - DashboardController.getOverview - 参数: 无
2026-07-28 23:33:17.771 [http-nio-8081-exec-27] INFO  com.knockfish.aspect.LogAspect - [获取最近动态] 请求开始 - GET /api/dashboard/activities - DashboardController.getActivities - 参数: 10
2026-07-28 23:33:17.777 [http-nio-8081-exec-27] INFO  com.knockfish.aspect.LogAspect - [获取最近动态] 请求成功 - 执行时间: 6ms
2026-07-28 23:33:17.810 [http-nio-8081-exec-19] INFO  com.knockfish.aspect.LogAspect - [获取仪表盘概览] 请求成功 - 执行时间: 39ms
2026-07-28 23:33:17.860 [http-nio-8081-exec-30] INFO  com.knockfish.security.JwtAuthenticationFilter - === 请求路径: /api/dashboard/article-trend, 方法: GET
2026-07-28 23:33:17.891 [http-nio-8081-exec-30] DEBUG com.knockfish.security.JwtAuthenticationFilter - 用户 [knockfish] (ID:1) JWT 认证通过
2026-07-28 23:33:17.894 [http-nio-8081-exec-30] INFO  com.knockfish.aspect.LogAspect - [获取文章发布趋势] 请求开始 - GET /api/dashboard/article-trend - DashboardController.getArticleTrend - 参数: "monthly", null
2026-07-28 23:33:17.898 [http-nio-8081-exec-30] INFO  com.knockfish.aspect.LogAspect - [获取文章发布趋势] 请求成功 - 执行时间: 4ms
2026-07-28 23:33:17.906 [http-nio-8081-exec-23] INFO  com.knockfish.security.JwtAuthenticationFilter - === 请求路径: /api/dashboard/category-stats, 方法: GET
2026-07-28 23:33:17.929 [http-nio-8081-exec-23] DEBUG com.knockfish.security.JwtAuthenticationFilter - 用户 [knockfish] (ID:1) JWT 认证通过
2026-07-28 23:33:17.930 [http-nio-8081-exec-23] INFO  com.knockfish.aspect.LogAspect - [获取文章分类统计] 请求开始 - GET /api/dashboard/category-stats - DashboardController.getCategoryStats - 参数: 无
2026-07-28 23:33:17.936 [http-nio-8081-exec-23] INFO  com.knockfish.aspect.LogAspect - [获取文章分类统计] 请求成功 - 执行时间: 5ms
2026-07-28 23:33:35.498 [http-nio-8081-exec-28] INFO  com.knockfish.security.JwtAuthenticationFilter - === 请求路径: /api/dashboard/overview, 方法: GET
2026-07-28 23:33:35.502 [http-nio-8081-exec-29] INFO  com.knockfish.security.JwtAuthenticationFilter - === 请求路径: /api/dashboard/activities, 方法: GET
2026-07-28 23:33:35.523 [http-nio-8081-exec-28] DEBUG com.knockfish.security.JwtAuthenticationFilter - 用户 [knockfish] (ID:1) JWT 认证通过
2026-07-28 23:33:35.524 [http-nio-8081-exec-28] INFO  com.knockfish.aspect.LogAspect - [获取仪表盘概览] 请求开始 - GET /api/dashboard/overview - DashboardController.getOverview - 参数: 无
2026-07-28 23:33:35.525 [http-nio-8081-exec-29] DEBUG com.knockfish.security.JwtAuthenticationFilter - 用户 [knockfish] (ID:1) JWT 认证通过
2026-07-28 23:33:35.526 [http-nio-8081-exec-29] INFO  com.knockfish.aspect.LogAspect - [获取最近动态] 请求开始 - GET /api/dashboard/activities - DashboardController.getActivities - 参数: 10
2026-07-28 23:33:35.529 [http-nio-8081-exec-29] INFO  com.knockfish.aspect.LogAspect - [获取最近动态] 请求成功 - 执行时间: 3ms
2026-07-28 23:33:35.542 [http-nio-8081-exec-28] INFO  com.knockfish.aspect.LogAspect - [获取仪表盘概览] 请求成功 - 执行时间: 18ms
2026-07-28 23:33:37.191 [http-nio-8081-exec-33] INFO  com.knockfish.security.JwtAuthenticationFilter - === 请求路径: /api/dashboard/article-trend, 方法: GET
2026-07-28 23:33:37.214 [http-nio-8081-exec-33] DEBUG com.knockfish.security.JwtAuthenticationFilter - 用户 [knockfish] (ID:1) JWT 认证通过
2026-07-28 23:33:37.215 [http-nio-8081-exec-33] INFO  com.knockfish.aspect.LogAspect - [获取文章发布趋势] 请求开始 - GET /api/dashboard/article-trend - DashboardController.getArticleTrend - 参数: "monthly", null
2026-07-28 23:33:37.218 [http-nio-8081-exec-33] INFO  com.knockfish.aspect.LogAspect - [获取文章发布趋势] 请求成功 - 执行时间: 3ms
2026-07-28 23:33:37.294 [http-nio-8081-exec-32] INFO  com.knockfish.security.JwtAuthenticationFilter - === 请求路径: /api/dashboard/category-stats, 方法: GET
2026-07-28 23:33:37.317 [http-nio-8081-exec-32] DEBUG com.knockfish.security.JwtAuthenticationFilter - 用户 [knockfish] (ID:1) JWT 认证通过
2026-07-28 23:33:37.318 [http-nio-8081-exec-32] INFO  com.knockfish.aspect.LogAspect - [获取文章分类统计] 请求开始 - GET /api/dashboard/category-stats - DashboardController.getCategoryStats - 参数: 无
2026-07-28 23:33:37.322 [http-nio-8081-exec-32] INFO  com.knockfish.aspect.LogAspect - [获取文章分类统计] 请求成功 - 执行时间: 4ms
2026-07-28 23:50:21.454 [http-nio-8081-exec-31] INFO  com.knockfish.security.JwtAuthenticationFilter - === 请求路径: /api/dashboard/overview, 方法: GET
2026-07-28 23:50:21.454 [http-nio-8081-exec-37] INFO  com.knockfish.security.JwtAuthenticationFilter - === 请求路径: /api/dashboard/activities, 方法: GET
2026-07-28 23:50:21.508 [http-nio-8081-exec-37] DEBUG com.knockfish.security.JwtAuthenticationFilter - 用户 [knockfish] (ID:1) JWT 认证通过
2026-07-28 23:50:21.512 [http-nio-8081-exec-37] INFO  com.knockfish.aspect.LogAspect - [获取最近动态] 请求开始 - GET /api/dashboard/activities - DashboardController.getActivities - 参数: 10
2026-07-28 23:50:21.526 [http-nio-8081-exec-37] INFO  com.knockfish.aspect.LogAspect - [获取最近动态] 请求成功 - 执行时间: 14ms
2026-07-28 23:50:21.577 [http-nio-8081-exec-31] DEBUG com.knockfish.security.JwtAuthenticationFilter - 用户 [knockfish] (ID:1) JWT 认证通过
2026-07-28 23:50:21.577 [http-nio-8081-exec-31] INFO  com.knockfish.aspect.LogAspect - [获取仪表盘概览] 请求开始 - GET /api/dashboard/overview - DashboardController.getOverview - 参数: 无
2026-07-28 23:50:21.651 [http-nio-8081-exec-31] INFO  com.knockfish.aspect.LogAspect - [获取仪表盘概览] 请求成功 - 执行时间: 74ms
2026-07-28 23:50:22.575 [http-nio-8081-exec-38] INFO  com.knockfish.security.JwtAuthenticationFilter - === 请求路径: /api/dashboard/category-stats, 方法: GET
2026-07-28 23:50:22.602 [http-nio-8081-exec-38] DEBUG com.knockfish.security.JwtAuthenticationFilter - 用户 [knockfish] (ID:1) JWT 认证通过
2026-07-28 23:50:22.603 [http-nio-8081-exec-38] INFO  com.knockfish.aspect.LogAspect - [获取文章分类统计] 请求开始 - GET /api/dashboard/category-stats - DashboardController.getCategoryStats - 参数: 无
2026-07-28 23:50:22.609 [http-nio-8081-exec-38] INFO  com.knockfish.aspect.LogAspect - [获取文章分类统计] 请求成功 - 执行时间: 6ms
2026-07-28 23:50:22.632 [http-nio-8081-exec-41] INFO  com.knockfish.security.JwtAuthenticationFilter - === 请求路径: /api/dashboard/article-trend, 方法: GET
2026-07-28 23:50:22.657 [http-nio-8081-exec-41] DEBUG com.knockfish.security.JwtAuthenticationFilter - 用户 [knockfish] (ID:1) JWT 认证通过
2026-07-28 23:50:22.658 [http-nio-8081-exec-41] INFO  com.knockfish.aspect.LogAspect - [获取文章发布趋势] 请求开始 - GET /api/dashboard/article-trend - DashboardController.getArticleTrend - 参数: "monthly", null
2026-07-28 23:50:22.662 [http-nio-8081-exec-41] INFO  com.knockfish.aspect.LogAspect - [获取文章发布趋势] 请求成功 - 执行时间: 3ms
