2026-07-30 00:10:07.014 [SpringApplicationShutdownHook] INFO  com.zaxxer.hikari.HikariDataSource - KnockfishHikariCP - Shutdown initiated...
2026-07-30 00:10:07.061 [SpringApplicationShutdownHook] INFO  com.zaxxer.hikari.HikariDataSource - KnockfishHikariCP - Shutdown completed.
2026-07-30 00:11:42.796 [background-preinit] INFO  org.hibernate.validator.internal.util.Version - HV000001: Hibernate Validator 8.0.3.Final
2026-07-30 00:11:42.861 [main] INFO  com.knockfish.KnockfishBlogBackendApplication - Starting KnockfishBlogBackendApplication using Java 17.0.9 with PID 2736 (E:\fish_blog\knockfish-blog-backend\target\classes started by DELL in E:\fish_blog\knockfish-blog-backend)
2026-07-30 00:11:42.864 [main] INFO  com.knockfish.KnockfishBlogBackendApplication - No active profile set, falling back to 1 default profile: "default"
2026-07-30 00:11:45.210 [main] INFO  org.apache.coyote.http11.Http11NioProtocol - Initializing ProtocolHandler ["http-nio-8081"]
2026-07-30 00:11:45.211 [main] INFO  org.apache.catalina.core.StandardService - Starting service [Tomcat]
2026-07-30 00:11:45.213 [main] INFO  org.apache.catalina.core.StandardEngine - Starting Servlet engine: [Apache Tomcat/10.1.53]
2026-07-30 00:11:45.277 [main] INFO  o.a.c.core.ContainerBase.[Tomcat].[localhost].[/] - Initializing Spring embedded WebApplicationContext
2026-07-30 00:11:47.930 [main] INFO  org.apache.coyote.http11.Http11NioProtocol - Starting ProtocolHandler ["http-nio-8081"]
2026-07-30 00:11:47.961 [main] INFO  com.knockfish.KnockfishBlogBackendApplication - Started KnockfishBlogBackendApplication in 5.747 seconds (process running for 6.629)
2026-07-30 00:14:19.280 [http-nio-8081-exec-1] INFO  o.a.c.core.ContainerBase.[Tomcat].[localhost].[/] - Initializing Spring DispatcherServlet 'dispatcherServlet'
2026-07-30 00:14:19.339 [http-nio-8081-exec-1] INFO  com.knockfish.security.JwtAuthenticationFilter - === 请求路径: /api/category/with-site-count, 方法: GET
2026-07-30 00:14:19.407 [http-nio-8081-exec-1] INFO  com.zaxxer.hikari.HikariDataSource - KnockfishHikariCP - Starting...
2026-07-30 00:14:19.623 [http-nio-8081-exec-1] INFO  com.zaxxer.hikari.pool.HikariPool - KnockfishHikariCP - Added connection com.mysql.cj.jdbc.ConnectionImpl@5d870465
2026-07-30 00:14:19.639 [http-nio-8081-exec-1] INFO  com.zaxxer.hikari.HikariDataSource - KnockfishHikariCP - Start completed.
2026-07-30 00:14:19.806 [http-nio-8081-exec-1] INFO  com.knockfish.aspect.LogAspect - [查询分类列表(含统计)] 请求开始 - GET /api/category/with-site-count - CategoryController.getCategoryWithSiteCountList - 参数: {"categoryName":null}, 1, 10
2026-07-30 00:14:19.902 [http-nio-8081-exec-1] INFO  com.knockfish.aspect.LogAspect - [查询分类列表(含统计)] 请求成功 - 执行时间: 96ms
2026-07-30 00:14:27.893 [http-nio-8081-exec-2] INFO  com.knockfish.security.JwtAuthenticationFilter - === 请求路径: /api/tag/page, 方法: GET
2026-07-30 00:14:27.912 [http-nio-8081-exec-2] INFO  com.knockfish.aspect.LogAspect - [查询标签列表] 请求开始 - GET /api/tag/page - TagController.getTagListVO - 参数: {"tagName":null}, 1, 10
2026-07-30 00:14:27.924 [http-nio-8081-exec-2] INFO  com.knockfish.aspect.LogAspect - [查询标签列表] 请求成功 - 执行时间: 9ms
2026-07-30 00:19:18.147 [http-nio-8081-exec-8] INFO  com.knockfish.security.JwtAuthenticationFilter - === 请求路径: /api/tag/page, 方法: GET
2026-07-30 00:19:18.164 [http-nio-8081-exec-8] INFO  com.knockfish.aspect.LogAspect - [查询标签列表] 请求开始 - GET /api/tag/page - TagController.getTagListVO - 参数: {"tagName":null}, 1, 10
2026-07-30 00:19:18.187 [http-nio-8081-exec-8] INFO  com.knockfish.aspect.LogAspect - [查询标签列表] 请求成功 - 执行时间: 23ms
2026-07-30 00:24:54.245 [http-nio-8081-exec-6] INFO  com.knockfish.security.JwtAuthenticationFilter - === 请求路径: /api/tag/page, 方法: GET
2026-07-30 00:24:54.265 [http-nio-8081-exec-6] INFO  com.knockfish.aspect.LogAspect - [查询标签列表] 请求开始 - GET /api/tag/page - TagController.getTagListVO - 参数: {"tagName":null}, 1, 10
2026-07-30 00:24:54.274 [http-nio-8081-exec-6] INFO  com.knockfish.aspect.LogAspect - [查询标签列表] 请求成功 - 执行时间: 8ms
2026-07-30 00:27:36.614 [http-nio-8081-exec-3] INFO  com.knockfish.security.JwtAuthenticationFilter - === 请求路径: /api/category/with-site-count, 方法: GET
2026-07-30 00:27:36.628 [http-nio-8081-exec-3] INFO  com.knockfish.aspect.LogAspect - [查询分类列表(含统计)] 请求开始 - GET /api/category/with-site-count - CategoryController.getCategoryWithSiteCountList - 参数: {"categoryName":null}, 1, 10
2026-07-30 00:27:36.628 [http-nio-8081-exec-3] INFO  com.knockfish.aspect.LogAspect - [查询分类列表(含统计)] 请求成功 - 执行时间: 0ms
2026-07-30 00:27:42.333 [http-nio-8081-exec-9] INFO  com.knockfish.security.JwtAuthenticationFilter - === 请求路径: /api/tag/page, 方法: GET
2026-07-30 00:27:42.347 [http-nio-8081-exec-9] INFO  com.knockfish.aspect.LogAspect - [查询标签列表] 请求开始 - GET /api/tag/page - TagController.getTagListVO - 参数: {"tagName":null}, 1, 10
2026-07-30 00:27:42.348 [http-nio-8081-exec-9] INFO  com.knockfish.aspect.LogAspect - [查询标签列表] 请求成功 - 执行时间: 1ms
2026-07-30 00:28:35.863 [http-nio-8081-exec-11] INFO  com.knockfish.security.JwtAuthenticationFilter - === 请求路径: /api/tag/page, 方法: GET
2026-07-30 00:28:35.878 [http-nio-8081-exec-11] INFO  com.knockfish.aspect.LogAspect - [查询标签列表] 请求开始 - GET /api/tag/page - TagController.getTagListVO - 参数: {"tagName":null}, 1, 10
2026-07-30 00:28:35.882 [http-nio-8081-exec-11] INFO  com.knockfish.aspect.LogAspect - [查询标签列表] 请求成功 - 执行时间: 4ms
2026-07-30 00:34:53.545 [http-nio-8081-exec-13] INFO  com.knockfish.security.JwtAuthenticationFilter - === 请求路径: /api/tag/page, 方法: GET
2026-07-30 00:34:53.545 [http-nio-8081-exec-13] INFO  com.knockfish.aspect.LogAspect - [查询标签列表] 请求开始 - GET /api/tag/page - TagController.getTagListVO - 参数: {"tagName":null}, 1, 10
2026-07-30 00:34:53.567 [http-nio-8081-exec-13] INFO  com.knockfish.aspect.LogAspect - [查询标签列表] 请求成功 - 执行时间: 6ms
2026-07-30 00:35:34.875 [http-nio-8081-exec-15] INFO  com.knockfish.security.JwtAuthenticationFilter - === 请求路径: /api/tag/page, 方法: GET
2026-07-30 00:35:34.890 [http-nio-8081-exec-15] INFO  com.knockfish.aspect.LogAspect - [查询标签列表] 请求开始 - GET /api/tag/page - TagController.getTagListVO - 参数: {"tagName":null}, 1, 10
2026-07-30 00:35:34.890 [http-nio-8081-exec-15] INFO  com.knockfish.aspect.LogAspect - [查询标签列表] 请求成功 - 执行时间: 0ms
2026-07-30 00:35:43.277 [http-nio-8081-exec-20] INFO  com.knockfish.security.JwtAuthenticationFilter - === 请求路径: /api/tag/page, 方法: GET
2026-07-30 00:35:43.288 [http-nio-8081-exec-20] INFO  com.knockfish.aspect.LogAspect - [查询标签列表] 请求开始 - GET /api/tag/page - TagController.getTagListVO - 参数: {"tagName":null}, 1, 10
2026-07-30 00:35:43.288 [http-nio-8081-exec-20] INFO  com.knockfish.aspect.LogAspect - [查询标签列表] 请求成功 - 执行时间: 0ms
2026-07-30 00:35:52.351 [http-nio-8081-exec-23] INFO  com.knockfish.security.JwtAuthenticationFilter - === 请求路径: /api/tag/page, 方法: GET
2026-07-30 00:35:52.367 [http-nio-8081-exec-23] INFO  com.knockfish.aspect.LogAspect - [查询标签列表] 请求开始 - GET /api/tag/page - TagController.getTagListVO - 参数: {"tagName":null}, 1, 10
2026-07-30 00:35:52.367 [http-nio-8081-exec-23] INFO  com.knockfish.aspect.LogAspect - [查询标签列表] 请求成功 - 执行时间: 0ms
2026-07-30 00:37:47.661 [http-nio-8081-exec-26] INFO  com.knockfish.security.JwtAuthenticationFilter - === 请求路径: /api/tag/page, 方法: GET
2026-07-30 00:37:47.677 [http-nio-8081-exec-26] INFO  com.knockfish.aspect.LogAspect - [查询标签列表] 请求开始 - GET /api/tag/page - TagController.getTagListVO - 参数: {"tagName":null}, 1, 10
2026-07-30 00:37:47.677 [http-nio-8081-exec-26] INFO  com.knockfish.aspect.LogAspect - [查询标签列表] 请求成功 - 执行时间: 0ms
2026-07-30 00:37:55.890 [http-nio-8081-exec-16] INFO  com.knockfish.security.JwtAuthenticationFilter - === 请求路径: /api/tag/page, 方法: GET
2026-07-30 00:37:55.890 [http-nio-8081-exec-16] INFO  com.knockfish.aspect.LogAspect - [查询标签列表] 请求开始 - GET /api/tag/page - TagController.getTagListVO - 参数: {"tagName":null}, 1, 10
2026-07-30 00:37:55.909 [http-nio-8081-exec-16] INFO  com.knockfish.aspect.LogAspect - [查询标签列表] 请求成功 - 执行时间: 7ms
2026-07-30 00:37:57.069 [http-nio-8081-exec-21] INFO  com.knockfish.security.JwtAuthenticationFilter - === 请求路径: /api/tag/page, 方法: GET
2026-07-30 00:37:57.069 [http-nio-8081-exec-21] INFO  com.knockfish.aspect.LogAspect - [查询标签列表] 请求开始 - GET /api/tag/page - TagController.getTagListVO - 参数: {"tagName":null}, 1, 10
2026-07-30 00:37:57.069 [http-nio-8081-exec-21] INFO  com.knockfish.aspect.LogAspect - [查询标签列表] 请求成功 - 执行时间: 0ms
2026-07-30 00:38:13.074 [http-nio-8081-exec-22] INFO  com.knockfish.security.JwtAuthenticationFilter - === 请求路径: /api/tag/page, 方法: GET
2026-07-30 00:38:13.074 [http-nio-8081-exec-22] INFO  com.knockfish.aspect.LogAspect - [查询标签列表] 请求开始 - GET /api/tag/page - TagController.getTagListVO - 参数: {"tagName":null}, 1, 10
2026-07-30 00:38:13.074 [http-nio-8081-exec-22] INFO  com.knockfish.aspect.LogAspect - [查询标签列表] 请求成功 - 执行时间: 0ms
2026-07-30 01:22:45.251 [http-nio-8081-exec-33] INFO  com.knockfish.security.JwtAuthenticationFilter - === 请求路径: /api/site/with-category, 方法: GET
2026-07-30 01:22:45.378 [http-nio-8081-exec-27] INFO  com.knockfish.security.JwtAuthenticationFilter - === 请求路径: /api/category/options, 方法: GET
2026-07-30 01:22:45.396 [http-nio-8081-exec-27] INFO  com.knockfish.aspect.LogAspect - [获取分类选项] 请求开始 - GET /api/category/options - CategoryController.getCategoryOption - 参数: 无
2026-07-30 01:22:45.400 [http-nio-8081-exec-27] INFO  com.knockfish.aspect.LogAspect - [获取分类选项] 请求成功 - 执行时间: 3ms
2026-07-30 01:23:12.498 [http-nio-8081-exec-28] INFO  com.knockfish.security.JwtAuthenticationFilter - === 请求路径: /api/site/with-category, 方法: GET
2026-07-30 01:23:12.568 [http-nio-8081-exec-29] INFO  com.knockfish.security.JwtAuthenticationFilter - === 请求路径: /api/category/options, 方法: GET
2026-07-30 01:23:12.568 [http-nio-8081-exec-29] INFO  com.knockfish.aspect.LogAspect - [获取分类选项] 请求开始 - GET /api/category/options - CategoryController.getCategoryOption - 参数: 无
2026-07-30 01:23:12.568 [http-nio-8081-exec-29] INFO  com.knockfish.aspect.LogAspect - [获取分类选项] 请求成功 - 执行时间: 0ms
2026-07-30 01:35:07.219 [http-nio-8081-exec-31] INFO  com.knockfish.security.JwtAuthenticationFilter - === 请求路径: /api/site/with-category, 方法: GET
2026-07-30 01:35:07.534 [http-nio-8081-exec-32] INFO  com.knockfish.security.JwtAuthenticationFilter - === 请求路径: /api/category/options, 方法: GET
2026-07-30 01:35:07.567 [http-nio-8081-exec-32] INFO  com.knockfish.aspect.LogAspect - [获取分类选项] 请求开始 - GET /api/category/options - CategoryController.getCategoryOption - 参数: 无
2026-07-30 01:35:07.572 [http-nio-8081-exec-32] INFO  com.knockfish.aspect.LogAspect - [获取分类选项] 请求成功 - 执行时间: 5ms
2026-07-30 01:35:14.215 [http-nio-8081-exec-25] INFO  com.knockfish.security.JwtAuthenticationFilter - === 请求路径: /api/site/with-category, 方法: GET
2026-07-30 01:35:14.512 [http-nio-8081-exec-35] INFO  com.knockfish.security.JwtAuthenticationFilter - === 请求路径: /api/category/options, 方法: GET
2026-07-30 01:35:14.538 [http-nio-8081-exec-35] INFO  com.knockfish.aspect.LogAspect - [获取分类选项] 请求开始 - GET /api/category/options - CategoryController.getCategoryOption - 参数: 无
2026-07-30 01:35:14.541 [http-nio-8081-exec-35] INFO  com.knockfish.aspect.LogAspect - [获取分类选项] 请求成功 - 执行时间: 3ms
2026-07-30 01:35:16.889 [http-nio-8081-exec-37] INFO  com.knockfish.security.JwtAuthenticationFilter - === 请求路径: /api/dashboard/overview, 方法: GET
2026-07-30 01:35:16.907 [http-nio-8081-exec-38] INFO  com.knockfish.security.JwtAuthenticationFilter - === 请求路径: /api/dashboard/activities, 方法: GET
2026-07-30 01:35:17.031 [http-nio-8081-exec-37] INFO  com.knockfish.aspect.LogAspect - [获取仪表盘概览] 请求开始 - GET /api/dashboard/overview - DashboardController.getOverview - 参数: 无
2026-07-30 01:35:17.055 [http-nio-8081-exec-38] INFO  com.knockfish.aspect.LogAspect - [获取最近动态] 请求开始 - GET /api/dashboard/activities - DashboardController.getActivities - 参数: 10
2026-07-30 01:35:17.085 [http-nio-8081-exec-38] INFO  com.knockfish.aspect.LogAspect - [获取最近动态] 请求成功 - 执行时间: 30ms
2026-07-30 01:35:17.132 [http-nio-8081-exec-37] INFO  com.knockfish.aspect.LogAspect - [获取仪表盘概览] 请求成功 - 执行时间: 101ms
2026-07-30 01:35:19.721 [http-nio-8081-exec-40] INFO  com.knockfish.security.JwtAuthenticationFilter - === 请求路径: /api/dashboard/article-trend, 方法: GET
2026-07-30 01:35:19.849 [http-nio-8081-exec-36] INFO  com.knockfish.security.JwtAuthenticationFilter - === 请求路径: /api/dashboard/category-stats, 方法: GET
2026-07-30 01:35:19.937 [http-nio-8081-exec-36] INFO  com.knockfish.aspect.LogAspect - [获取文章分类统计] 请求开始 - GET /api/dashboard/category-stats - DashboardController.getCategoryStats - 参数: 无
2026-07-30 01:35:20.022 [http-nio-8081-exec-36] INFO  com.knockfish.aspect.LogAspect - [获取文章分类统计] 请求成功 - 执行时间: 84ms
2026-07-30 01:35:20.358 [http-nio-8081-exec-40] INFO  com.knockfish.aspect.LogAspect - [获取文章发布趋势] 请求开始 - GET /api/dashboard/article-trend - DashboardController.getArticleTrend - 参数: "monthly", null
2026-07-30 01:35:20.383 [http-nio-8081-exec-40] INFO  com.knockfish.aspect.LogAspect - [获取文章发布趋势] 请求成功 - 执行时间: 25ms
2026-07-30 01:35:20.498 [http-nio-8081-exec-44] INFO  com.knockfish.security.JwtAuthenticationFilter - === 请求路径: /api/dashboard/overview, 方法: GET
2026-07-30 01:35:20.503 [http-nio-8081-exec-43] INFO  com.knockfish.security.JwtAuthenticationFilter - === 请求路径: /api/dashboard/article-trend, 方法: GET
2026-07-30 01:35:20.510 [http-nio-8081-exec-48] INFO  com.knockfish.security.JwtAuthenticationFilter - === 请求路径: /api/dashboard/tag-cloud, 方法: GET
2026-07-30 01:35:20.518 [http-nio-8081-exec-49] INFO  com.knockfish.security.JwtAuthenticationFilter - === 请求路径: /api/dashboard/latest-articles, 方法: GET
2026-07-30 01:35:20.528 [http-nio-8081-exec-43] INFO  com.knockfish.aspect.LogAspect - [获取文章发布趋势] 请求开始 - GET /api/dashboard/article-trend - DashboardController.getArticleTrend - 参数: "monthly", null
2026-07-30 01:35:20.540 [http-nio-8081-exec-43] INFO  com.knockfish.aspect.LogAspect - [获取文章发布趋势] 请求成功 - 执行时间: 12ms
2026-07-30 01:35:20.541 [http-nio-8081-exec-44] INFO  com.knockfish.aspect.LogAspect - [获取仪表盘概览] 请求开始 - GET /api/dashboard/overview - DashboardController.getOverview - 参数: 无
2026-07-30 01:35:20.550 [http-nio-8081-exec-48] INFO  com.knockfish.aspect.LogAspect - [获取标签云] 请求开始 - GET /api/dashboard/tag-cloud - DashboardController.getTagCloud - 参数: 无
2026-07-30 01:35:20.556 [http-nio-8081-exec-48] INFO  com.knockfish.aspect.LogAspect - [获取标签云] 请求成功 - 执行时间: 6ms
2026-07-30 01:35:20.561 [http-nio-8081-exec-49] INFO  com.knockfish.aspect.LogAspect - [获取最近文章] 请求开始 - GET /api/dashboard/latest-articles - DashboardController.getLatestArticles - 参数: 10
2026-07-30 01:35:20.573 [http-nio-8081-exec-49] INFO  com.knockfish.aspect.LogAspect - [获取最近文章] 请求成功 - 执行时间: 12ms
2026-07-30 01:35:20.626 [http-nio-8081-exec-44] INFO  com.knockfish.aspect.LogAspect - [获取仪表盘概览] 请求成功 - 执行时间: 85ms
2026-07-30 01:35:25.741 [http-nio-8081-exec-47] INFO  com.knockfish.security.JwtAuthenticationFilter - === 请求路径: /api/dashboard/overview, 方法: GET
2026-07-30 01:35:25.741 [http-nio-8081-exec-50] INFO  com.knockfish.security.JwtAuthenticationFilter - === 请求路径: /api/dashboard/tag-cloud, 方法: GET
2026-07-30 01:35:25.746 [http-nio-8081-exec-2] INFO  com.knockfish.security.JwtAuthenticationFilter - === 请求路径: /api/dashboard/article-trend, 方法: GET
2026-07-30 01:35:25.746 [http-nio-8081-exec-1] INFO  com.knockfish.security.JwtAuthenticationFilter - === 请求路径: /api/dashboard/latest-articles, 方法: GET
2026-07-30 01:35:25.769 [http-nio-8081-exec-50] INFO  com.knockfish.aspect.LogAspect - [获取标签云] 请求开始 - GET /api/dashboard/tag-cloud - DashboardController.getTagCloud - 参数: 无
2026-07-30 01:35:25.773 [http-nio-8081-exec-47] INFO  com.knockfish.aspect.LogAspect - [获取仪表盘概览] 请求开始 - GET /api/dashboard/overview - DashboardController.getOverview - 参数: 无
2026-07-30 01:35:25.774 [http-nio-8081-exec-2] INFO  com.knockfish.aspect.LogAspect - [获取文章发布趋势] 请求开始 - GET /api/dashboard/article-trend - DashboardController.getArticleTrend - 参数: "monthly", null
2026-07-30 01:35:25.774 [http-nio-8081-exec-50] INFO  com.knockfish.aspect.LogAspect - [获取标签云] 请求成功 - 执行时间: 4ms
2026-07-30 01:35:25.776 [http-nio-8081-exec-1] INFO  com.knockfish.aspect.LogAspect - [获取最近文章] 请求开始 - GET /api/dashboard/latest-articles - DashboardController.getLatestArticles - 参数: 10
2026-07-30 01:35:25.779 [http-nio-8081-exec-2] INFO  com.knockfish.aspect.LogAspect - [获取文章发布趋势] 请求成功 - 执行时间: 5ms
2026-07-30 01:35:25.779 [http-nio-8081-exec-1] INFO  com.knockfish.aspect.LogAspect - [获取最近文章] 请求成功 - 执行时间: 2ms
2026-07-30 01:35:25.823 [http-nio-8081-exec-47] INFO  com.knockfish.aspect.LogAspect - [获取仪表盘概览] 请求成功 - 执行时间: 50ms
2026-07-30 01:35:27.805 [http-nio-8081-exec-8] INFO  com.knockfish.security.JwtAuthenticationFilter - === 请求路径: /api/dashboard/activities, 方法: GET
2026-07-30 01:35:27.806 [http-nio-8081-exec-4] INFO  com.knockfish.security.JwtAuthenticationFilter - === 请求路径: /api/dashboard/overview, 方法: GET
2026-07-30 01:35:27.825 [http-nio-8081-exec-8] INFO  com.knockfish.aspect.LogAspect - [获取最近动态] 请求开始 - GET /api/dashboard/activities - DashboardController.getActivities - 参数: 10
2026-07-30 01:35:27.828 [http-nio-8081-exec-4] INFO  com.knockfish.aspect.LogAspect - [获取仪表盘概览] 请求开始 - GET /api/dashboard/overview - DashboardController.getOverview - 参数: 无
2026-07-30 01:35:27.829 [http-nio-8081-exec-8] INFO  com.knockfish.aspect.LogAspect - [获取最近动态] 请求成功 - 执行时间: 4ms
2026-07-30 01:35:27.850 [http-nio-8081-exec-4] INFO  com.knockfish.aspect.LogAspect - [获取仪表盘概览] 请求成功 - 执行时间: 22ms
2026-07-30 01:35:27.911 [http-nio-8081-exec-5] INFO  com.knockfish.security.JwtAuthenticationFilter - === 请求路径: /api/dashboard/article-trend, 方法: GET
2026-07-30 01:35:27.928 [http-nio-8081-exec-5] INFO  com.knockfish.aspect.LogAspect - [获取文章发布趋势] 请求开始 - GET /api/dashboard/article-trend - DashboardController.getArticleTrend - 参数: "monthly", null
2026-07-30 01:35:27.931 [http-nio-8081-exec-5] INFO  com.knockfish.aspect.LogAspect - [获取文章发布趋势] 请求成功 - 执行时间: 2ms
2026-07-30 01:35:27.943 [http-nio-8081-exec-6] INFO  com.knockfish.security.JwtAuthenticationFilter - === 请求路径: /api/dashboard/category-stats, 方法: GET
2026-07-30 01:35:27.961 [http-nio-8081-exec-6] INFO  com.knockfish.aspect.LogAspect - [获取文章分类统计] 请求开始 - GET /api/dashboard/category-stats - DashboardController.getCategoryStats - 参数: 无
2026-07-30 01:35:27.965 [http-nio-8081-exec-6] INFO  com.knockfish.aspect.LogAspect - [获取文章分类统计] 请求成功 - 执行时间: 4ms
2026-07-30 01:35:30.219 [http-nio-8081-exec-7] INFO  com.knockfish.security.JwtAuthenticationFilter - === 请求路径: /api/dashboard/overview, 方法: GET
2026-07-30 01:35:30.220 [http-nio-8081-exec-3] INFO  com.knockfish.security.JwtAuthenticationFilter - === 请求路径: /api/dashboard/activities, 方法: GET
2026-07-30 01:35:30.243 [http-nio-8081-exec-7] INFO  com.knockfish.aspect.LogAspect - [获取仪表盘概览] 请求开始 - GET /api/dashboard/overview - DashboardController.getOverview - 参数: 无
2026-07-30 01:35:30.243 [http-nio-8081-exec-3] INFO  com.knockfish.aspect.LogAspect - [获取最近动态] 请求开始 - GET /api/dashboard/activities - DashboardController.getActivities - 参数: 10
2026-07-30 01:35:30.246 [http-nio-8081-exec-3] INFO  com.knockfish.aspect.LogAspect - [获取最近动态] 请求成功 - 执行时间: 2ms
2026-07-30 01:35:30.287 [http-nio-8081-exec-7] INFO  com.knockfish.aspect.LogAspect - [获取仪表盘概览] 请求成功 - 执行时间: 44ms
2026-07-30 01:35:31.626 [http-nio-8081-exec-9] INFO  com.knockfish.security.JwtAuthenticationFilter - === 请求路径: /api/dashboard/article-trend, 方法: GET
2026-07-30 01:35:31.648 [http-nio-8081-exec-9] INFO  com.knockfish.aspect.LogAspect - [获取文章发布趋势] 请求开始 - GET /api/dashboard/article-trend - DashboardController.getArticleTrend - 参数: "monthly", null
2026-07-30 01:35:31.653 [http-nio-8081-exec-9] INFO  com.knockfish.aspect.LogAspect - [获取文章发布趋势] 请求成功 - 执行时间: 5ms
2026-07-30 01:35:31.726 [http-nio-8081-exec-10] INFO  com.knockfish.security.JwtAuthenticationFilter - === 请求路径: /api/dashboard/category-stats, 方法: GET
2026-07-30 01:35:31.754 [http-nio-8081-exec-10] INFO  com.knockfish.aspect.LogAspect - [获取文章分类统计] 请求开始 - GET /api/dashboard/category-stats - DashboardController.getCategoryStats - 参数: 无
2026-07-30 01:35:31.757 [http-nio-8081-exec-10] INFO  com.knockfish.aspect.LogAspect - [获取文章分类统计] 请求成功 - 执行时间: 3ms
2026-07-30 01:35:34.363 [http-nio-8081-exec-12] INFO  com.knockfish.security.JwtAuthenticationFilter - === 请求路径: /api/category/with-site-count, 方法: GET
2026-07-30 01:35:34.382 [http-nio-8081-exec-12] INFO  com.knockfish.aspect.LogAspect - [查询分类列表(含统计)] 请求开始 - GET /api/category/with-site-count - CategoryController.getCategoryWithSiteCountList - 参数: {"categoryName":null}, 1, 10
2026-07-30 01:35:34.392 [http-nio-8081-exec-12] INFO  com.knockfish.aspect.LogAspect - [查询分类列表(含统计)] 请求成功 - 执行时间: 10ms
2026-07-30 01:35:35.833 [http-nio-8081-exec-13] INFO  com.knockfish.security.JwtAuthenticationFilter - === 请求路径: /api/site/with-category, 方法: GET
2026-07-30 01:35:35.981 [http-nio-8081-exec-14] INFO  com.knockfish.security.JwtAuthenticationFilter - === 请求路径: /api/category/options, 方法: GET
2026-07-30 01:35:36.009 [http-nio-8081-exec-14] INFO  com.knockfish.aspect.LogAspect - [获取分类选项] 请求开始 - GET /api/category/options - CategoryController.getCategoryOption - 参数: 无
2026-07-30 01:35:36.012 [http-nio-8081-exec-14] INFO  com.knockfish.aspect.LogAspect - [获取分类选项] 请求成功 - 执行时间: 3ms
2026-07-30 01:35:39.416 [http-nio-8081-exec-20] INFO  com.knockfish.security.JwtAuthenticationFilter - === 请求路径: /api/file-reference/all, 方法: GET
2026-07-30 01:35:39.421 [http-nio-8081-exec-20] INFO  com.knockfish.aspect.LogAspect - [查询所有文件引用] 请求开始 - GET /api/file-reference/all - FileReferenceController.selectAllNoPage - 参数: 无
2026-07-30 01:35:39.423 [http-nio-8081-exec-20] INFO  com.knockfish.controller.FileReferenceController - 查询所有文件引用
2026-07-30 01:35:39.440 [http-nio-8081-exec-20] INFO  com.knockfish.aspect.LogAspect - [查询所有文件引用] 请求成功 - 执行时间: 19ms
2026-07-30 01:35:39.473 [http-nio-8081-exec-18] INFO  com.knockfish.security.JwtAuthenticationFilter - === 请求路径: /api/file-reference/referenced-paths, 方法: GET
2026-07-30 01:35:39.476 [http-nio-8081-exec-18] INFO  com.knockfish.aspect.LogAspect - [查询所有被引用的文件路径] 请求开始 - GET /api/file-reference/referenced-paths - FileReferenceController.selectAllReferencedPaths - 参数: 无
2026-07-30 01:35:39.477 [http-nio-8081-exec-18] INFO  com.knockfish.controller.FileReferenceController - 查询所有被引用的文件路径
2026-07-30 01:35:39.483 [http-nio-8081-exec-18] INFO  com.knockfish.aspect.LogAspect - [查询所有被引用的文件路径] 请求成功 - 执行时间: 6ms
2026-07-30 01:36:04.641 [http-nio-8081-exec-17] INFO  com.knockfish.security.JwtAuthenticationFilter - === 请求路径: /api/user/page, 方法: GET
2026-07-30 01:36:04.685 [http-nio-8081-exec-17] INFO  com.knockfish.aspect.LogAspect - [查询用户列表] 请求开始 - GET /api/user/page - UserController.getUserList - 参数: {"username":null,"nickname":null,"email":null}, 1, 10
2026-07-30 01:36:04.755 [http-nio-8081-exec-17] INFO  com.knockfish.aspect.LogAspect - [查询用户列表] 请求成功 - 执行时间: 70ms
2026-07-30 01:36:56.395 [http-nio-8081-exec-33] INFO  com.knockfish.security.JwtAuthenticationFilter - === 请求路径: /api/site/with-category, 方法: GET
2026-07-30 01:36:56.590 [http-nio-8081-exec-19] INFO  com.knockfish.security.JwtAuthenticationFilter - === 请求路径: /api/category/options, 方法: GET
2026-07-30 01:36:56.607 [http-nio-8081-exec-19] INFO  com.knockfish.aspect.LogAspect - [获取分类选项] 请求开始 - GET /api/category/options - CategoryController.getCategoryOption - 参数: 无
2026-07-30 01:36:56.609 [http-nio-8081-exec-19] INFO  com.knockfish.aspect.LogAspect - [获取分类选项] 请求成功 - 执行时间: 2ms
2026-07-30 01:50:32.559 [http-nio-8081-exec-28] INFO  com.knockfish.security.JwtAuthenticationFilter - === 请求路径: /api/category/with-site-count, 方法: GET
2026-07-30 01:50:32.588 [http-nio-8081-exec-28] INFO  com.knockfish.aspect.LogAspect - [查询分类列表(含统计)] 请求开始 - GET /api/category/with-site-count - CategoryController.getCategoryWithSiteCountList - 参数: {"categoryName":null}, 1, 10
2026-07-30 01:50:32.605 [http-nio-8081-exec-28] INFO  com.knockfish.aspect.LogAspect - [查询分类列表(含统计)] 请求成功 - 执行时间: 16ms
2026-07-30 01:50:38.689 [http-nio-8081-exec-29] INFO  com.knockfish.security.JwtAuthenticationFilter - === 请求路径: /api/site/with-category, 方法: GET
2026-07-30 01:50:38.830 [http-nio-8081-exec-30] INFO  com.knockfish.security.JwtAuthenticationFilter - === 请求路径: /api/category/options, 方法: GET
2026-07-30 01:50:38.856 [http-nio-8081-exec-30] INFO  com.knockfish.aspect.LogAspect - [获取分类选项] 请求开始 - GET /api/category/options - CategoryController.getCategoryOption - 参数: 无
2026-07-30 01:50:38.858 [http-nio-8081-exec-30] INFO  com.knockfish.aspect.LogAspect - [获取分类选项] 请求成功 - 执行时间: 1ms
2026-07-30 02:00:00.099 [scheduling-1] INFO  com.knockfish.scheduler.FileCleanupScheduler - ========== 文件资源定时清理任务开始 ==========
2026-07-30 02:00:00.099 [scheduling-1] INFO  c.knockfish.service.impl.FileReferenceServiceImpl - ========== 文件资源清理任务开始 ==========
2026-07-30 02:00:00.121 [scheduling-1] INFO  c.knockfish.service.impl.FileReferenceServiceImpl - 发现 2 个孤立文件待清理:
2026-07-30 02:00:00.122 [scheduling-1] INFO  c.knockfish.service.impl.FileReferenceServiceImpl -   文件ID: 39, 文件路径(key): blog/1/cover/f63ba3b5-b187-434a-ad0a-591407a3ad13.webp, 文件名: image1.png, 文件大小: 4210005 bytes, 创建时间: 2026-07-26T18:31:07, 引用类型: cover, 引用ID: null
2026-07-30 02:00:00.122 [scheduling-1] INFO  c.knockfish.service.impl.FileReferenceServiceImpl -   文件ID: 40, 文件路径(key): blog/1/cover/dd1138ab-abd0-403d-81b7-f11957b09af0.webp, 文件名: 38c90806acb47ebd1eef3b8e1d501df0269b8cbe.jpg, 文件大小: 1499077 bytes, 创建时间: 2026-07-26T20:06:43, 引用类型: cover, 引用ID: null
2026-07-30 02:00:04.771 [scheduling-1] INFO  c.knockfish.service.impl.FileReferenceServiceImpl - 成功删除R2文件: blog/1/cover/f63ba3b5-b187-434a-ad0a-591407a3ad13.webp
2026-07-30 02:00:05.875 [scheduling-1] INFO  c.knockfish.service.impl.FileReferenceServiceImpl - 成功删除R2文件: blog/1/cover/dd1138ab-abd0-403d-81b7-f11957b09af0.webp
2026-07-30 02:00:05.914 [scheduling-1] INFO  c.knockfish.service.impl.FileReferenceServiceImpl - 成功从数据库删除 2 条文件引用记录
2026-07-30 02:00:05.914 [scheduling-1] INFO  c.knockfish.service.impl.FileReferenceServiceImpl - 文件资源清理完成，共处理 2 个文件，成功删除 2 个R2文件
2026-07-30 02:00:05.914 [scheduling-1] INFO  c.knockfish.service.impl.FileReferenceServiceImpl - ========== 文件资源清理任务结束 ==========
2026-07-30 02:22:16.136 [SpringApplicationShutdownHook] INFO  com.zaxxer.hikari.HikariDataSource - KnockfishHikariCP - Shutdown initiated...
2026-07-30 02:22:16.146 [SpringApplicationShutdownHook] INFO  com.zaxxer.hikari.HikariDataSource - KnockfishHikariCP - Shutdown completed.
2026-07-30 12:37:32.564 [background-preinit] INFO  org.hibernate.validator.internal.util.Version - HV000001: Hibernate Validator 8.0.3.Final
2026-07-30 12:37:32.634 [main] INFO  com.knockfish.KnockfishBlogBackendApplication - Starting KnockfishBlogBackendApplication using Java 17.0.9 with PID 16312 (E:\fish_blog\knockfish-blog-backend\target\classes started by DELL in E:\fish_blog\knockfish-blog-backend)
2026-07-30 12:37:32.635 [main] INFO  com.knockfish.KnockfishBlogBackendApplication - No active profile set, falling back to 1 default profile: "default"
2026-07-30 12:37:36.411 [main] INFO  org.apache.coyote.http11.Http11NioProtocol - Initializing ProtocolHandler ["http-nio-8081"]
2026-07-30 12:37:36.412 [main] INFO  org.apache.catalina.core.StandardService - Starting service [Tomcat]
2026-07-30 12:37:36.412 [main] INFO  org.apache.catalina.core.StandardEngine - Starting Servlet engine: [Apache Tomcat/10.1.53]
2026-07-30 12:37:36.476 [main] INFO  o.a.c.core.ContainerBase.[Tomcat].[localhost].[/] - Initializing Spring embedded WebApplicationContext
2026-07-30 12:37:39.116 [main] INFO  org.apache.coyote.http11.Http11NioProtocol - Starting ProtocolHandler ["http-nio-8081"]
2026-07-30 12:37:39.145 [main] INFO  com.knockfish.KnockfishBlogBackendApplication - Started KnockfishBlogBackendApplication in 7.178 seconds (process running for 8.193)
2026-07-30 12:42:07.274 [http-nio-8081-exec-1] INFO  o.a.c.core.ContainerBase.[Tomcat].[localhost].[/] - Initializing Spring DispatcherServlet 'dispatcherServlet'
2026-07-30 12:42:07.562 [http-nio-8081-exec-4] INFO  com.knockfish.security.JwtAuthenticationFilter - === 请求路径: /api/dashboard/activities, 方法: GET
2026-07-30 12:42:07.562 [http-nio-8081-exec-5] INFO  com.knockfish.security.JwtAuthenticationFilter - === 请求路径: /api/dashboard/overview, 方法: GET
2026-07-30 12:42:07.910 [http-nio-8081-exec-5] INFO  com.zaxxer.hikari.HikariDataSource - KnockfishHikariCP - Starting...
2026-07-30 12:42:08.214 [http-nio-8081-exec-6] INFO  com.knockfish.security.JwtAuthenticationFilter - === 请求路径: /api/dashboard/article-trend, 方法: GET
2026-07-30 12:42:08.300 [http-nio-8081-exec-8] INFO  com.knockfish.security.JwtAuthenticationFilter - === 请求路径: /api/dashboard/category-stats, 方法: GET
2026-07-30 12:42:08.497 [http-nio-8081-exec-5] INFO  com.zaxxer.hikari.pool.HikariPool - KnockfishHikariCP - Added connection com.mysql.cj.jdbc.ConnectionImpl@dcf8aa2
2026-07-30 12:42:08.500 [http-nio-8081-exec-5] INFO  com.zaxxer.hikari.HikariDataSource - KnockfishHikariCP - Start completed.
2026-07-30 12:42:08.860 [http-nio-8081-exec-5] INFO  com.knockfish.aspect.LogAspect - [获取仪表盘概览] 请求开始 - GET /api/dashboard/overview - DashboardController.getOverview - 参数: 无
2026-07-30 12:42:08.860 [http-nio-8081-exec-8] INFO  com.knockfish.aspect.LogAspect - [获取文章分类统计] 请求开始 - GET /api/dashboard/category-stats - DashboardController.getCategoryStats - 参数: 无
2026-07-30 12:42:08.882 [http-nio-8081-exec-6] INFO  com.knockfish.aspect.LogAspect - [获取文章发布趋势] 请求开始 - GET /api/dashboard/article-trend - DashboardController.getArticleTrend - 参数: "monthly", null
2026-07-30 12:42:08.888 [http-nio-8081-exec-8] INFO  com.knockfish.aspect.LogAspect - [获取文章分类统计] 请求成功 - 执行时间: 27ms
2026-07-30 12:42:08.886 [http-nio-8081-exec-4] INFO  com.knockfish.aspect.LogAspect - [获取最近动态] 请求开始 - GET /api/dashboard/activities - DashboardController.getActivities - 参数: 10
2026-07-30 12:42:08.897 [http-nio-8081-exec-6] INFO  com.knockfish.aspect.LogAspect - [获取文章发布趋势] 请求成功 - 执行时间: 15ms
2026-07-30 12:42:08.899 [http-nio-8081-exec-4] INFO  com.knockfish.aspect.LogAspect - [获取最近动态] 请求成功 - 执行时间: 10ms
2026-07-30 12:42:08.954 [http-nio-8081-exec-5] INFO  com.knockfish.aspect.LogAspect - [获取仪表盘概览] 请求成功 - 执行时间: 93ms
2026-07-30 12:42:17.251 [http-nio-8081-exec-9] INFO  com.knockfish.security.JwtAuthenticationFilter - === 请求路径: /api/dashboard/overview, 方法: GET
2026-07-30 12:42:17.251 [http-nio-8081-exec-10] INFO  com.knockfish.security.JwtAuthenticationFilter - === 请求路径: /api/dashboard/activities, 方法: GET
2026-07-30 12:42:17.271 [http-nio-8081-exec-10] INFO  com.knockfish.aspect.LogAspect - [获取最近动态] 请求开始 - GET /api/dashboard/activities - DashboardController.getActivities - 参数: 10
2026-07-30 12:42:17.270 [http-nio-8081-exec-9] INFO  com.knockfish.aspect.LogAspect - [获取仪表盘概览] 请求开始 - GET /api/dashboard/overview - DashboardController.getOverview - 参数: 无
2026-07-30 12:42:17.279 [http-nio-8081-exec-10] INFO  com.knockfish.aspect.LogAspect - [获取最近动态] 请求成功 - 执行时间: 7ms
2026-07-30 12:42:17.292 [http-nio-8081-exec-9] INFO  com.knockfish.aspect.LogAspect - [获取仪表盘概览] 请求成功 - 执行时间: 20ms
2026-07-30 12:42:17.811 [http-nio-8081-exec-11] INFO  com.knockfish.security.JwtAuthenticationFilter - === 请求路径: /api/dashboard/article-trend, 方法: GET
2026-07-30 12:42:17.831 [http-nio-8081-exec-11] INFO  com.knockfish.aspect.LogAspect - [获取文章发布趋势] 请求开始 - GET /api/dashboard/article-trend - DashboardController.getArticleTrend - 参数: "monthly", null
2026-07-30 12:42:17.835 [http-nio-8081-exec-11] INFO  com.knockfish.aspect.LogAspect - [获取文章发布趋势] 请求成功 - 执行时间: 4ms
2026-07-30 12:42:17.903 [http-nio-8081-exec-12] INFO  com.knockfish.security.JwtAuthenticationFilter - === 请求路径: /api/dashboard/category-stats, 方法: GET
2026-07-30 12:42:17.921 [http-nio-8081-exec-12] INFO  com.knockfish.aspect.LogAspect - [获取文章分类统计] 请求开始 - GET /api/dashboard/category-stats - DashboardController.getCategoryStats - 参数: 无
2026-07-30 12:42:17.926 [http-nio-8081-exec-12] INFO  com.knockfish.aspect.LogAspect - [获取文章分类统计] 请求成功 - 执行时间: 5ms
2026-07-30 12:42:19.525 [http-nio-8081-exec-25] INFO  com.knockfish.security.JwtAuthenticationFilter - === 请求路径: /api/dashboard/overview, 方法: GET
2026-07-30 12:42:19.529 [http-nio-8081-exec-3] INFO  com.knockfish.security.JwtAuthenticationFilter - === 请求路径: /api/dashboard/article-trend, 方法: GET
2026-07-30 12:42:19.532 [http-nio-8081-exec-35] INFO  com.knockfish.security.JwtAuthenticationFilter - === 请求路径: /api/dashboard/tag-cloud, 方法: GET
2026-07-30 12:42:19.532 [http-nio-8081-exec-36] INFO  com.knockfish.security.JwtAuthenticationFilter - === 请求路径: /api/dashboard/latest-articles, 方法: GET
2026-07-30 12:42:19.542 [http-nio-8081-exec-25] INFO  com.knockfish.aspect.LogAspect - [获取仪表盘概览] 请求开始 - GET /api/dashboard/overview - DashboardController.getOverview - 参数: 无
2026-07-30 12:42:19.547 [http-nio-8081-exec-3] INFO  com.knockfish.aspect.LogAspect - [获取文章发布趋势] 请求开始 - GET /api/dashboard/article-trend - DashboardController.getArticleTrend - 参数: "monthly", null
2026-07-30 12:42:19.549 [http-nio-8081-exec-35] INFO  com.knockfish.aspect.LogAspect - [获取标签云] 请求开始 - GET /api/dashboard/tag-cloud - DashboardController.getTagCloud - 参数: 无
2026-07-30 12:42:19.549 [http-nio-8081-exec-36] INFO  com.knockfish.aspect.LogAspect - [获取最近文章] 请求开始 - GET /api/dashboard/latest-articles - DashboardController.getLatestArticles - 参数: 10
2026-07-30 12:42:19.550 [http-nio-8081-exec-3] INFO  com.knockfish.aspect.LogAspect - [获取文章发布趋势] 请求成功 - 执行时间: 2ms
2026-07-30 12:42:19.551 [http-nio-8081-exec-36] INFO  com.knockfish.aspect.LogAspect - [获取最近文章] 请求成功 - 执行时间: 2ms
2026-07-30 12:42:19.551 [http-nio-8081-exec-35] INFO  com.knockfish.aspect.LogAspect - [获取标签云] 请求成功 - 执行时间: 2ms
2026-07-30 12:42:19.563 [http-nio-8081-exec-25] INFO  com.knockfish.aspect.LogAspect - [获取仪表盘概览] 请求成功 - 执行时间: 20ms
2026-07-30 12:42:23.881 [http-nio-8081-exec-19] INFO  com.knockfish.security.JwtAuthenticationFilter - === 请求路径: /api/tag/page, 方法: GET
2026-07-30 12:42:23.921 [http-nio-8081-exec-19] INFO  com.knockfish.aspect.LogAspect - [查询标签列表] 请求开始 - GET /api/tag/page - TagController.getTagListVO - 参数: {"tagName":null}, 1, 10
2026-07-30 12:42:24.074 [http-nio-8081-exec-19] INFO  com.knockfish.aspect.LogAspect - [查询标签列表] 请求成功 - 执行时间: 152ms
2026-07-30 12:43:36.440 [http-nio-8081-exec-26] INFO  com.knockfish.security.JwtAuthenticationFilter - === 请求路径: /api/user/page, 方法: GET
2026-07-30 12:43:36.483 [http-nio-8081-exec-26] INFO  com.knockfish.aspect.LogAspect - [查询用户列表] 请求开始 - GET /api/user/page - UserController.getUserList - 参数: {"username":null,"nickname":null,"email":null}, 1, 10
2026-07-30 12:43:36.602 [http-nio-8081-exec-26] INFO  com.knockfish.aspect.LogAspect - [查询用户列表] 请求成功 - 执行时间: 118ms
2026-07-30 12:44:07.049 [http-nio-8081-exec-30] INFO  com.knockfish.security.JwtAuthenticationFilter - === 请求路径: /api/category/with-site-count, 方法: GET
2026-07-30 12:44:07.074 [http-nio-8081-exec-30] INFO  com.knockfish.aspect.LogAspect - [查询分类列表(含统计)] 请求开始 - GET /api/category/with-site-count - CategoryController.getCategoryWithSiteCountList - 参数: {"categoryName":null}, 1, 10
2026-07-30 12:44:07.109 [http-nio-8081-exec-30] INFO  com.knockfish.aspect.LogAspect - [查询分类列表(含统计)] 请求成功 - 执行时间: 35ms
2026-07-30 12:45:18.490 [http-nio-8081-exec-31] INFO  com.knockfish.security.JwtAuthenticationFilter - === 请求路径: /api/category/with-site-count, 方法: GET
2026-07-30 12:45:18.500 [http-nio-8081-exec-31] INFO  com.knockfish.aspect.LogAspect - [查询分类列表(含统计)] 请求开始 - GET /api/category/with-site-count - CategoryController.getCategoryWithSiteCountList - 参数: {"categoryName":null}, 1, 10
2026-07-30 12:45:18.505 [http-nio-8081-exec-31] INFO  com.knockfish.aspect.LogAspect - [查询分类列表(含统计)] 请求成功 - 执行时间: 5ms
2026-07-30 12:45:47.112 [http-nio-8081-exec-33] INFO  com.knockfish.security.JwtAuthenticationFilter - === 请求路径: /api/category/with-site-count, 方法: GET
2026-07-30 12:45:47.123 [http-nio-8081-exec-33] INFO  com.knockfish.aspect.LogAspect - [查询分类列表(含统计)] 请求开始 - GET /api/category/with-site-count - CategoryController.getCategoryWithSiteCountList - 参数: {"categoryName":null}, 1, 10
2026-07-30 12:45:47.130 [http-nio-8081-exec-33] INFO  com.knockfish.aspect.LogAspect - [查询分类列表(含统计)] 请求成功 - 执行时间: 7ms
2026-07-30 12:46:03.054 [http-nio-8081-exec-32] INFO  com.knockfish.security.JwtAuthenticationFilter - === 请求路径: /api/category/with-site-count, 方法: GET
2026-07-30 12:46:03.064 [http-nio-8081-exec-32] INFO  com.knockfish.aspect.LogAspect - [查询分类列表(含统计)] 请求开始 - GET /api/category/with-site-count - CategoryController.getCategoryWithSiteCountList - 参数: {"categoryName":null}, 1, 10
2026-07-30 12:46:03.069 [http-nio-8081-exec-32] INFO  com.knockfish.aspect.LogAspect - [查询分类列表(含统计)] 请求成功 - 执行时间: 4ms
2026-07-30 12:46:11.367 [http-nio-8081-exec-34] INFO  com.knockfish.security.JwtAuthenticationFilter - === 请求路径: /api/tag/page, 方法: GET
2026-07-30 12:46:11.388 [http-nio-8081-exec-34] INFO  com.knockfish.aspect.LogAspect - [查询标签列表] 请求开始 - GET /api/tag/page - TagController.getTagListVO - 参数: {"tagName":null}, 1, 10
2026-07-30 12:46:11.400 [http-nio-8081-exec-34] INFO  com.knockfish.aspect.LogAspect - [查询标签列表] 请求成功 - 执行时间: 12ms
2026-07-30 12:46:13.069 [http-nio-8081-exec-17] INFO  com.knockfish.security.JwtAuthenticationFilter - === 请求路径: /api/site/with-category, 方法: GET
2026-07-30 12:46:13.165 [http-nio-8081-exec-38] INFO  com.knockfish.security.JwtAuthenticationFilter - === 请求路径: /api/category/options, 方法: GET
2026-07-30 12:46:13.178 [http-nio-8081-exec-38] INFO  com.knockfish.aspect.LogAspect - [获取分类选项] 请求开始 - GET /api/category/options - CategoryController.getCategoryOption - 参数: 无
2026-07-30 12:46:13.181 [http-nio-8081-exec-38] INFO  com.knockfish.aspect.LogAspect - [获取分类选项] 请求成功 - 执行时间: 2ms
2026-07-30 12:46:39.243 [http-nio-8081-exec-39] INFO  com.knockfish.security.JwtAuthenticationFilter - === 请求路径: /api/site/with-category, 方法: GET
2026-07-30 12:46:39.306 [http-nio-8081-exec-40] INFO  com.knockfish.security.JwtAuthenticationFilter - === 请求路径: /api/category/options, 方法: GET
2026-07-30 12:46:39.313 [http-nio-8081-exec-40] INFO  com.knockfish.aspect.LogAspect - [获取分类选项] 请求开始 - GET /api/category/options - CategoryController.getCategoryOption - 参数: 无
2026-07-30 12:46:39.315 [http-nio-8081-exec-40] INFO  com.knockfish.aspect.LogAspect - [获取分类选项] 请求成功 - 执行时间: 2ms
2026-07-30 12:47:02.569 [http-nio-8081-exec-41] INFO  com.knockfish.security.JwtAuthenticationFilter - === 请求路径: /api/tag/page, 方法: GET
2026-07-30 12:47:02.578 [http-nio-8081-exec-41] INFO  com.knockfish.aspect.LogAspect - [查询标签列表] 请求开始 - GET /api/tag/page - TagController.getTagListVO - 参数: {"tagName":null}, 1, 10
2026-07-30 12:47:02.581 [http-nio-8081-exec-41] INFO  com.knockfish.aspect.LogAspect - [查询标签列表] 请求成功 - 执行时间: 3ms
2026-07-30 12:47:05.933 [http-nio-8081-exec-21] INFO  com.knockfish.security.JwtAuthenticationFilter - === 请求路径: /api/category/with-site-count, 方法: GET
2026-07-30 12:47:05.944 [http-nio-8081-exec-21] INFO  com.knockfish.aspect.LogAspect - [查询分类列表(含统计)] 请求开始 - GET /api/category/with-site-count - CategoryController.getCategoryWithSiteCountList - 参数: {"categoryName":null}, 1, 10
2026-07-30 12:47:05.947 [http-nio-8081-exec-21] INFO  com.knockfish.aspect.LogAspect - [查询分类列表(含统计)] 请求成功 - 执行时间: 3ms
2026-07-30 13:24:03.359 [http-nio-8081-exec-45] INFO  com.knockfish.security.JwtAuthenticationFilter - === 请求路径: /api/link/page, 方法: GET
2026-07-30 13:24:03.379 [http-nio-8081-exec-45] INFO  com.knockfish.aspect.LogAspect - [查询友链列表] 请求开始 - GET /api/link/page - LinkController.getLinkListVO - 参数: {"linkName":null}, 1, 10
2026-07-30 13:24:03.394 [http-nio-8081-exec-45] INFO  com.knockfish.aspect.LogAspect - [查询友链列表] 请求成功 - 执行时间: 15ms
2026-07-30 13:24:51.082 [http-nio-8081-exec-46] INFO  com.knockfish.security.JwtAuthenticationFilter - === 请求路径: /api/link/page, 方法: GET
2026-07-30 13:24:51.091 [http-nio-8081-exec-46] INFO  com.knockfish.aspect.LogAspect - [查询友链列表] 请求开始 - GET /api/link/page - LinkController.getLinkListVO - 参数: {"linkName":null}, 1, 10
2026-07-30 13:24:51.094 [http-nio-8081-exec-46] INFO  com.knockfish.aspect.LogAspect - [查询友链列表] 请求成功 - 执行时间: 3ms
2026-07-30 13:25:07.892 [http-nio-8081-exec-22] INFO  com.knockfish.security.JwtAuthenticationFilter - === 请求路径: /api/link/page, 方法: GET
2026-07-30 13:25:07.896 [http-nio-8081-exec-22] INFO  com.knockfish.aspect.LogAspect - [查询友链列表] 请求开始 - GET /api/link/page - LinkController.getLinkListVO - 参数: {"linkName":null}, 1, 10
2026-07-30 13:25:07.908 [http-nio-8081-exec-22] INFO  com.knockfish.aspect.LogAspect - [查询友链列表] 请求成功 - 执行时间: 12ms
2026-07-30 13:25:25.854 [http-nio-8081-exec-49] INFO  com.knockfish.security.JwtAuthenticationFilter - === 请求路径: /api/user/page, 方法: GET
2026-07-30 13:25:25.861 [http-nio-8081-exec-49] INFO  com.knockfish.aspect.LogAspect - [查询用户列表] 请求开始 - GET /api/user/page - UserController.getUserList - 参数: {"username":null,"nickname":null,"email":null}, 1, 10
2026-07-30 13:25:25.874 [http-nio-8081-exec-49] INFO  com.knockfish.aspect.LogAspect - [查询用户列表] 请求成功 - 执行时间: 13ms
2026-07-30 13:25:27.982 [http-nio-8081-exec-1] INFO  com.knockfish.security.JwtAuthenticationFilter - === 请求路径: /api/permission, 方法: GET
2026-07-30 13:25:29.803 [http-nio-8081-exec-16] INFO  com.knockfish.security.JwtAuthenticationFilter - === 请求路径: /api/role/with-permission, 方法: GET
2026-07-30 13:56:25.852 [http-nio-8081-exec-6] INFO  com.knockfish.security.JwtAuthenticationFilter - === 请求路径: /api/role/with-permission, 方法: GET
2026-07-30 13:56:51.698 [http-nio-8081-exec-5] INFO  com.knockfish.security.JwtAuthenticationFilter - === 请求路径: /api/role/with-permission, 方法: GET
2026-07-30 13:56:57.909 [http-nio-8081-exec-4] INFO  com.knockfish.security.JwtAuthenticationFilter - === 请求路径: /api/role/with-permission, 方法: GET
2026-07-30 14:05:38.016 [http-nio-8081-exec-9] INFO  com.knockfish.security.JwtAuthenticationFilter - === 请求路径: /api/site/with-category, 方法: GET
2026-07-30 14:05:38.210 [http-nio-8081-exec-12] INFO  com.knockfish.security.JwtAuthenticationFilter - === 请求路径: /api/category/options, 方法: GET
2026-07-30 14:05:38.231 [http-nio-8081-exec-12] INFO  com.knockfish.aspect.LogAspect - [获取分类选项] 请求开始 - GET /api/category/options - CategoryController.getCategoryOption - 参数: 无
2026-07-30 14:05:38.234 [http-nio-8081-exec-12] INFO  com.knockfish.aspect.LogAspect - [获取分类选项] 请求成功 - 执行时间: 2ms
2026-07-30 14:05:42.896 [http-nio-8081-exec-29] INFO  com.knockfish.security.JwtAuthenticationFilter - === 请求路径: /api/user/page, 方法: GET
2026-07-30 14:05:42.907 [http-nio-8081-exec-29] INFO  com.knockfish.aspect.LogAspect - [查询用户列表] 请求开始 - GET /api/user/page - UserController.getUserList - 参数: {"username":null,"nickname":null,"email":null}, 1, 10
2026-07-30 14:05:42.933 [http-nio-8081-exec-29] INFO  com.knockfish.aspect.LogAspect - [查询用户列表] 请求成功 - 执行时间: 26ms
2026-07-30 14:05:44.524 [http-nio-8081-exec-3] INFO  com.knockfish.security.JwtAuthenticationFilter - === 请求路径: /api/role/with-permission, 方法: GET
2026-07-30 14:14:16.897 [http-nio-8081-exec-36] INFO  com.knockfish.security.JwtAuthenticationFilter - === 请求路径: /api/role/with-permission, 方法: GET
2026-07-30 14:16:12.685 [http-nio-8081-exec-20] INFO  com.knockfish.security.JwtAuthenticationFilter - === 请求路径: /api/role/with-permission, 方法: GET
2026-07-30 14:16:19.210 [http-nio-8081-exec-19] INFO  com.knockfish.security.JwtAuthenticationFilter - === 请求路径: /api/role/with-permission, 方法: GET
2026-07-30 14:16:44.350 [http-nio-8081-exec-48] INFO  com.knockfish.security.JwtAuthenticationFilter - === 请求路径: /api/role/with-permission, 方法: GET
2026-07-30 14:17:02.695 [http-nio-8081-exec-23] INFO  com.knockfish.security.JwtAuthenticationFilter - === 请求路径: /api/role/with-permission, 方法: GET
2026-07-30 14:17:21.313 [http-nio-8081-exec-42] INFO  com.knockfish.security.JwtAuthenticationFilter - === 请求路径: /api/role/with-permission, 方法: GET
2026-07-30 14:17:35.174 [http-nio-8081-exec-24] INFO  com.knockfish.security.JwtAuthenticationFilter - === 请求路径: /api/role/with-permission, 方法: GET
2026-07-30 14:21:05.526 [http-nio-8081-exec-26] INFO  com.knockfish.security.JwtAuthenticationFilter - === 请求路径: /api/permission, 方法: GET
2026-07-30 14:21:05.677 [http-nio-8081-exec-28] INFO  com.knockfish.security.JwtAuthenticationFilter - === 请求路径: /api/permission/role/ids/1, 方法: GET
2026-07-30 14:41:00.857 [http-nio-8081-exec-31] INFO  com.knockfish.security.JwtAuthenticationFilter - === 请求路径: /api/role/with-permission, 方法: GET
2026-07-30 14:41:03.539 [http-nio-8081-exec-33] INFO  com.knockfish.security.JwtAuthenticationFilter - === 请求路径: /api/role/with-permission, 方法: GET
2026-07-30 14:41:13.036 [http-nio-8081-exec-32] INFO  com.knockfish.security.JwtAuthenticationFilter - === 请求路径: /api/role/with-permission, 方法: GET
2026-07-30 14:41:57.124 [http-nio-8081-exec-18] INFO  com.knockfish.security.JwtAuthenticationFilter - === 请求路径: /api/role/with-permission, 方法: GET
2026-07-30 14:42:29.411 [http-nio-8081-exec-37] INFO  com.knockfish.security.JwtAuthenticationFilter - === 请求路径: /api/role/with-permission, 方法: GET
2026-07-30 14:42:57.333 [http-nio-8081-exec-39] INFO  com.knockfish.security.JwtAuthenticationFilter - === 请求路径: /api/permission, 方法: GET
2026-07-30 14:42:57.584 [http-nio-8081-exec-41] INFO  com.knockfish.security.JwtAuthenticationFilter - === 请求路径: /api/permission/role/ids/6, 方法: GET
2026-07-30 14:43:32.888 [http-nio-8081-exec-43] INFO  com.knockfish.security.JwtAuthenticationFilter - === 请求路径: /api/role/with-permission, 方法: GET
2026-07-30 14:43:59.752 [http-nio-8081-exec-44] INFO  com.knockfish.security.JwtAuthenticationFilter - === 请求路径: /api/permission, 方法: GET
2026-07-30 14:44:08.586 [http-nio-8081-exec-47] INFO  com.knockfish.security.JwtAuthenticationFilter - === 请求路径: /api/note, 方法: GET
2026-07-30 14:44:08.687 [http-nio-8081-exec-47] INFO  com.knockfish.aspect.LogAspect - [获取笔记列表] 请求开始 - GET /api/note - NoteController.getNoteList - 参数: {"noteTitle":null}, 1, 10
2026-07-30 14:44:08.987 [http-nio-8081-exec-47] INFO  com.knockfish.aspect.LogAspect - [获取笔记列表] 请求成功 - 执行时间: 300ms
2026-07-30 14:44:14.683 [http-nio-8081-exec-22] INFO  com.knockfish.security.JwtAuthenticationFilter - === 请求路径: /api/code-category, 方法: GET
2026-07-30 14:44:14.723 [http-nio-8081-exec-22] INFO  com.knockfish.aspect.LogAspect - [查询代码分类列表] 请求开始 - GET /api/code-category - CodeCategoryController.getCodeCategoryList - 参数: {"codeCategoryName":null}, 1, 10
2026-07-30 14:44:14.818 [http-nio-8081-exec-22] INFO  com.knockfish.aspect.LogAspect - [查询代码分类列表] 请求成功 - 执行时间: 94ms
2026-07-30 14:47:55.991 [http-nio-8081-exec-50] INFO  com.knockfish.security.JwtAuthenticationFilter - === 请求路径: /api/code-category, 方法: GET
2026-07-30 14:47:56.029 [http-nio-8081-exec-50] INFO  com.knockfish.aspect.LogAspect - [查询代码分类列表] 请求开始 - GET /api/code-category - CodeCategoryController.getCodeCategoryList - 参数: {"codeCategoryName":null}, 1, 10
2026-07-30 14:47:56.054 [http-nio-8081-exec-50] INFO  com.knockfish.aspect.LogAspect - [查询代码分类列表] 请求成功 - 执行时间: 25ms
2026-07-30 14:48:22.107 [http-nio-8081-exec-1] INFO  com.knockfish.security.JwtAuthenticationFilter - === 请求路径: /api/code-category, 方法: GET
2026-07-30 14:48:22.139 [http-nio-8081-exec-1] INFO  com.knockfish.aspect.LogAspect - [查询代码分类列表] 请求开始 - GET /api/code-category - CodeCategoryController.getCodeCategoryList - 参数: {"codeCategoryName":null}, 1, 10
2026-07-30 14:48:22.155 [http-nio-8081-exec-1] INFO  com.knockfish.aspect.LogAspect - [查询代码分类列表] 请求成功 - 执行时间: 15ms
2026-07-30 14:48:39.667 [http-nio-8081-exec-2] INFO  com.knockfish.security.JwtAuthenticationFilter - === 请求路径: /api/site/with-category, 方法: GET
2026-07-30 14:48:39.946 [http-nio-8081-exec-16] INFO  com.knockfish.security.JwtAuthenticationFilter - === 请求路径: /api/category/options, 方法: GET
2026-07-30 14:48:39.981 [http-nio-8081-exec-16] INFO  com.knockfish.aspect.LogAspect - [获取分类选项] 请求开始 - GET /api/category/options - CategoryController.getCategoryOption - 参数: 无
2026-07-30 14:48:39.986 [http-nio-8081-exec-16] INFO  com.knockfish.aspect.LogAspect - [获取分类选项] 请求成功 - 执行时间: 5ms
2026-07-30 14:48:41.683 [http-nio-8081-exec-6] INFO  com.knockfish.security.JwtAuthenticationFilter - === 请求路径: /api/category/with-site-count, 方法: GET
2026-07-30 14:48:41.710 [http-nio-8081-exec-6] INFO  com.knockfish.aspect.LogAspect - [查询分类列表(含统计)] 请求开始 - GET /api/category/with-site-count - CategoryController.getCategoryWithSiteCountList - 参数: {"categoryName":null}, 1, 10
2026-07-30 14:48:41.730 [http-nio-8081-exec-6] INFO  com.knockfish.aspect.LogAspect - [查询分类列表(含统计)] 请求成功 - 执行时间: 19ms
2026-07-30 14:48:45.763 [http-nio-8081-exec-5] INFO  com.knockfish.security.JwtAuthenticationFilter - === 请求路径: /api/user/page, 方法: GET
2026-07-30 14:48:45.788 [http-nio-8081-exec-5] INFO  com.knockfish.aspect.LogAspect - [查询用户列表] 请求开始 - GET /api/user/page - UserController.getUserList - 参数: {"username":null,"nickname":null,"email":null}, 1, 10
2026-07-30 14:48:45.828 [http-nio-8081-exec-5] INFO  com.knockfish.aspect.LogAspect - [查询用户列表] 请求成功 - 执行时间: 40ms
2026-07-30 14:48:47.667 [http-nio-8081-exec-4] INFO  com.knockfish.security.JwtAuthenticationFilter - === 请求路径: /api/role/with-permission, 方法: GET
2026-07-30 14:48:57.634 [http-nio-8081-exec-10] INFO  com.knockfish.security.JwtAuthenticationFilter - === 请求路径: /api/article/list, 方法: GET
2026-07-30 14:48:57.781 [http-nio-8081-exec-10] INFO  com.knockfish.aspect.LogAspect - [查询文章列表] 请求开始 - GET /api/article/list - ArticleController.getArticleList - 参数: {"userId":null,"title":null}, 1, 10
2026-07-30 14:48:57.880 [http-nio-8081-exec-10] INFO  com.knockfish.aspect.LogAspect - [查询文章列表] 请求成功 - 执行时间: 98ms
2026-07-30 14:49:00.020 [http-nio-8081-exec-11] INFO  com.knockfish.security.JwtAuthenticationFilter - === 请求路径: /api/tag/page, 方法: GET
2026-07-30 14:49:00.055 [http-nio-8081-exec-11] INFO  com.knockfish.aspect.LogAspect - [查询标签列表] 请求开始 - GET /api/tag/page - TagController.getTagListVO - 参数: {"tagName":null}, 1, 10
2026-07-30 14:49:00.084 [http-nio-8081-exec-11] INFO  com.knockfish.aspect.LogAspect - [查询标签列表] 请求成功 - 执行时间: 28ms
2026-07-30 14:49:05.385 [http-nio-8081-exec-12] INFO  com.knockfish.security.JwtAuthenticationFilter - === 请求路径: /api/code-category, 方法: GET
2026-07-30 14:49:05.405 [http-nio-8081-exec-12] INFO  com.knockfish.aspect.LogAspect - [查询代码分类列表] 请求开始 - GET /api/code-category - CodeCategoryController.getCodeCategoryList - 参数: {"codeCategoryName":null}, 1, 10
2026-07-30 14:49:05.428 [http-nio-8081-exec-12] INFO  com.knockfish.aspect.LogAspect - [查询代码分类列表] 请求成功 - 执行时间: 22ms
2026-07-30 14:49:07.283 [http-nio-8081-exec-29] INFO  com.knockfish.security.JwtAuthenticationFilter - === 请求路径: /api/code-category/menu, 方法: GET
2026-07-30 14:49:07.284 [http-nio-8081-exec-29] INFO  com.knockfish.aspect.LogAspect - [获取代码分类菜单] 请求开始 - GET /api/code-category/menu - CodeCategoryController.getMenuList - 参数: 无
2026-07-30 14:49:07.290 [http-nio-8081-exec-29] INFO  com.knockfish.aspect.LogAspect - [获取代码分类菜单] 请求成功 - 执行时间: 6ms
2026-07-30 14:49:07.384 [http-nio-8081-exec-35] INFO  com.knockfish.security.JwtAuthenticationFilter - === 请求路径: /api/code-snippet/list/0, 方法: GET
2026-07-30 14:49:07.393 [http-nio-8081-exec-35] INFO  com.knockfish.aspect.LogAspect - [获取代码片段列表] 请求开始 - GET /api/code-snippet/list/0 - CodeSnippetController.getCodeSnippetListByCategoryId - 参数: 0, 1, 10
2026-07-30 14:49:07.422 [http-nio-8081-exec-35] INFO  com.knockfish.aspect.LogAspect - [获取代码片段列表] 请求成功 - 执行时间: 28ms
2026-07-30 14:49:21.827 [http-nio-8081-exec-36] INFO  com.knockfish.security.JwtAuthenticationFilter - === 请求路径: /api/note, 方法: GET
2026-07-30 14:49:21.828 [http-nio-8081-exec-36] INFO  com.knockfish.aspect.LogAspect - [获取笔记列表] 请求开始 - GET /api/note - NoteController.getNoteList - 参数: {"noteTitle":null}, 1, 10
2026-07-30 14:49:21.893 [http-nio-8081-exec-36] INFO  com.knockfish.aspect.LogAspect - [获取笔记列表] 请求成功 - 执行时间: 64ms
2026-07-30 14:50:16.633 [http-nio-8081-exec-20] INFO  com.knockfish.security.JwtAuthenticationFilter - === 请求路径: /api/note, 方法: GET
2026-07-30 14:50:16.638 [http-nio-8081-exec-20] INFO  com.knockfish.aspect.LogAspect - [获取笔记列表] 请求开始 - GET /api/note - NoteController.getNoteList - 参数: {"noteTitle":null}, 1, 10
2026-07-30 14:50:16.757 [http-nio-8081-exec-20] INFO  com.knockfish.aspect.LogAspect - [获取笔记列表] 请求成功 - 执行时间: 118ms
2026-07-30 14:50:46.079 [http-nio-8081-exec-19] INFO  com.knockfish.security.JwtAuthenticationFilter - === 请求路径: /api/category/with-site-count, 方法: GET
2026-07-30 14:50:46.102 [http-nio-8081-exec-19] INFO  com.knockfish.aspect.LogAspect - [查询分类列表(含统计)] 请求开始 - GET /api/category/with-site-count - CategoryController.getCategoryWithSiteCountList - 参数: {"categoryName":null}, 1, 10
2026-07-30 14:50:46.119 [http-nio-8081-exec-19] INFO  com.knockfish.aspect.LogAspect - [查询分类列表(含统计)] 请求成功 - 执行时间: 16ms
2026-07-30 14:50:49.242 [http-nio-8081-exec-48] INFO  com.knockfish.security.JwtAuthenticationFilter - === 请求路径: /api/user/page, 方法: GET
2026-07-30 14:50:49.264 [http-nio-8081-exec-48] INFO  com.knockfish.aspect.LogAspect - [查询用户列表] 请求开始 - GET /api/user/page - UserController.getUserList - 参数: {"username":null,"nickname":null,"email":null}, 1, 10
2026-07-30 14:50:49.289 [http-nio-8081-exec-48] INFO  com.knockfish.aspect.LogAspect - [查询用户列表] 请求成功 - 执行时间: 24ms
2026-07-30 14:50:52.712 [http-nio-8081-exec-23] INFO  com.knockfish.security.JwtAuthenticationFilter - === 请求路径: /api/user/page, 方法: GET
2026-07-30 14:50:52.739 [http-nio-8081-exec-23] INFO  com.knockfish.aspect.LogAspect - [查询用户列表] 请求开始 - GET /api/user/page - UserController.getUserList - 参数: {"username":null,"nickname":null,"email":null}, 1, 10
2026-07-30 14:50:52.764 [http-nio-8081-exec-23] INFO  com.knockfish.aspect.LogAspect - [查询用户列表] 请求成功 - 执行时间: 25ms
2026-07-30 14:50:55.324 [http-nio-8081-exec-42] INFO  com.knockfish.security.JwtAuthenticationFilter - === 请求路径: /api/user/page, 方法: GET
2026-07-30 14:50:55.341 [http-nio-8081-exec-42] INFO  com.knockfish.aspect.LogAspect - [查询用户列表] 请求开始 - GET /api/user/page - UserController.getUserList - 参数: {"username":null,"nickname":null,"email":null}, 1, 10
2026-07-30 14:50:55.358 [http-nio-8081-exec-42] INFO  com.knockfish.aspect.LogAspect - [查询用户列表] 请求成功 - 执行时间: 16ms
2026-07-30 14:51:15.104 [http-nio-8081-exec-24] INFO  com.knockfish.security.JwtAuthenticationFilter - === 请求路径: /api/site/with-category, 方法: GET
2026-07-30 14:51:15.232 [http-nio-8081-exec-13] INFO  com.knockfish.security.JwtAuthenticationFilter - === 请求路径: /api/category/options, 方法: GET
2026-07-30 14:51:15.263 [http-nio-8081-exec-13] INFO  com.knockfish.aspect.LogAspect - [获取分类选项] 请求开始 - GET /api/category/options - CategoryController.getCategoryOption - 参数: 无
2026-07-30 14:51:15.266 [http-nio-8081-exec-13] INFO  com.knockfish.aspect.LogAspect - [获取分类选项] 请求成功 - 执行时间: 3ms
2026-07-30 14:51:17.362 [http-nio-8081-exec-26] INFO  com.knockfish.security.JwtAuthenticationFilter - === 请求路径: /api/code-category, 方法: GET
2026-07-30 14:51:17.379 [http-nio-8081-exec-26] INFO  com.knockfish.aspect.LogAspect - [查询代码分类列表] 请求开始 - GET /api/code-category - CodeCategoryController.getCodeCategoryList - 参数: {"codeCategoryName":null}, 1, 10
2026-07-30 14:51:17.388 [http-nio-8081-exec-26] INFO  com.knockfish.aspect.LogAspect - [查询代码分类列表] 请求成功 - 执行时间: 9ms
2026-07-30 14:51:39.496 [http-nio-8081-exec-27] INFO  com.knockfish.security.JwtAuthenticationFilter - === 请求路径: /api/site/with-category, 方法: GET
2026-07-30 14:51:39.641 [http-nio-8081-exec-28] INFO  com.knockfish.security.JwtAuthenticationFilter - === 请求路径: /api/category/options, 方法: GET
2026-07-30 14:51:39.655 [http-nio-8081-exec-28] INFO  com.knockfish.aspect.LogAspect - [获取分类选项] 请求开始 - GET /api/category/options - CategoryController.getCategoryOption - 参数: 无
2026-07-30 14:51:39.657 [http-nio-8081-exec-28] INFO  com.knockfish.aspect.LogAspect - [获取分类选项] 请求成功 - 执行时间: 2ms
2026-07-30 14:58:36.707 [http-nio-8081-exec-31] INFO  com.knockfish.security.JwtAuthenticationFilter - === 请求路径: /api/site/with-category, 方法: GET
2026-07-30 14:58:38.850 [http-nio-8081-exec-32] INFO  com.knockfish.security.JwtAuthenticationFilter - === 请求路径: /api/site/with-category, 方法: GET
2026-07-30 14:58:50.759 [http-nio-8081-exec-34] INFO  com.knockfish.security.JwtAuthenticationFilter - === 请求路径: /api/category/with-site-count, 方法: GET
2026-07-30 14:58:50.770 [http-nio-8081-exec-34] INFO  com.knockfish.aspect.LogAspect - [查询分类列表(含统计)] 请求开始 - GET /api/category/with-site-count - CategoryController.getCategoryWithSiteCountList - 参数: {"categoryName":null}, 1, 10
2026-07-30 14:58:50.782 [http-nio-8081-exec-34] INFO  com.knockfish.aspect.LogAspect - [查询分类列表(含统计)] 请求成功 - 执行时间: 11ms
2026-07-30 14:58:53.802 [http-nio-8081-exec-18] INFO  com.knockfish.security.JwtAuthenticationFilter - === 请求路径: /api/tag/page, 方法: GET
2026-07-30 14:58:53.817 [http-nio-8081-exec-18] INFO  com.knockfish.aspect.LogAspect - [查询标签列表] 请求开始 - GET /api/tag/page - TagController.getTagListVO - 参数: {"tagName":null}, 1, 10
2026-07-30 14:58:53.832 [http-nio-8081-exec-18] INFO  com.knockfish.aspect.LogAspect - [查询标签列表] 请求成功 - 执行时间: 15ms
2026-07-30 14:58:55.232 [http-nio-8081-exec-17] INFO  com.knockfish.security.JwtAuthenticationFilter - === 请求路径: /api/article/list, 方法: GET
2026-07-30 14:58:55.251 [http-nio-8081-exec-17] INFO  com.knockfish.aspect.LogAspect - [查询文章列表] 请求开始 - GET /api/article/list - ArticleController.getArticleList - 参数: {"userId":null,"title":null}, 1, 10
2026-07-30 14:58:55.276 [http-nio-8081-exec-17] INFO  com.knockfish.aspect.LogAspect - [查询文章列表] 请求成功 - 执行时间: 25ms
2026-07-30 14:58:58.785 [http-nio-8081-exec-39] INFO  com.knockfish.security.JwtAuthenticationFilter - === 请求路径: /api/dashboard/overview, 方法: GET
2026-07-30 14:58:58.790 [http-nio-8081-exec-40] INFO  com.knockfish.security.JwtAuthenticationFilter - === 请求路径: /api/dashboard/activities, 方法: GET
2026-07-30 14:58:58.808 [http-nio-8081-exec-39] INFO  com.knockfish.aspect.LogAspect - [获取仪表盘概览] 请求开始 - GET /api/dashboard/overview - DashboardController.getOverview - 参数: 无
2026-07-30 14:58:58.815 [http-nio-8081-exec-40] INFO  com.knockfish.aspect.LogAspect - [获取最近动态] 请求开始 - GET /api/dashboard/activities - DashboardController.getActivities - 参数: 10
2026-07-30 14:58:58.826 [http-nio-8081-exec-40] INFO  com.knockfish.aspect.LogAspect - [获取最近动态] 请求成功 - 执行时间: 11ms
2026-07-30 14:58:58.852 [http-nio-8081-exec-39] INFO  com.knockfish.aspect.LogAspect - [获取仪表盘概览] 请求成功 - 执行时间: 42ms
2026-07-30 14:59:00.860 [http-nio-8081-exec-21] INFO  com.knockfish.security.JwtAuthenticationFilter - === 请求路径: /api/dashboard/article-trend, 方法: GET
2026-07-30 14:59:00.884 [http-nio-8081-exec-21] INFO  com.knockfish.aspect.LogAspect - [获取文章发布趋势] 请求开始 - GET /api/dashboard/article-trend - DashboardController.getArticleTrend - 参数: "monthly", null
2026-07-30 14:59:00.894 [http-nio-8081-exec-21] INFO  com.knockfish.aspect.LogAspect - [获取文章发布趋势] 请求成功 - 执行时间: 9ms
2026-07-30 14:59:00.934 [http-nio-8081-exec-44] INFO  com.knockfish.security.JwtAuthenticationFilter - === 请求路径: /api/dashboard/category-stats, 方法: GET
2026-07-30 14:59:00.961 [http-nio-8081-exec-44] INFO  com.knockfish.aspect.LogAspect - [获取文章分类统计] 请求开始 - GET /api/dashboard/category-stats - DashboardController.getCategoryStats - 参数: 无
2026-07-30 14:59:00.974 [http-nio-8081-exec-44] INFO  com.knockfish.aspect.LogAspect - [获取文章分类统计] 请求成功 - 执行时间: 13ms
2026-07-30 14:59:03.093 [http-nio-8081-exec-47] INFO  com.knockfish.security.JwtAuthenticationFilter - === 请求路径: /api/dashboard/overview, 方法: GET
2026-07-30 14:59:03.107 [http-nio-8081-exec-22] INFO  com.knockfish.security.JwtAuthenticationFilter - === 请求路径: /api/dashboard/article-trend, 方法: GET
2026-07-30 14:59:03.108 [http-nio-8081-exec-49] INFO  com.knockfish.security.JwtAuthenticationFilter - === 请求路径: /api/dashboard/tag-cloud, 方法: GET
2026-07-30 14:59:03.108 [http-nio-8081-exec-50] INFO  com.knockfish.security.JwtAuthenticationFilter - === 请求路径: /api/dashboard/latest-articles, 方法: GET
2026-07-30 14:59:03.111 [http-nio-8081-exec-47] INFO  com.knockfish.aspect.LogAspect - [获取仪表盘概览] 请求开始 - GET /api/dashboard/overview - DashboardController.getOverview - 参数: 无
2026-07-30 14:59:03.135 [http-nio-8081-exec-49] INFO  com.knockfish.aspect.LogAspect - [获取标签云] 请求开始 - GET /api/dashboard/tag-cloud - DashboardController.getTagCloud - 参数: 无
2026-07-30 14:59:03.138 [http-nio-8081-exec-49] INFO  com.knockfish.aspect.LogAspect - [获取标签云] 请求成功 - 执行时间: 2ms
2026-07-30 14:59:03.139 [http-nio-8081-exec-50] INFO  com.knockfish.aspect.LogAspect - [获取最近文章] 请求开始 - GET /api/dashboard/latest-articles - DashboardController.getLatestArticles - 参数: 10
2026-07-30 14:59:03.141 [http-nio-8081-exec-50] INFO  com.knockfish.aspect.LogAspect - [获取最近文章] 请求成功 - 执行时间: 1ms
2026-07-30 14:59:03.143 [http-nio-8081-exec-22] INFO  com.knockfish.aspect.LogAspect - [获取文章发布趋势] 请求开始 - GET /api/dashboard/article-trend - DashboardController.getArticleTrend - 参数: "monthly", null
2026-07-30 14:59:03.147 [http-nio-8081-exec-22] INFO  com.knockfish.aspect.LogAspect - [获取文章发布趋势] 请求成功 - 执行时间: 4ms
2026-07-30 14:59:03.182 [http-nio-8081-exec-47] INFO  com.knockfish.aspect.LogAspect - [获取仪表盘概览] 请求成功 - 执行时间: 71ms
2026-07-30 14:59:05.095 [http-nio-8081-exec-1] INFO  com.knockfish.security.JwtAuthenticationFilter - === 请求路径: /api/site/with-category, 方法: GET
2026-07-30 14:59:05.238 [http-nio-8081-exec-2] INFO  com.knockfish.security.JwtAuthenticationFilter - === 请求路径: /api/category/options, 方法: GET
2026-07-30 14:59:05.255 [http-nio-8081-exec-2] INFO  com.knockfish.aspect.LogAspect - [获取分类选项] 请求开始 - GET /api/category/options - CategoryController.getCategoryOption - 参数: 无
2026-07-30 14:59:05.257 [http-nio-8081-exec-2] INFO  com.knockfish.aspect.LogAspect - [获取分类选项] 请求成功 - 执行时间: 2ms
2026-07-30 14:59:18.409 [http-nio-8081-exec-7] INFO  com.knockfish.security.JwtAuthenticationFilter - === 请求路径: /api/r2-file/prefix, 方法: GET
2026-07-30 14:59:24.644 [http-nio-8081-exec-5] INFO  com.knockfish.security.JwtAuthenticationFilter - === 请求路径: /api/file-reference/all, 方法: GET
2026-07-30 14:59:24.649 [http-nio-8081-exec-5] INFO  com.knockfish.aspect.LogAspect - [查询所有文件引用] 请求开始 - GET /api/file-reference/all - FileReferenceController.selectAllNoPage - 参数: 无
2026-07-30 14:59:24.650 [http-nio-8081-exec-5] INFO  com.knockfish.controller.FileReferenceController - 查询所有文件引用
2026-07-30 14:59:24.687 [http-nio-8081-exec-5] INFO  com.knockfish.aspect.LogAspect - [查询所有文件引用] 请求成功 - 执行时间: 37ms
2026-07-30 14:59:24.702 [http-nio-8081-exec-8] INFO  com.knockfish.security.JwtAuthenticationFilter - === 请求路径: /api/file-reference/referenced-paths, 方法: GET
2026-07-30 14:59:24.704 [http-nio-8081-exec-8] INFO  com.knockfish.aspect.LogAspect - [查询所有被引用的文件路径] 请求开始 - GET /api/file-reference/referenced-paths - FileReferenceController.selectAllReferencedPaths - 参数: 无
2026-07-30 14:59:24.704 [http-nio-8081-exec-8] INFO  com.knockfish.controller.FileReferenceController - 查询所有被引用的文件路径
2026-07-30 14:59:24.706 [http-nio-8081-exec-8] INFO  com.knockfish.aspect.LogAspect - [查询所有被引用的文件路径] 请求成功 - 执行时间: 2ms
2026-07-30 14:59:28.010 [http-nio-8081-exec-10] INFO  com.knockfish.security.JwtAuthenticationFilter - === 请求路径: /api/tag/page, 方法: GET
2026-07-30 14:59:28.029 [http-nio-8081-exec-10] INFO  com.knockfish.aspect.LogAspect - [查询标签列表] 请求开始 - GET /api/tag/page - TagController.getTagListVO - 参数: {"tagName":null}, 1, 10
2026-07-30 14:59:28.037 [http-nio-8081-exec-10] INFO  com.knockfish.aspect.LogAspect - [查询标签列表] 请求成功 - 执行时间: 8ms
2026-07-30 15:20:24.102 [http-nio-8081-exec-3] INFO  com.knockfish.security.JwtAuthenticationFilter - === 请求路径: /api/site/with-category, 方法: GET
2026-07-30 15:20:24.673 [http-nio-8081-exec-36] INFO  com.knockfish.security.JwtAuthenticationFilter - === 请求路径: /api/category/options, 方法: GET
2026-07-30 15:20:24.746 [http-nio-8081-exec-36] INFO  com.knockfish.aspect.LogAspect - [获取分类选项] 请求开始 - GET /api/category/options - CategoryController.getCategoryOption - 参数: 无
2026-07-30 15:20:24.810 [http-nio-8081-exec-36] INFO  com.knockfish.aspect.LogAspect - [获取分类选项] 请求成功 - 执行时间: 56ms
2026-07-30 16:42:30.836 [http-nio-8081-exec-20] INFO  com.knockfish.security.JwtAuthenticationFilter - === 请求路径: /api/site/with-category, 方法: GET
2026-07-30 16:42:31.877 [http-nio-8081-exec-23] INFO  com.knockfish.security.JwtAuthenticationFilter - === 请求路径: /api/category/options, 方法: GET
2026-07-30 16:42:31.948 [http-nio-8081-exec-23] INFO  com.knockfish.aspect.LogAspect - [获取分类选项] 请求开始 - GET /api/category/options - CategoryController.getCategoryOption - 参数: 无
2026-07-30 16:42:31.958 [http-nio-8081-exec-23] INFO  com.knockfish.aspect.LogAspect - [获取分类选项] 请求成功 - 执行时间: 10ms
2026-07-30 16:42:49.953 [http-nio-8081-exec-42] INFO  com.knockfish.security.JwtAuthenticationFilter - === 请求路径: /api/site/with-category, 方法: GET
2026-07-30 16:42:50.185 [http-nio-8081-exec-24] INFO  com.knockfish.security.JwtAuthenticationFilter - === 请求路径: /api/category/options, 方法: GET
2026-07-30 16:42:50.229 [http-nio-8081-exec-24] INFO  com.knockfish.aspect.LogAspect - [获取分类选项] 请求开始 - GET /api/category/options - CategoryController.getCategoryOption - 参数: 无
2026-07-30 16:42:50.232 [http-nio-8081-exec-24] INFO  com.knockfish.aspect.LogAspect - [获取分类选项] 请求成功 - 执行时间: 3ms
2026-07-30 16:43:17.933 [http-nio-8081-exec-13] INFO  com.knockfish.security.JwtAuthenticationFilter - === 请求路径: /api/site/with-category, 方法: GET
2026-07-30 16:43:18.154 [http-nio-8081-exec-26] INFO  com.knockfish.security.JwtAuthenticationFilter - === 请求路径: /api/category/options, 方法: GET
2026-07-30 16:43:18.193 [http-nio-8081-exec-26] INFO  com.knockfish.aspect.LogAspect - [获取分类选项] 请求开始 - GET /api/category/options - CategoryController.getCategoryOption - 参数: 无
2026-07-30 16:43:18.196 [http-nio-8081-exec-26] INFO  com.knockfish.aspect.LogAspect - [获取分类选项] 请求成功 - 执行时间: 2ms
2026-07-30 16:43:23.451 [http-nio-8081-exec-28] INFO  com.knockfish.security.JwtAuthenticationFilter - === 请求路径: /api/tag/page, 方法: GET
2026-07-30 16:43:23.486 [http-nio-8081-exec-28] INFO  com.knockfish.aspect.LogAspect - [查询标签列表] 请求开始 - GET /api/tag/page - TagController.getTagListVO - 参数: {"tagName":null}, 1, 10
2026-07-30 16:43:23.526 [http-nio-8081-exec-28] INFO  com.knockfish.aspect.LogAspect - [查询标签列表] 请求成功 - 执行时间: 40ms
2026-07-30 16:43:40.345 [http-nio-8081-exec-14] INFO  com.knockfish.security.JwtAuthenticationFilter - === 请求路径: /api/permission/user/1, 方法: GET
2026-07-30 16:43:59.918 [http-nio-8081-exec-33] INFO  com.knockfish.security.JwtAuthenticationFilter - === 请求路径: /api/note, 方法: GET
2026-07-30 16:43:59.927 [http-nio-8081-exec-33] INFO  com.knockfish.aspect.LogAspect - [获取笔记列表] 请求开始 - GET /api/note - NoteController.getNoteList - 参数: {"noteTitle":null}, 1, 10
2026-07-30 16:43:59.993 [http-nio-8081-exec-33] INFO  com.knockfish.aspect.LogAspect - [获取笔记列表] 请求成功 - 执行时间: 66ms
2026-07-30 16:45:01.510 [http-nio-8081-exec-37] INFO  com.knockfish.security.JwtAuthenticationFilter - === 请求路径: /api/dashboard/overview, 方法: GET
2026-07-30 16:45:01.513 [http-nio-8081-exec-38] INFO  com.knockfish.security.JwtAuthenticationFilter - === 请求路径: /api/dashboard/tag-cloud, 方法: GET
2026-07-30 16:45:01.515 [http-nio-8081-exec-40] INFO  com.knockfish.security.JwtAuthenticationFilter - === 请求路径: /api/dashboard/latest-articles, 方法: GET
2026-07-30 16:45:01.531 [http-nio-8081-exec-39] INFO  com.knockfish.security.JwtAuthenticationFilter - === 请求路径: /api/dashboard/article-trend, 方法: GET
2026-07-30 16:45:01.567 [http-nio-8081-exec-37] INFO  com.knockfish.aspect.LogAspect - [获取仪表盘概览] 请求开始 - GET /api/dashboard/overview - DashboardController.getOverview - 参数: 无
2026-07-30 16:45:01.804 [http-nio-8081-exec-39] INFO  com.knockfish.aspect.LogAspect - [获取文章发布趋势] 请求开始 - GET /api/dashboard/article-trend - DashboardController.getArticleTrend - 参数: "monthly", null
2026-07-30 16:45:01.824 [http-nio-8081-exec-38] INFO  com.knockfish.aspect.LogAspect - [获取标签云] 请求开始 - GET /api/dashboard/tag-cloud - DashboardController.getTagCloud - 参数: 无
2026-07-30 16:45:01.836 [http-nio-8081-exec-38] INFO  com.knockfish.aspect.LogAspect - [获取标签云] 请求成功 - 执行时间: 11ms
2026-07-30 16:45:01.839 [http-nio-8081-exec-39] INFO  com.knockfish.aspect.LogAspect - [获取文章发布趋势] 请求成功 - 执行时间: 35ms
2026-07-30 16:45:01.841 [http-nio-8081-exec-40] INFO  com.knockfish.aspect.LogAspect - [获取最近文章] 请求开始 - GET /api/dashboard/latest-articles - DashboardController.getLatestArticles - 参数: 10
2026-07-30 16:45:01.852 [http-nio-8081-exec-40] INFO  com.knockfish.aspect.LogAspect - [获取最近文章] 请求成功 - 执行时间: 11ms
2026-07-30 16:45:01.923 [http-nio-8081-exec-37] INFO  com.knockfish.aspect.LogAspect - [获取仪表盘概览] 请求成功 - 执行时间: 355ms
2026-07-30 16:45:21.666 [http-nio-8081-exec-43] INFO  com.knockfish.security.JwtAuthenticationFilter - === 请求路径: /api/dashboard/overview, 方法: GET
2026-07-30 16:45:21.668 [http-nio-8081-exec-44] INFO  com.knockfish.security.JwtAuthenticationFilter - === 请求路径: /api/dashboard/activities, 方法: GET
2026-07-30 16:45:21.690 [http-nio-8081-exec-44] INFO  com.knockfish.aspect.LogAspect - [获取最近动态] 请求开始 - GET /api/dashboard/activities - DashboardController.getActivities - 参数: 10
2026-07-30 16:45:21.694 [http-nio-8081-exec-44] INFO  com.knockfish.aspect.LogAspect - [获取最近动态] 请求成功 - 执行时间: 3ms
2026-07-30 16:45:21.700 [http-nio-8081-exec-43] INFO  com.knockfish.aspect.LogAspect - [获取仪表盘概览] 请求开始 - GET /api/dashboard/overview - DashboardController.getOverview - 参数: 无
2026-07-30 16:45:21.726 [http-nio-8081-exec-43] INFO  com.knockfish.aspect.LogAspect - [获取仪表盘概览] 请求成功 - 执行时间: 26ms
2026-07-30 16:45:21.902 [http-nio-8081-exec-45] INFO  com.knockfish.security.JwtAuthenticationFilter - === 请求路径: /api/dashboard/article-trend, 方法: GET
2026-07-30 16:45:21.934 [http-nio-8081-exec-45] INFO  com.knockfish.aspect.LogAspect - [获取文章发布趋势] 请求开始 - GET /api/dashboard/article-trend - DashboardController.getArticleTrend - 参数: "monthly", null
2026-07-30 16:45:21.938 [http-nio-8081-exec-45] INFO  com.knockfish.aspect.LogAspect - [获取文章发布趋势] 请求成功 - 执行时间: 4ms
2026-07-30 16:45:22.000 [http-nio-8081-exec-49] INFO  com.knockfish.security.JwtAuthenticationFilter - === 请求路径: /api/dashboard/category-stats, 方法: GET
2026-07-30 16:45:22.032 [http-nio-8081-exec-49] INFO  com.knockfish.aspect.LogAspect - [获取文章分类统计] 请求开始 - GET /api/dashboard/category-stats - DashboardController.getCategoryStats - 参数: 无
2026-07-30 16:45:22.036 [http-nio-8081-exec-49] INFO  com.knockfish.aspect.LogAspect - [获取文章分类统计] 请求成功 - 执行时间: 4ms
2026-07-30 16:47:38.040 [http-nio-8081-exec-2] INFO  com.knockfish.security.JwtAuthenticationFilter - === 请求路径: /api/dashboard/overview, 方法: GET
2026-07-30 16:47:38.044 [http-nio-8081-exec-16] INFO  com.knockfish.security.JwtAuthenticationFilter - === 请求路径: /api/dashboard/activities, 方法: GET
2026-07-30 16:47:38.061 [http-nio-8081-exec-2] INFO  com.knockfish.aspect.LogAspect - [获取仪表盘概览] 请求开始 - GET /api/dashboard/overview - DashboardController.getOverview - 参数: 无
2026-07-30 16:47:38.067 [http-nio-8081-exec-16] INFO  com.knockfish.aspect.LogAspect - [获取最近动态] 请求开始 - GET /api/dashboard/activities - DashboardController.getActivities - 参数: 10
2026-07-30 16:47:38.071 [http-nio-8081-exec-16] INFO  com.knockfish.aspect.LogAspect - [获取最近动态] 请求成功 - 执行时间: 4ms
2026-07-30 16:47:38.095 [http-nio-8081-exec-2] INFO  com.knockfish.aspect.LogAspect - [获取仪表盘概览] 请求成功 - 执行时间: 33ms
2026-07-30 16:47:39.993 [http-nio-8081-exec-7] INFO  com.knockfish.security.JwtAuthenticationFilter - === 请求路径: /api/dashboard/category-stats, 方法: GET
2026-07-30 16:47:40.011 [http-nio-8081-exec-7] INFO  com.knockfish.aspect.LogAspect - [获取文章分类统计] 请求开始 - GET /api/dashboard/category-stats - DashboardController.getCategoryStats - 参数: 无
2026-07-30 16:47:40.013 [http-nio-8081-exec-7] INFO  com.knockfish.aspect.LogAspect - [获取文章分类统计] 请求成功 - 执行时间: 2ms
2026-07-30 16:47:40.039 [http-nio-8081-exec-6] INFO  com.knockfish.security.JwtAuthenticationFilter - === 请求路径: /api/dashboard/article-trend, 方法: GET
2026-07-30 16:47:40.058 [http-nio-8081-exec-6] INFO  com.knockfish.aspect.LogAspect - [获取文章发布趋势] 请求开始 - GET /api/dashboard/article-trend - DashboardController.getArticleTrend - 参数: "monthly", null
2026-07-30 16:47:40.077 [http-nio-8081-exec-6] INFO  com.knockfish.aspect.LogAspect - [获取文章发布趋势] 请求成功 - 执行时间: 19ms
2026-07-30 16:48:16.514 [http-nio-8081-exec-10] INFO  com.knockfish.security.JwtAuthenticationFilter - === 请求路径: /api/category/with-site-count, 方法: GET
2026-07-30 16:48:16.539 [http-nio-8081-exec-10] INFO  com.knockfish.aspect.LogAspect - [查询分类列表(含统计)] 请求开始 - GET /api/category/with-site-count - CategoryController.getCategoryWithSiteCountList - 参数: {"categoryName":null}, 1, 10
2026-07-30 16:48:16.556 [http-nio-8081-exec-10] INFO  com.knockfish.aspect.LogAspect - [查询分类列表(含统计)] 请求成功 - 执行时间: 17ms
2026-07-30 16:48:27.531 [http-nio-8081-exec-9] INFO  com.knockfish.security.JwtAuthenticationFilter - === 请求路径: /api/link/page, 方法: GET
2026-07-30 16:48:27.556 [http-nio-8081-exec-9] INFO  com.knockfish.aspect.LogAspect - [查询友链列表] 请求开始 - GET /api/link/page - LinkController.getLinkListVO - 参数: {"linkName":null}, 1, 10
2026-07-30 16:48:27.579 [http-nio-8081-exec-9] INFO  com.knockfish.aspect.LogAspect - [查询友链列表] 请求成功 - 执行时间: 23ms
2026-07-30 16:48:28.473 [http-nio-8081-exec-15] INFO  com.knockfish.security.JwtAuthenticationFilter - === 请求路径: /api/article/list, 方法: GET
2026-07-30 16:48:28.501 [http-nio-8081-exec-15] INFO  com.knockfish.aspect.LogAspect - [查询文章列表] 请求开始 - GET /api/article/list - ArticleController.getArticleList - 参数: {"userId":null,"title":null}, 1, 10
2026-07-30 16:48:28.526 [http-nio-8081-exec-15] INFO  com.knockfish.aspect.LogAspect - [查询文章列表] 请求成功 - 执行时间: 25ms
2026-07-30 16:48:33.829 [http-nio-8081-exec-3] INFO  com.knockfish.security.JwtAuthenticationFilter - === 请求路径: /api/article/draft-count, 方法: GET
2026-07-30 16:48:33.875 [http-nio-8081-exec-3] INFO  com.knockfish.aspect.LogAspect - [获取草稿数量] 请求开始 - GET /api/article/draft-count - ArticleController.getDraftCount - 参数: 无
2026-07-30 16:48:33.878 [http-nio-8081-exec-3] INFO  com.knockfish.aspect.LogAspect - [获取草稿数量] 请求成功 - 执行时间: 3ms
2026-07-30 16:48:39.869 [http-nio-8081-exec-35] INFO  com.knockfish.security.JwtAuthenticationFilter - === 请求路径: /api/article/draft-count, 方法: GET
2026-07-30 16:48:39.884 [http-nio-8081-exec-35] INFO  com.knockfish.aspect.LogAspect - [获取草稿数量] 请求开始 - GET /api/article/draft-count - ArticleController.getDraftCount - 参数: 无
2026-07-30 16:48:39.886 [http-nio-8081-exec-35] INFO  com.knockfish.aspect.LogAspect - [获取草稿数量] 请求成功 - 执行时间: 1ms
2026-07-30 16:48:42.305 [http-nio-8081-exec-36] INFO  com.knockfish.security.JwtAuthenticationFilter - === 请求路径: /api/dashboard/overview, 方法: GET
2026-07-30 16:48:42.306 [http-nio-8081-exec-25] INFO  com.knockfish.security.JwtAuthenticationFilter - === 请求路径: /api/dashboard/activities, 方法: GET
2026-07-30 16:48:42.336 [http-nio-8081-exec-36] INFO  com.knockfish.aspect.LogAspect - [获取仪表盘概览] 请求开始 - GET /api/dashboard/overview - DashboardController.getOverview - 参数: 无
2026-07-30 16:48:42.351 [http-nio-8081-exec-25] INFO  com.knockfish.aspect.LogAspect - [获取最近动态] 请求开始 - GET /api/dashboard/activities - DashboardController.getActivities - 参数: 10
2026-07-30 16:48:42.357 [http-nio-8081-exec-25] INFO  com.knockfish.aspect.LogAspect - [获取最近动态] 请求成功 - 执行时间: 6ms
2026-07-30 16:48:42.379 [http-nio-8081-exec-36] INFO  com.knockfish.aspect.LogAspect - [获取仪表盘概览] 请求成功 - 执行时间: 42ms
2026-07-30 16:48:45.457 [http-nio-8081-exec-19] INFO  com.knockfish.security.JwtAuthenticationFilter - === 请求路径: /api/dashboard/article-trend, 方法: GET
2026-07-30 16:48:45.474 [http-nio-8081-exec-19] INFO  com.knockfish.aspect.LogAspect - [获取文章发布趋势] 请求开始 - GET /api/dashboard/article-trend - DashboardController.getArticleTrend - 参数: "monthly", null
2026-07-30 16:48:45.476 [http-nio-8081-exec-19] INFO  com.knockfish.aspect.LogAspect - [获取文章发布趋势] 请求成功 - 执行时间: 1ms
2026-07-30 16:48:45.490 [http-nio-8081-exec-20] INFO  com.knockfish.security.JwtAuthenticationFilter - === 请求路径: /api/dashboard/category-stats, 方法: GET
2026-07-30 16:48:45.507 [http-nio-8081-exec-20] INFO  com.knockfish.aspect.LogAspect - [获取文章分类统计] 请求开始 - GET /api/dashboard/category-stats - DashboardController.getCategoryStats - 参数: 无
2026-07-30 16:48:45.510 [http-nio-8081-exec-20] INFO  com.knockfish.aspect.LogAspect - [获取文章分类统计] 请求成功 - 执行时间: 3ms
2026-07-30 16:48:50.269 [http-nio-8081-exec-23] INFO  com.knockfish.security.JwtAuthenticationFilter - === 请求路径: /api/dashboard/tag-cloud, 方法: GET
2026-07-30 16:48:50.269 [http-nio-8081-exec-48] INFO  com.knockfish.security.JwtAuthenticationFilter - === 请求路径: /api/dashboard/overview, 方法: GET
2026-07-30 16:48:50.274 [http-nio-8081-exec-24] INFO  com.knockfish.security.JwtAuthenticationFilter - === 请求路径: /api/dashboard/article-trend, 方法: GET
2026-07-30 16:48:50.274 [http-nio-8081-exec-42] INFO  com.knockfish.security.JwtAuthenticationFilter - === 请求路径: /api/dashboard/latest-articles, 方法: GET
2026-07-30 16:48:50.333 [http-nio-8081-exec-23] INFO  com.knockfish.aspect.LogAspect - [获取标签云] 请求开始 - GET /api/dashboard/tag-cloud - DashboardController.getTagCloud - 参数: 无
2026-07-30 16:48:50.336 [http-nio-8081-exec-23] INFO  com.knockfish.aspect.LogAspect - [获取标签云] 请求成功 - 执行时间: 2ms
2026-07-30 16:48:50.337 [http-nio-8081-exec-42] INFO  com.knockfish.aspect.LogAspect - [获取最近文章] 请求开始 - GET /api/dashboard/latest-articles - DashboardController.getLatestArticles - 参数: 10
2026-07-30 16:48:50.340 [http-nio-8081-exec-42] INFO  com.knockfish.aspect.LogAspect - [获取最近文章] 请求成功 - 执行时间: 3ms
2026-07-30 16:48:50.342 [http-nio-8081-exec-24] INFO  com.knockfish.aspect.LogAspect - [获取文章发布趋势] 请求开始 - GET /api/dashboard/article-trend - DashboardController.getArticleTrend - 参数: "monthly", null
2026-07-30 16:48:50.353 [http-nio-8081-exec-24] INFO  com.knockfish.aspect.LogAspect - [获取文章发布趋势] 请求成功 - 执行时间: 10ms
2026-07-30 16:48:50.382 [http-nio-8081-exec-48] INFO  com.knockfish.aspect.LogAspect - [获取仪表盘概览] 请求开始 - GET /api/dashboard/overview - DashboardController.getOverview - 参数: 无
2026-07-30 16:48:50.423 [http-nio-8081-exec-48] INFO  com.knockfish.aspect.LogAspect - [获取仪表盘概览] 请求成功 - 执行时间: 41ms
2026-07-30 16:48:59.280 [http-nio-8081-exec-13] INFO  com.knockfish.security.JwtAuthenticationFilter - === 请求路径: /api/dashboard/overview, 方法: GET
2026-07-30 16:48:59.280 [http-nio-8081-exec-26] INFO  com.knockfish.security.JwtAuthenticationFilter - === 请求路径: /api/dashboard/activities, 方法: GET
2026-07-30 16:48:59.299 [http-nio-8081-exec-13] INFO  com.knockfish.aspect.LogAspect - [获取仪表盘概览] 请求开始 - GET /api/dashboard/overview - DashboardController.getOverview - 参数: 无
2026-07-30 16:48:59.300 [http-nio-8081-exec-26] INFO  com.knockfish.aspect.LogAspect - [获取最近动态] 请求开始 - GET /api/dashboard/activities - DashboardController.getActivities - 参数: 10
2026-07-30 16:48:59.303 [http-nio-8081-exec-26] INFO  com.knockfish.aspect.LogAspect - [获取最近动态] 请求成功 - 执行时间: 2ms
2026-07-30 16:48:59.314 [http-nio-8081-exec-13] INFO  com.knockfish.aspect.LogAspect - [获取仪表盘概览] 请求成功 - 执行时间: 15ms
2026-07-30 16:48:59.507 [http-nio-8081-exec-27] INFO  com.knockfish.security.JwtAuthenticationFilter - === 请求路径: /api/dashboard/article-trend, 方法: GET
2026-07-30 16:48:59.529 [http-nio-8081-exec-27] INFO  com.knockfish.aspect.LogAspect - [获取文章发布趋势] 请求开始 - GET /api/dashboard/article-trend - DashboardController.getArticleTrend - 参数: "monthly", null
2026-07-30 16:48:59.531 [http-nio-8081-exec-27] INFO  com.knockfish.aspect.LogAspect - [获取文章发布趋势] 请求成功 - 执行时间: 2ms
2026-07-30 16:48:59.543 [http-nio-8081-exec-28] INFO  com.knockfish.security.JwtAuthenticationFilter - === 请求路径: /api/dashboard/category-stats, 方法: GET
2026-07-30 16:48:59.556 [http-nio-8081-exec-28] INFO  com.knockfish.aspect.LogAspect - [获取文章分类统计] 请求开始 - GET /api/dashboard/category-stats - DashboardController.getCategoryStats - 参数: 无
2026-07-30 16:48:59.559 [http-nio-8081-exec-28] INFO  com.knockfish.aspect.LogAspect - [获取文章分类统计] 请求成功 - 执行时间: 3ms
2026-07-30 16:49:12.018 [http-nio-8081-exec-30] INFO  com.knockfish.security.JwtAuthenticationFilter - === 请求路径: /api/tag/page, 方法: GET
2026-07-30 16:49:12.037 [http-nio-8081-exec-30] INFO  com.knockfish.aspect.LogAspect - [查询标签列表] 请求开始 - GET /api/tag/page - TagController.getTagListVO - 参数: {"tagName":null}, 1, 10
2026-07-30 16:49:12.050 [http-nio-8081-exec-30] INFO  com.knockfish.aspect.LogAspect - [查询标签列表] 请求成功 - 执行时间: 13ms
2026-07-30 16:51:47.842 [http-nio-8081-exec-17] INFO  com.knockfish.security.JwtAuthenticationFilter - === 请求路径: /api/category/with-site-count, 方法: GET
2026-07-30 16:51:47.855 [http-nio-8081-exec-17] INFO  com.knockfish.aspect.LogAspect - [查询分类列表(含统计)] 请求开始 - GET /api/category/with-site-count - CategoryController.getCategoryWithSiteCountList - 参数: {"categoryName":null}, 1, 10
2026-07-30 16:51:47.863 [http-nio-8081-exec-17] INFO  com.knockfish.aspect.LogAspect - [查询分类列表(含统计)] 请求成功 - 执行时间: 8ms
2026-07-30 16:51:49.456 [http-nio-8081-exec-34] INFO  com.knockfish.security.JwtAuthenticationFilter - === 请求路径: /api/dashboard/overview, 方法: GET
2026-07-30 16:51:49.457 [http-nio-8081-exec-18] INFO  com.knockfish.security.JwtAuthenticationFilter - === 请求路径: /api/dashboard/activities, 方法: GET
2026-07-30 16:51:49.464 [http-nio-8081-exec-18] INFO  com.knockfish.aspect.LogAspect - [获取最近动态] 请求开始 - GET /api/dashboard/activities - DashboardController.getActivities - 参数: 10
2026-07-30 16:51:49.465 [http-nio-8081-exec-34] INFO  com.knockfish.aspect.LogAspect - [获取仪表盘概览] 请求开始 - GET /api/dashboard/overview - DashboardController.getOverview - 参数: 无
2026-07-30 16:51:49.474 [http-nio-8081-exec-18] INFO  com.knockfish.aspect.LogAspect - [获取最近动态] 请求成功 - 执行时间: 9ms
2026-07-30 16:51:49.481 [http-nio-8081-exec-34] INFO  com.knockfish.aspect.LogAspect - [获取仪表盘概览] 请求成功 - 执行时间: 16ms
2026-07-30 16:51:49.550 [http-nio-8081-exec-41] INFO  com.knockfish.security.JwtAuthenticationFilter - === 请求路径: /api/dashboard/article-trend, 方法: GET
2026-07-30 16:51:49.563 [http-nio-8081-exec-41] INFO  com.knockfish.aspect.LogAspect - [获取文章发布趋势] 请求开始 - GET /api/dashboard/article-trend - DashboardController.getArticleTrend - 参数: "monthly", null
2026-07-30 16:51:49.564 [http-nio-8081-exec-41] INFO  com.knockfish.aspect.LogAspect - [获取文章发布趋势] 请求成功 - 执行时间: 1ms
2026-07-30 16:51:49.569 [http-nio-8081-exec-39] INFO  com.knockfish.security.JwtAuthenticationFilter - === 请求路径: /api/dashboard/category-stats, 方法: GET
2026-07-30 16:51:49.583 [http-nio-8081-exec-39] INFO  com.knockfish.aspect.LogAspect - [获取文章分类统计] 请求开始 - GET /api/dashboard/category-stats - DashboardController.getCategoryStats - 参数: 无
2026-07-30 16:51:49.593 [http-nio-8081-exec-39] INFO  com.knockfish.aspect.LogAspect - [获取文章分类统计] 请求成功 - 执行时间: 10ms
2026-07-30 16:51:51.214 [http-nio-8081-exec-40] INFO  com.knockfish.security.JwtAuthenticationFilter - === 请求路径: /api/note, 方法: GET
2026-07-30 16:51:51.216 [http-nio-8081-exec-40] INFO  com.knockfish.aspect.LogAspect - [获取笔记列表] 请求开始 - GET /api/note - NoteController.getNoteList - 参数: {"noteTitle":null}, 1, 10
2026-07-30 16:51:51.235 [http-nio-8081-exec-40] INFO  com.knockfish.aspect.LogAspect - [获取笔记列表] 请求成功 - 执行时间: 19ms
2026-07-30 17:20:32.582 [http-nio-8081-exec-21] INFO  com.knockfish.security.JwtAuthenticationFilter - === 请求路径: /api/site/with-category, 方法: GET
2026-07-30 17:20:32.695 [http-nio-8081-exec-44] INFO  com.knockfish.security.JwtAuthenticationFilter - === 请求路径: /api/category/options, 方法: GET
2026-07-30 17:20:32.708 [http-nio-8081-exec-44] INFO  com.knockfish.aspect.LogAspect - [获取分类选项] 请求开始 - GET /api/category/options - CategoryController.getCategoryOption - 参数: 无
2026-07-30 17:20:32.710 [http-nio-8081-exec-44] INFO  com.knockfish.aspect.LogAspect - [获取分类选项] 请求成功 - 执行时间: 2ms
2026-07-30 17:20:46.644 [http-nio-8081-exec-45] INFO  com.knockfish.security.JwtAuthenticationFilter - === 请求路径: /api/auth/login, 方法: POST
2026-07-30 17:20:46.949 [http-nio-8081-exec-45] INFO  com.knockfish.aspect.LogAspect - [用户登录] 请求开始 - POST /api/auth/login - AuthController.login - 参数: {"username":"knockfish","password":"3414338"}
2026-07-30 17:20:47.077 [http-nio-8081-exec-45] INFO  com.knockfish.service.impl.AuthServiceImpl - 用户登录成功: username=knockfish, userId=1
2026-07-30 17:20:47.080 [http-nio-8081-exec-45] INFO  com.knockfish.aspect.LogAspect - [用户登录] 请求成功 - 执行时间: 128ms - 返回结果: {"code":200,"msg":"请求成功","data":{"userId":1,"username":"knockfish","email":"knockfish@qq.com","nickname":"knock_fish","avatar":"https://fishbarn.cn/blog/article-image/2026-06/168954af-15b9-4268-9743-080e1b495538.webp","description":"博客正在施工中……","githubUrl":null,"bilibiliUrl":null,"background":"","createTime":"2026-04-15 14:23:26","roles":null,"token":"eyJhbGciOiJIUzI1NiIsInR5cCI6IkpXVCJ9.eyJ1c2VySWQiOjEsInVzZXJuYW1lIjoia25vY2tmaXNoIiwiZXhwIjoxNzg1NzYzMjQ3LCJpYXQiOjE3ODU0MDMyNDd9.Gk78gADIGHwlhOf9TqRUZEyGJC4qhLr8WLLFZDByDSo"}}
2026-07-30 17:20:47.085 [http-nio-8081-exec-46] INFO  com.knockfish.security.JwtAuthenticationFilter - === 请求路径: /api/permission/user/1, 方法: GET
2026-07-30 17:20:47.310 [http-nio-8081-exec-49] INFO  com.knockfish.security.JwtAuthenticationFilter - === 请求路径: /api/dashboard/overview, 方法: GET
2026-07-30 17:20:47.312 [http-nio-8081-exec-50] INFO  com.knockfish.security.JwtAuthenticationFilter - === 请求路径: /api/dashboard/activities, 方法: GET
2026-07-30 17:20:47.319 [http-nio-8081-exec-49] INFO  com.knockfish.aspect.LogAspect - [获取仪表盘概览] 请求开始 - GET /api/dashboard/overview - DashboardController.getOverview - 参数: 无
2026-07-30 17:20:47.331 [http-nio-8081-exec-50] INFO  com.knockfish.aspect.LogAspect - [获取最近动态] 请求开始 - GET /api/dashboard/activities - DashboardController.getActivities - 参数: 10
2026-07-30 17:20:47.334 [http-nio-8081-exec-50] INFO  com.knockfish.aspect.LogAspect - [获取最近动态] 请求成功 - 执行时间: 3ms
2026-07-30 17:20:47.369 [http-nio-8081-exec-49] INFO  com.knockfish.aspect.LogAspect - [获取仪表盘概览] 请求成功 - 执行时间: 49ms
2026-07-30 17:20:47.916 [http-nio-8081-exec-22] INFO  com.knockfish.security.JwtAuthenticationFilter - === 请求路径: /api/dashboard/article-trend, 方法: GET
2026-07-30 17:20:47.927 [http-nio-8081-exec-22] INFO  com.knockfish.aspect.LogAspect - [获取文章发布趋势] 请求开始 - GET /api/dashboard/article-trend - DashboardController.getArticleTrend - 参数: "monthly", null
2026-07-30 17:20:47.928 [http-nio-8081-exec-22] INFO  com.knockfish.aspect.LogAspect - [获取文章发布趋势] 请求成功 - 执行时间: 1ms
2026-07-30 17:20:47.940 [http-nio-8081-exec-47] INFO  com.knockfish.security.JwtAuthenticationFilter - === 请求路径: /api/dashboard/category-stats, 方法: GET
2026-07-30 17:20:47.949 [http-nio-8081-exec-47] INFO  com.knockfish.aspect.LogAspect - [获取文章分类统计] 请求开始 - GET /api/dashboard/category-stats - DashboardController.getCategoryStats - 参数: 无
2026-07-30 17:20:47.958 [http-nio-8081-exec-47] INFO  com.knockfish.aspect.LogAspect - [获取文章分类统计] 请求成功 - 执行时间: 9ms
2026-07-30 17:20:48.716 [http-nio-8081-exec-2] INFO  com.knockfish.security.JwtAuthenticationFilter - === 请求路径: /api/dashboard/latest-articles, 方法: GET
2026-07-30 17:20:48.717 [http-nio-8081-exec-16] INFO  com.knockfish.security.JwtAuthenticationFilter - === 请求路径: /api/dashboard/tag-cloud, 方法: GET
2026-07-30 17:20:48.717 [http-nio-8081-exec-1] INFO  com.knockfish.security.JwtAuthenticationFilter - === 请求路径: /api/dashboard/overview, 方法: GET
2026-07-30 17:20:48.718 [http-nio-8081-exec-7] INFO  com.knockfish.security.JwtAuthenticationFilter - === 请求路径: /api/dashboard/article-trend, 方法: GET
2026-07-30 17:20:48.728 [http-nio-8081-exec-1] INFO  com.knockfish.aspect.LogAspect - [获取仪表盘概览] 请求开始 - GET /api/dashboard/overview - DashboardController.getOverview - 参数: 无
2026-07-30 17:20:48.730 [http-nio-8081-exec-2] INFO  com.knockfish.aspect.LogAspect - [获取最近文章] 请求开始 - GET /api/dashboard/latest-articles - DashboardController.getLatestArticles - 参数: 10
2026-07-30 17:20:48.731 [http-nio-8081-exec-2] INFO  com.knockfish.aspect.LogAspect - [获取最近文章] 请求成功 - 执行时间: 1ms
2026-07-30 17:20:48.731 [http-nio-8081-exec-16] INFO  com.knockfish.aspect.LogAspect - [获取标签云] 请求开始 - GET /api/dashboard/tag-cloud - DashboardController.getTagCloud - 参数: 无
2026-07-30 17:20:48.734 [http-nio-8081-exec-16] INFO  com.knockfish.aspect.LogAspect - [获取标签云] 请求成功 - 执行时间: 3ms
2026-07-30 17:20:48.738 [http-nio-8081-exec-7] INFO  com.knockfish.aspect.LogAspect - [获取文章发布趋势] 请求开始 - GET /api/dashboard/article-trend - DashboardController.getArticleTrend - 参数: "monthly", null
2026-07-30 17:20:48.742 [http-nio-8081-exec-7] INFO  com.knockfish.aspect.LogAspect - [获取文章发布趋势] 请求成功 - 执行时间: 4ms
2026-07-30 17:20:48.747 [http-nio-8081-exec-1] INFO  com.knockfish.aspect.LogAspect - [获取仪表盘概览] 请求成功 - 执行时间: 19ms
2026-07-30 17:20:49.463 [http-nio-8081-exec-6] INFO  com.knockfish.security.JwtAuthenticationFilter - === 请求路径: /api/article/list, 方法: GET
2026-07-30 17:20:49.480 [http-nio-8081-exec-6] INFO  com.knockfish.aspect.LogAspect - [查询文章列表] 请求开始 - GET /api/article/list - ArticleController.getArticleList - 参数: {"userId":null,"title":null}, 1, 10
2026-07-30 17:20:49.484 [http-nio-8081-exec-6] INFO  com.knockfish.aspect.LogAspect - [查询文章列表] 请求成功 - 执行时间: 4ms
2026-07-30 17:20:50.460 [http-nio-8081-exec-5] INFO  com.knockfish.security.JwtAuthenticationFilter - === 请求路径: /api/category/with-site-count, 方法: GET
2026-07-30 17:20:50.467 [http-nio-8081-exec-5] INFO  com.knockfish.aspect.LogAspect - [查询分类列表(含统计)] 请求开始 - GET /api/category/with-site-count - CategoryController.getCategoryWithSiteCountList - 参数: {"categoryName":null}, 1, 10
2026-07-30 17:20:50.475 [http-nio-8081-exec-5] INFO  com.knockfish.aspect.LogAspect - [查询分类列表(含统计)] 请求成功 - 执行时间: 8ms
2026-07-30 17:20:51.042 [http-nio-8081-exec-4] INFO  com.knockfish.security.JwtAuthenticationFilter - === 请求路径: /api/tag/page, 方法: GET
2026-07-30 17:20:51.049 [http-nio-8081-exec-4] INFO  com.knockfish.aspect.LogAspect - [查询标签列表] 请求开始 - GET /api/tag/page - TagController.getTagListVO - 参数: {"tagName":null}, 1, 10
2026-07-30 17:20:51.056 [http-nio-8081-exec-4] INFO  com.knockfish.aspect.LogAspect - [查询标签列表] 请求成功 - 执行时间: 7ms
2026-07-30 17:20:52.482 [http-nio-8081-exec-8] INFO  com.knockfish.security.JwtAuthenticationFilter - === 请求路径: /api/site/with-category, 方法: GET
2026-07-30 17:20:52.574 [http-nio-8081-exec-10] INFO  com.knockfish.security.JwtAuthenticationFilter - === 请求路径: /api/category/options, 方法: GET
2026-07-30 17:20:52.581 [http-nio-8081-exec-10] INFO  com.knockfish.aspect.LogAspect - [获取分类选项] 请求开始 - GET /api/category/options - CategoryController.getCategoryOption - 参数: 无
2026-07-30 17:20:52.582 [http-nio-8081-exec-10] INFO  com.knockfish.aspect.LogAspect - [获取分类选项] 请求成功 - 执行时间: 0ms
2026-07-30 17:20:57.816 [http-nio-8081-exec-11] INFO  com.knockfish.security.JwtAuthenticationFilter - === 请求路径: /api/link/page, 方法: GET
2026-07-30 17:20:57.826 [http-nio-8081-exec-11] INFO  com.knockfish.aspect.LogAspect - [查询友链列表] 请求开始 - GET /api/link/page - LinkController.getLinkListVO - 参数: {"linkName":null}, 1, 10
2026-07-30 17:20:57.832 [http-nio-8081-exec-11] INFO  com.knockfish.aspect.LogAspect - [查询友链列表] 请求成功 - 执行时间: 6ms
2026-07-30 17:20:59.887 [http-nio-8081-exec-12] INFO  com.knockfish.security.JwtAuthenticationFilter - === 请求路径: /api/r2-file/prefix, 方法: GET
2026-07-30 17:21:00.654 [http-nio-8081-exec-29] INFO  com.knockfish.security.JwtAuthenticationFilter - === 请求路径: /api/file-reference/all, 方法: GET
2026-07-30 17:21:00.656 [http-nio-8081-exec-29] INFO  com.knockfish.aspect.LogAspect - [查询所有文件引用] 请求开始 - GET /api/file-reference/all - FileReferenceController.selectAllNoPage - 参数: 无
2026-07-30 17:21:00.656 [http-nio-8081-exec-29] INFO  com.knockfish.controller.FileReferenceController - 查询所有文件引用
2026-07-30 17:21:00.669 [http-nio-8081-exec-29] INFO  com.knockfish.aspect.LogAspect - [查询所有文件引用] 请求成功 - 执行时间: 13ms
2026-07-30 17:21:00.673 [http-nio-8081-exec-35] INFO  com.knockfish.security.JwtAuthenticationFilter - === 请求路径: /api/file-reference/referenced-paths, 方法: GET
2026-07-30 17:21:00.673 [http-nio-8081-exec-35] INFO  com.knockfish.aspect.LogAspect - [查询所有被引用的文件路径] 请求开始 - GET /api/file-reference/referenced-paths - FileReferenceController.selectAllReferencedPaths - 参数: 无
2026-07-30 17:21:00.673 [http-nio-8081-exec-35] INFO  com.knockfish.controller.FileReferenceController - 查询所有被引用的文件路径
2026-07-30 17:21:00.677 [http-nio-8081-exec-35] INFO  com.knockfish.aspect.LogAspect - [查询所有被引用的文件路径] 请求成功 - 执行时间: 4ms
2026-07-30 17:21:11.264 [http-nio-8081-exec-36] INFO  com.knockfish.security.JwtAuthenticationFilter - === 请求路径: /api/role/with-permission, 方法: GET
2026-07-30 17:21:11.914 [http-nio-8081-exec-20] INFO  com.knockfish.security.JwtAuthenticationFilter - === 请求路径: /api/permission, 方法: GET
2026-07-30 17:21:12.623 [http-nio-8081-exec-42] INFO  com.knockfish.security.JwtAuthenticationFilter - === 请求路径: /api/user/page, 方法: GET
2026-07-30 17:21:12.630 [http-nio-8081-exec-42] INFO  com.knockfish.aspect.LogAspect - [查询用户列表] 请求开始 - GET /api/user/page - UserController.getUserList - 参数: {"username":null,"nickname":null,"email":null}, 1, 10
2026-07-30 17:21:12.644 [http-nio-8081-exec-42] INFO  com.knockfish.aspect.LogAspect - [查询用户列表] 请求成功 - 执行时间: 14ms
2026-07-30 17:21:22.172 [http-nio-8081-exec-13] INFO  com.knockfish.security.JwtAuthenticationFilter - === 请求路径: /api/code-category, 方法: GET
2026-07-30 17:21:22.183 [http-nio-8081-exec-13] INFO  com.knockfish.aspect.LogAspect - [查询代码分类列表] 请求开始 - GET /api/code-category - CodeCategoryController.getCodeCategoryList - 参数: {"codeCategoryName":null}, 1, 10
2026-07-30 17:21:22.188 [http-nio-8081-exec-13] INFO  com.knockfish.aspect.LogAspect - [查询代码分类列表] 请求成功 - 执行时间: 5ms
2026-07-30 17:21:22.989 [http-nio-8081-exec-27] INFO  com.knockfish.security.JwtAuthenticationFilter - === 请求路径: /api/note, 方法: GET
2026-07-30 17:21:22.990 [http-nio-8081-exec-27] INFO  com.knockfish.aspect.LogAspect - [获取笔记列表] 请求开始 - GET /api/note - NoteController.getNoteList - 参数: {"noteTitle":null}, 1, 10
2026-07-30 17:21:23.003 [http-nio-8081-exec-27] INFO  com.knockfish.aspect.LogAspect - [获取笔记列表] 请求成功 - 执行时间: 13ms
2026-07-30 17:21:24.214 [http-nio-8081-exec-28] INFO  com.knockfish.security.JwtAuthenticationFilter - === 请求路径: /api/article/list, 方法: GET
2026-07-30 17:21:24.224 [http-nio-8081-exec-28] INFO  com.knockfish.aspect.LogAspect - [查询文章列表] 请求开始 - GET /api/article/list - ArticleController.getArticleList - 参数: {"userId":null,"title":null}, 1, 10
2026-07-30 17:21:24.231 [http-nio-8081-exec-28] INFO  com.knockfish.aspect.LogAspect - [查询文章列表] 请求成功 - 执行时间: 7ms
2026-07-30 17:21:25.444 [http-nio-8081-exec-30] INFO  com.knockfish.security.JwtAuthenticationFilter - === 请求路径: /api/article/draft-count, 方法: GET
2026-07-30 17:21:25.451 [http-nio-8081-exec-30] INFO  com.knockfish.aspect.LogAspect - [获取草稿数量] 请求开始 - GET /api/article/draft-count - ArticleController.getDraftCount - 参数: 无
2026-07-30 17:21:25.451 [http-nio-8081-exec-30] INFO  com.knockfish.aspect.LogAspect - [获取草稿数量] 请求成功 - 执行时间: 0ms
2026-07-30 17:21:31.297 [http-nio-8081-exec-31] INFO  com.knockfish.security.JwtAuthenticationFilter - === 请求路径: /api/article/draft, 方法: GET
2026-07-30 17:21:31.305 [http-nio-8081-exec-31] INFO  com.knockfish.aspect.LogAspect - [获取10条草稿] 请求开始 - GET /api/article/draft - ArticleController.getDraftByUserId - 参数: 无
2026-07-30 17:21:31.331 [http-nio-8081-exec-31] INFO  com.knockfish.aspect.LogAspect - [获取10条草稿] 请求成功 - 执行时间: 26ms
2026-07-30 17:21:32.083 [http-nio-8081-exec-17] INFO  com.knockfish.security.JwtAuthenticationFilter - === 请求路径: /api/article/with-tag/54, 方法: GET
2026-07-30 17:21:32.094 [http-nio-8081-exec-17] INFO  com.knockfish.aspect.LogAspect - [获取文章详情(含标签)] 请求开始 - GET /api/article/with-tag/54 - ArticleController.getArticleWithTagsById - 参数: 54
2026-07-30 17:21:32.103 [http-nio-8081-exec-17] INFO  com.knockfish.aspect.LogAspect - [获取文章详情(含标签)] 请求成功 - 执行时间: 9ms
2026-07-30 18:28:05.449 [http-nio-8081-exec-34] INFO  com.knockfish.security.JwtAuthenticationFilter - === 请求路径: /api/site/with-category, 方法: GET
2026-07-30 18:28:05.837 [http-nio-8081-exec-39] INFO  com.knockfish.security.JwtAuthenticationFilter - === 请求路径: /api/category/options, 方法: GET
2026-07-30 18:28:05.873 [http-nio-8081-exec-39] INFO  com.knockfish.aspect.LogAspect - [获取分类选项] 请求开始 - GET /api/category/options - CategoryController.getCategoryOption - 参数: 无
2026-07-30 18:28:05.879 [http-nio-8081-exec-39] INFO  com.knockfish.aspect.LogAspect - [获取分类选项] 请求成功 - 执行时间: 5ms
2026-07-30 18:28:07.624 [http-nio-8081-exec-40] INFO  com.knockfish.security.JwtAuthenticationFilter - === 请求路径: /api/site/with-category, 方法: GET
2026-07-30 18:28:07.702 [http-nio-8081-exec-38] INFO  com.knockfish.security.JwtAuthenticationFilter - === 请求路径: /api/category/options, 方法: GET
2026-07-30 18:28:07.803 [http-nio-8081-exec-38] INFO  com.knockfish.aspect.LogAspect - [获取分类选项] 请求开始 - GET /api/category/options - CategoryController.getCategoryOption - 参数: 无
2026-07-30 18:28:07.806 [http-nio-8081-exec-38] INFO  com.knockfish.aspect.LogAspect - [获取分类选项] 请求成功 - 执行时间: 3ms
2026-07-30 18:29:20.062 [http-nio-8081-exec-44] INFO  com.knockfish.security.JwtAuthenticationFilter - === 请求路径: /api/category/with-site-count, 方法: GET
2026-07-30 18:29:20.075 [http-nio-8081-exec-44] INFO  com.knockfish.aspect.LogAspect - [查询分类列表(含统计)] 请求开始 - GET /api/category/with-site-count - CategoryController.getCategoryWithSiteCountList - 参数: {"categoryName":null}, 1, 10
2026-07-30 18:29:20.088 [http-nio-8081-exec-44] INFO  com.knockfish.aspect.LogAspect - [查询分类列表(含统计)] 请求成功 - 执行时间: 12ms
2026-07-30 18:30:53.391 [http-nio-8081-exec-46] INFO  com.knockfish.security.JwtAuthenticationFilter - === 请求路径: /api/article/list, 方法: GET
2026-07-30 18:30:53.450 [http-nio-8081-exec-46] INFO  com.knockfish.aspect.LogAspect - [查询文章列表] 请求开始 - GET /api/article/list - ArticleController.getArticleList - 参数: {"userId":null,"title":null}, 1, 10
2026-07-30 18:30:53.467 [http-nio-8081-exec-46] INFO  com.knockfish.aspect.LogAspect - [查询文章列表] 请求成功 - 执行时间: 17ms
2026-07-30 18:30:54.760 [http-nio-8081-exec-49] INFO  com.knockfish.security.JwtAuthenticationFilter - === 请求路径: /api/article/draft-count, 方法: GET
2026-07-30 18:30:54.779 [http-nio-8081-exec-49] INFO  com.knockfish.aspect.LogAspect - [获取草稿数量] 请求开始 - GET /api/article/draft-count - ArticleController.getDraftCount - 参数: 无
2026-07-30 18:30:54.782 [http-nio-8081-exec-49] INFO  com.knockfish.aspect.LogAspect - [获取草稿数量] 请求成功 - 执行时间: 3ms
2026-07-30 18:30:56.026 [http-nio-8081-exec-47] INFO  com.knockfish.security.JwtAuthenticationFilter - === 请求路径: /api/article/draft, 方法: GET
2026-07-30 18:30:56.046 [http-nio-8081-exec-47] INFO  com.knockfish.aspect.LogAspect - [获取10条草稿] 请求开始 - GET /api/article/draft - ArticleController.getDraftByUserId - 参数: 无
2026-07-30 18:30:56.077 [http-nio-8081-exec-47] INFO  com.knockfish.aspect.LogAspect - [获取10条草稿] 请求成功 - 执行时间: 31ms
2026-07-30 18:30:56.892 [http-nio-8081-exec-16] INFO  com.knockfish.security.JwtAuthenticationFilter - === 请求路径: /api/article/with-tag/54, 方法: GET
2026-07-30 18:30:56.907 [http-nio-8081-exec-16] INFO  com.knockfish.aspect.LogAspect - [获取文章详情(含标签)] 请求开始 - GET /api/article/with-tag/54 - ArticleController.getArticleWithTagsById - 参数: 54
2026-07-30 18:30:56.917 [http-nio-8081-exec-16] INFO  com.knockfish.aspect.LogAspect - [获取文章详情(含标签)] 请求成功 - 执行时间: 10ms
2026-07-30 18:37:05.462 [http-nio-8081-exec-6] INFO  com.knockfish.security.JwtAuthenticationFilter - === 请求路径: /api/article, 方法: PUT
2026-07-30 18:37:05.725 [http-nio-8081-exec-6] INFO  com.knockfish.aspect.LogAspect - [更新文章] 请求开始 - PUT /api/article - ArticleController.updateArticle - 参数: {"articleId":54,"title":"Vue 项目性能优化手段","cover":"","description":"","content":"# 构建层面优化\n## Gzip / Brotli 压缩\n\n通过 `vite-plugin-compression` 插件对构建产物进行双重压缩，大幅减小文件体积\n```typescript\n// vite.config.ts\nimport viteCompression from 'vite-plugin-compression'\n\nplugins: [\n  // Gzip 压缩配置\n  viteCompression({\n    verbose: true,                  // 是否在控制台输出压缩结果\n    disable: false,                 // 是否禁用\n    algorithm: 'gzip',              // 压缩算法,可选 [ 'gzip' , 'brotliCompress' ,'deflate' , 'deflateRaw']\n    ext: '.gz',                     // 压缩后的文件名后缀\n    threshold: 10240,               // 只有大小大于该值的资源会被处理 10240B = 10KB\n    deleteOriginFile: false        // 压缩后是否删除原文件\n  }),\n\n  // Brotli 压缩配置\n  viteCompression({\n    verbose: true,\n    disable: false,\n    algorithm: 'brotliCompress',    // 使用 brotli 算法\n    ext: '.br',\n    threshold: 10240,\n    deleteOriginFile: false,\n  })\n]\n```\n**优化效果**：静态资源体积减少 60%-80%，显著降低网络传输时间\n## 代码分割（Code Splitting）\n代码分割是一种前端性能优化技术，它将一个庞大的应用代码包拆分成多个更小的、可以独立加载的代码块（Chunks）\n\n其核心思想是 “按需加载” ，即用户首次访问页面时，只加载当前功能所需的代码，其余代码在用户需要时，如切换路由、点击按钮才动态加载。能有效减少初始加载时间，提升应用的响应速度\n\n通过 `manualChunks` 将大型依赖库拆分为独立的 chunk，实现按需加载\n```typescript\n// vite.config.ts\nbuild: {\n  rollupOptions: {\n    output: {\n      manualChunks(id) {\n        // 将 Vue 核心生态打包到一起\n        if (id.includes('node_modules/vue') ||\n          id.includes('node_modules/vue-router') ||\n          id.includes('node_modules/pinia') ||\n          id.includes('node_modules/@vueuse')) {\n          return 'vue'\n        }\n        // Element Plus 单独打包\n        if (id.includes('node_modules/element-plus')) {\n          return 'elementPlus'\n        }\n        // ECharts 单独打包\n        if (id.includes('node_modules/echarts') ||\n          id.includes('node_modules/vue-echarts')) {\n          return 'echarts'\n        }\n        // xlsx 单独打包\n        if (id.includes('node_modules/xlsx')) {\n          return 'xlsx'\n        }\n        // lodash 单独打包\n        if (id.includes('node_modules/lodash')) {\n          return 'lodash'\n        }\n      }\n    }\n  }\n}\n```\n**优化效果**：首屏加载只需要加载核心 chunk，大型依赖库在需要时才加载\n## 压缩优化\nTerser 和 ESBuild 是前端工程中两个主流的 JavaScript 代码压缩工具，它们最核心的区别在于设计哲学的根本不同：Terser 追求极致的压缩率，而 ESBuild 追求极致的压缩速度\n\n**选择Terser的场景**\n1. 生产环境构建：当文件体积对用户体验至关重要时，Terser的压缩效果优势能够带来实际的性能提升\n2. 需要深度定制压缩规则：如果项目有特殊的压缩需求，Terser丰富的配置选项能更好地满足定制化需求\n3. 处理复杂代码库：对于使用了大量高级JavaScript特性的复杂项目，Terser的语法支持和代码分析能力更可靠\n\n**选择ESBuild的场景**\n1. 开发环境构建：在开发过程中，ESBuild的快速构建能力可以显著提升开发效率，缩短热更新等待时间\n2. CI/CD流水线：对于需要频繁构建的CI/CD流程，ESBuild可以大幅减少构建时间，提高迭代速度\n3. 对构建速度要求高的场景：如大型开源项目、频繁发布的产品等，ESBuild能有效降低构建成本\n\n```typescript\n// vite.config.ts\nbuild: {\n  target: 'es2020',\n  minify: isProduction ? 'terser' : 'esbuild',\n  terserOptions: {\n    compress: {\n      drop_console: isProduction,   // 生产环境移除 console\n      drop_debugger: isProduction,  // 生产环境移除 debugger\n      join_vars: true, // 合并连续的变量声明，减少代码行数\n      reduce_vars: true,  // 削减多余变量\n      dead_code: true // 移除无法访问的代码（如 if(false)）\n    }\n  }\n}\n```\n## 依赖预构建\n\nVite 在开发模式下会执行依赖预构建：将 CommonJS/UMD 格式第三方包转成浏览器原生支持的 ESM，同时合并碎片化文件，减少浏览器请求。预构建产物缓存至 node_modules/.vite，提升服务冷启动与页面首次加载速度\n\n通过 `optimizeDeps` 配置，提前对核心依赖进行预构建，加快冷启动速度\n```typescript\n// vite.config.ts\noptimizeDeps: {\n  include: [\n    'vue',\n    'vue-router',\n    'pinia',\n    'axios',\n    '@vueuse/core'\n  ],\n  exclude: ['echarts', 'xlsx']  // 排除大型库，按需加载\n}\n```\n## 资源内联阈值\n将小于 4KB 的资源内联为 Base64，减少 HTTP 请求次数\n```typescript\n// vite.config.ts\nbuild: {\n  assetsInlineLimit: 4096,  // 小于 4KB 的资源内联\n  cssCodeSplit: true        // CSS 代码分割\n}\n```\n# 路由层面优化\n## 路由懒加载\n路由组件均采用动态 `import()` 实现懒加载，配合 Webpack/Vite 的代码分割\n```typescript\n// src/router/routes/staticRoutes.ts\nexport const staticRoutes = [\n  {\n    path: '/login',\n    name: 'Login',\n    component: () => import('@views/login/index.vue')  // 懒加载\n  },\n  {\n    path: '/exception/404',\n    name: 'Exception404',\n    component: () => import('@views/exception/404/index.vue')\n  }\n]\n```","status":"DRAFT","publishTime":null,"updatedTime":"2026-07-28 02:34:39","fileIds":null,"tags":[7,30]}
2026-07-30 18:37:05.963 [http-nio-8081-exec-6] INFO  com.knockfish.service.impl.ArticleServiceImpl - 文章更新成功: articleId=54
2026-07-30 18:37:05.987 [http-nio-8081-exec-6] INFO  com.knockfish.aspect.LogAspect - [更新文章] 请求成功 - 执行时间: 261ms
2026-07-30 18:37:05.995 [http-nio-8081-exec-5] INFO  com.knockfish.security.JwtAuthenticationFilter - === 请求路径: /api/article/draft-count, 方法: GET
2026-07-30 18:37:06.011 [http-nio-8081-exec-5] INFO  com.knockfish.aspect.LogAspect - [获取草稿数量] 请求开始 - GET /api/article/draft-count - ArticleController.getDraftCount - 参数: 无
2026-07-30 18:37:06.012 [http-nio-8081-exec-5] INFO  com.knockfish.aspect.LogAspect - [获取草稿数量] 请求成功 - 执行时间: 1ms
2026-07-30 18:37:08.336 [http-nio-8081-exec-4] INFO  com.knockfish.security.JwtAuthenticationFilter - === 请求路径: /api/article/with-tag/54, 方法: GET
2026-07-30 18:37:08.352 [http-nio-8081-exec-4] INFO  com.knockfish.aspect.LogAspect - [获取文章详情(含标签)] 请求开始 - GET /api/article/with-tag/54 - ArticleController.getArticleWithTagsById - 参数: 54
2026-07-30 18:37:08.355 [http-nio-8081-exec-4] INFO  com.knockfish.aspect.LogAspect - [获取文章详情(含标签)] 请求成功 - 执行时间: 3ms
2026-07-30 18:37:08.405 [http-nio-8081-exec-8] INFO  com.knockfish.security.JwtAuthenticationFilter - === 请求路径: /api/article/draft-count, 方法: GET
2026-07-30 18:37:08.416 [http-nio-8081-exec-8] INFO  com.knockfish.aspect.LogAspect - [获取草稿数量] 请求开始 - GET /api/article/draft-count - ArticleController.getDraftCount - 参数: 无
2026-07-30 18:37:08.420 [http-nio-8081-exec-8] INFO  com.knockfish.aspect.LogAspect - [获取草稿数量] 请求成功 - 执行时间: 3ms
2026-07-30 18:48:49.850 [http-nio-8081-exec-11] INFO  com.knockfish.security.JwtAuthenticationFilter - === 请求路径: /api/article, 方法: PUT
2026-07-30 18:48:49.869 [http-nio-8081-exec-11] INFO  com.knockfish.aspect.LogAspect - [更新文章] 请求开始 - PUT /api/article - ArticleController.updateArticle - 参数: {"articleId":54,"title":"Vue 项目性能优化手段","cover":"","description":"","content":"# 构建层面优化\n## Gzip / Brotli 压缩\n\n通过 `vite-plugin-compression` 插件对构建产物进行双重压缩，大幅减小文件体积\n```typescript\n// vite.config.ts\nimport viteCompression from 'vite-plugin-compression'\n\nplugins: [\n  // Gzip 压缩配置\n  viteCompression({\n    verbose: true,                  // 是否在控制台输出压缩结果\n    disable: false,                 // 是否禁用\n    algorithm: 'gzip',              // 压缩算法,可选 [ 'gzip' , 'brotliCompress' ,'deflate' , 'deflateRaw']\n    ext: '.gz',                     // 压缩后的文件名后缀\n    threshold: 10240,               // 只有大小大于该值的资源会被处理 10240B = 10KB\n    deleteOriginFile: false        // 压缩后是否删除原文件\n  }),\n\n  // Brotli 压缩配置\n  viteCompression({\n    verbose: true,\n    disable: false,\n    algorithm: 'brotliCompress',    // 使用 brotli 算法\n    ext: '.br',\n    threshold: 10240,\n    deleteOriginFile: false,\n  })\n]\n```\n**优化效果**：静态资源体积减少 60%-80%，显著降低网络传输时间\n## 代码分割（Code Splitting）\n代码分割是一种前端性能优化技术，它将一个庞大的应用代码包拆分成多个更小的、可以独立加载的代码块（Chunks）\n\n其核心思想是 “按需加载” ，即用户首次访问页面时，只加载当前功能所需的代码，其余代码在用户需要时，如切换路由、点击按钮才动态加载。能有效减少初始加载时间，提升应用的响应速度\n\n通过 `manualChunks` 将大型依赖库拆分为独立的 chunk，实现按需加载\n```typescript\n// vite.config.ts\nbuild: {\n  rollupOptions: {\n    output: {\n      manualChunks(id) {\n        // 将 Vue 核心生态打包到一起\n        if (id.includes('node_modules/vue') ||\n          id.includes('node_modules/vue-router') ||\n          id.includes('node_modules/pinia') ||\n          id.includes('node_modules/@vueuse')) {\n          return 'vue'\n        }\n        // Element Plus 单独打包\n        if (id.includes('node_modules/element-plus')) {\n          return 'elementPlus'\n        }\n        // ECharts 单独打包\n        if (id.includes('node_modules/echarts') ||\n          id.includes('node_modules/vue-echarts')) {\n          return 'echarts'\n        }\n        // xlsx 单独打包\n        if (id.includes('node_modules/xlsx')) {\n          return 'xlsx'\n        }\n        // lodash 单独打包\n        if (id.includes('node_modules/lodash')) {\n          return 'lodash'\n        }\n      }\n    }\n  }\n}\n```\n**优化效果**：首屏加载只需要加载核心 chunk，大型依赖库在需要时才加载\n## 压缩优化\nTerser 和 ESBuild 是前端工程中两个主流的 JavaScript 代码压缩工具，它们最核心的区别在于设计哲学的根本不同：Terser 追求极致的压缩率，而 ESBuild 追求极致的压缩速度\n\n**选择Terser的场景**\n1. 生产环境构建：当文件体积对用户体验至关重要时，Terser的压缩效果优势能够带来实际的性能提升\n2. 需要深度定制压缩规则：如果项目有特殊的压缩需求，Terser丰富的配置选项能更好地满足定制化需求\n3. 处理复杂代码库：对于使用了大量高级JavaScript特性的复杂项目，Terser的语法支持和代码分析能力更可靠\n\n**选择ESBuild的场景**\n1. 开发环境构建：在开发过程中，ESBuild的快速构建能力可以显著提升开发效率，缩短热更新等待时间\n2. CI/CD流水线：对于需要频繁构建的CI/CD流程，ESBuild可以大幅减少构建时间，提高迭代速度\n3. 对构建速度要求高的场景：如大型开源项目、频繁发布的产品等，ESBuild能有效降低构建成本\n\n```typescript\n// vite.config.ts\nbuild: {\n  target: 'es2020',\n  minify: isProduction ? 'terser' : 'esbuild',\n  terserOptions: {\n    compress: {\n      drop_console: isProduction,   // 生产环境移除 console\n      drop_debugger: isProduction,  // 生产环境移除 debugger\n      join_vars: true, // 合并连续的变量声明，减少代码行数\n      reduce_vars: true,  // 削减多余变量\n      dead_code: true // 移除无法访问的代码（如 if(false)）\n    }\n  }\n}\n```\n## 依赖预构建\n\nVite 在开发模式下会执行依赖预构建：将 CommonJS/UMD 格式第三方包转成浏览器原生支持的 ESM，同时合并碎片化文件，减少浏览器请求。预构建产物缓存至 node_modules/.vite，提升服务冷启动与页面首次加载速度\n\n通过 `optimizeDeps` 配置，提前对核心依赖进行预构建，加快冷启动速度\n```typescript\n// vite.config.ts\noptimizeDeps: {\n  include: [\n    'vue',\n    'vue-router',\n    'pinia',\n    'axios',\n    '@vueuse/core'\n  ],\n  exclude: ['echarts', 'xlsx']  // 排除大型库，按需加载\n}\n```\n## 资源内联阈值\n将小于 4KB 的资源内联为 Base64，减少 HTTP 请求次数\n```typescript\n// vite.config.ts\nbuild: {\n  assetsInlineLimit: 4096,  // 小于 4KB 的资源内联\n  cssCodeSplit: true        // CSS 代码分割\n}\n```\n# 路由层面优化\n## 路由懒加载\n路由组件均采用动态 `import()` 实现懒加载，配合 Webpack/Vite 的代码分割\n\n在用户访问某个页面时才加载该页面对应的 JS 代码，而不是一次性加载所有页面\n```typescript\n// src/router/routes/staticRoutes.ts\nexport const staticRoutes = [\n  {\n    path: '/login',\n    name: 'Login',\n    component: () => import('@views/login/index.vue')  // 懒加载\n  },\n  {\n    path: '/exception/404',\n    name: 'Exception404',\n    component: () => import('@views/exception/404/index.vue')\n  }\n]\n```\n适用场景：大型单页应用（SPA）优化首屏加载速度\n\n# 组件层面优化\n## 骨架屏组件","status":"DRAFT","publishTime":null,"updatedTime":"2026-07-30 18:37:06","fileIds":null,"tags":[7,30]}
2026-07-30 18:48:49.888 [http-nio-8081-exec-11] INFO  com.knockfish.service.impl.ArticleServiceImpl - 文章更新成功: articleId=54
2026-07-30 18:48:49.892 [http-nio-8081-exec-11] INFO  com.knockfish.aspect.LogAspect - [更新文章] 请求成功 - 执行时间: 22ms
2026-07-30 18:48:49.900 [http-nio-8081-exec-9] INFO  com.knockfish.security.JwtAuthenticationFilter - === 请求路径: /api/article/draft-count, 方法: GET
2026-07-30 18:48:49.913 [http-nio-8081-exec-9] INFO  com.knockfish.aspect.LogAspect - [获取草稿数量] 请求开始 - GET /api/article/draft-count - ArticleController.getDraftCount - 参数: 无
2026-07-30 18:48:49.914 [http-nio-8081-exec-9] INFO  com.knockfish.aspect.LogAspect - [获取草稿数量] 请求成功 - 执行时间: 1ms
2026-07-30 18:48:51.158 [http-nio-8081-exec-15] INFO  com.knockfish.security.JwtAuthenticationFilter - === 请求路径: /api/article/draft, 方法: GET
2026-07-30 18:48:51.172 [http-nio-8081-exec-15] INFO  com.knockfish.aspect.LogAspect - [获取10条草稿] 请求开始 - GET /api/article/draft - ArticleController.getDraftByUserId - 参数: 无
2026-07-30 18:48:51.183 [http-nio-8081-exec-15] INFO  com.knockfish.aspect.LogAspect - [获取10条草稿] 请求成功 - 执行时间: 10ms
2026-07-30 20:32:42.967 [http-nio-8081-exec-3] INFO  com.knockfish.security.JwtAuthenticationFilter - === 请求路径: /api/article/list, 方法: GET
2026-07-30 20:32:43.302 [http-nio-8081-exec-3] INFO  com.knockfish.aspect.LogAspect - [查询文章列表] 请求开始 - GET /api/article/list - ArticleController.getArticleList - 参数: {"userId":null,"title":null}, 1, 10
2026-07-30 20:32:43.386 [http-nio-8081-exec-3] INFO  com.knockfish.aspect.LogAspect - [查询文章列表] 请求成功 - 执行时间: 83ms
2026-07-30 20:32:52.655 [http-nio-8081-exec-12] INFO  com.knockfish.security.JwtAuthenticationFilter - === 请求路径: /api/article/draft-count, 方法: GET
2026-07-30 20:32:52.680 [http-nio-8081-exec-12] INFO  com.knockfish.aspect.LogAspect - [获取草稿数量] 请求开始 - GET /api/article/draft-count - ArticleController.getDraftCount - 参数: 无
2026-07-30 20:32:52.757 [http-nio-8081-exec-12] INFO  com.knockfish.aspect.LogAspect - [获取草稿数量] 请求成功 - 执行时间: 76ms
2026-07-30 20:32:58.861 [http-nio-8081-exec-36] INFO  com.knockfish.security.JwtAuthenticationFilter - === 请求路径: /api/tag/page, 方法: GET
2026-07-30 20:32:58.880 [http-nio-8081-exec-36] INFO  com.knockfish.aspect.LogAspect - [查询标签列表] 请求开始 - GET /api/tag/page - TagController.getTagListVO - 参数: {"tagName":null}, 1, 30
2026-07-30 20:32:58.928 [http-nio-8081-exec-36] INFO  com.knockfish.aspect.LogAspect - [查询标签列表] 请求成功 - 执行时间: 47ms
2026-07-30 21:30:46.636 [http-nio-8081-exec-23] INFO  com.knockfish.security.JwtAuthenticationFilter - === 请求路径: /api/article, 方法: POST
2026-07-30 21:30:46.896 [http-nio-8081-exec-23] INFO  com.knockfish.aspect.LogAspect - [新增文章] 请求开始 - POST /api/article - ArticleController.createArticle - 参数: {"title":"前端性能优化指标","cover":"","description":"前端性能优化的核心是可度量。从 FP、FCP 到 LCP 衡量加载，从 TTI、FID 到 INP 评估交互，CLS 视觉稳定——三大维度，8 项指标","content":"","status":"DRAFT","publishTime":null,"updateTime":null,"tags":[30,16],"fileIds":null,"userId":null}
2026-07-30 21:30:47.164 [http-nio-8081-exec-23] INFO  com.knockfish.service.impl.ArticleServiceImpl - 文章创建成功: articleId=55, title=前端性能优化指标
2026-07-30 21:30:47.173 [http-nio-8081-exec-23] INFO  com.knockfish.aspect.LogAspect - [新增文章] 请求成功 - 执行时间: 275ms - 返回结果: {"code":200,"msg":"请求成功","data":55}
2026-07-30 21:30:47.187 [http-nio-8081-exec-42] INFO  com.knockfish.security.JwtAuthenticationFilter - === 请求路径: /api/article/draft-count, 方法: GET
2026-07-30 21:30:47.204 [http-nio-8081-exec-42] INFO  com.knockfish.aspect.LogAspect - [获取草稿数量] 请求开始 - GET /api/article/draft-count - ArticleController.getDraftCount - 参数: 无
2026-07-30 21:30:47.206 [http-nio-8081-exec-42] INFO  com.knockfish.aspect.LogAspect - [获取草稿数量] 请求成功 - 执行时间: 2ms
2026-07-30 23:49:17.993 [http-nio-8081-exec-26] INFO  com.knockfish.security.JwtAuthenticationFilter - === 请求路径: /api/article, 方法: PUT
2026-07-30 23:49:18.153 [http-nio-8081-exec-26] INFO  com.knockfish.aspect.LogAspect - [更新文章] 请求开始 - PUT /api/article - ArticleController.updateArticle - 参数: {"articleId":55,"title":"前端性能优化指标","cover":"","description":"前端性能优化的核心是可度量。从 FP、FCP 到 LCP 衡量加载，从 TTI、FID 到 INP 评估交互，CLS 视觉稳定——三大维度，8 项指标","content":"# 加载阶段指标\n## FP (First Paint)\n\nFP是浏览器首次将任何内容，包括文本、图片、背景色等渲染到屏幕上的时间点\n\nFP触发时刻：渲染树构建完成后，浏览器第一次将像素点提交到屏幕上的时刻\n\n如果 `<body>` 没有任何内容，甚至没有背景色，FP 会一直等待，直到有一个像素需要绘制。如果根元素（`<html>`）设置了背景色，即使 `<body>` 为空，FP 也会在 CSSOM 构建完毕后立即触发\n\n代码测试：\n```javascript\n// 监听 FP\nconst observer = new PerformanceObserver((list) => {\n    for (const entry of list.getEntries()) {\n        if (entry.name === 'first-paint') {\n            console.log('FP 时间:', entry.startTime, 'ms')\n        }\n    }\n})\nobserver.observe({ entryTypes: ['paint'], buffered: true })\n\n// 5秒后插入div\nsetTimeout(() => {\n    const div = document.createElement('div')\n    div.textContent = '我是div'\n    document.body.appendChild(div)\n}, 5000)\n```\nFP的理想值 < 1s，如果超过 1s，优化建议以下：\n- 减少 HTML/CSS 阻塞资源的加载时间\n- 使用内联关键 CSS（Critical CSS）\n- 避免在 `<head>` 中放置大量同步脚本\n\n","status":"DRAFT","publishTime":null,"updatedTime":null,"fileIds":null,"tags":[30,16]}
2026-07-30 23:49:18.213 [http-nio-8081-exec-26] INFO  com.knockfish.service.impl.ArticleServiceImpl - 文章更新成功: articleId=55
2026-07-30 23:49:18.220 [http-nio-8081-exec-26] INFO  com.knockfish.aspect.LogAspect - [更新文章] 请求成功 - 执行时间: 67ms
2026-07-30 23:49:18.242 [http-nio-8081-exec-27] INFO  com.knockfish.security.JwtAuthenticationFilter - === 请求路径: /api/article/draft-count, 方法: GET
2026-07-30 23:49:18.256 [http-nio-8081-exec-27] INFO  com.knockfish.aspect.LogAspect - [获取草稿数量] 请求开始 - GET /api/article/draft-count - ArticleController.getDraftCount - 参数: 无
2026-07-30 23:49:18.258 [http-nio-8081-exec-27] INFO  com.knockfish.aspect.LogAspect - [获取草稿数量] 请求成功 - 执行时间: 2ms
